{
"type": "FeatureCollection",
"name": "lignes_historiques",
"features": [
{ "type": "Feature", "properties": { "ligne": "Ligne 1", "couleur": "#FFCD00", "start_date": "1900-07-19", "end_date": "1900-08-06", "projet": false }, "geometry": { "type": "MultiLineString", "coordinates": [ [ [ 2.408883525, 48.84726571 ], [ 2.395905745, 48.84846575 ] ], [ [ 2.395905745, 48.84846575 ], [ 2.374065908, 48.84470455 ] ], [ [ 2.374065908, 48.84470455 ], [ 2.369077, 48.853082 ] ], [ [ 2.369077, 48.853082 ], [ 2.35149454, 48.85676953 ] ], [ [ 2.35149454, 48.85676953 ], [ 2.335816612, 48.86284682 ] ], [ [ 2.335816612, 48.86284682 ], [ 2.33031418, 48.8644971 ] ], [ [ 2.33031418, 48.8644971 ], [ 2.31395945, 48.86741142 ] ], [ [ 2.31395945, 48.86741142 ], [ 2.30772, 48.869712 ] ], [ [ 2.30772, 48.869712 ], [ 2.287167, 48.877366 ] ] ] } },
{ "type": "Feature", "properties": { "ligne": "Ligne 1", "couleur": "#FFCD00", "start_date": "1900-08-06", "end_date": "1900-08-13", "projet": false }, "geometry": { "type": "MultiLineString", "coordinates": [ [ [ 2.408883525, 48.84726571 ], [ 2.395905745, 48.84846575 ] ], [ [ 2.395905745, 48.84846575 ], [ 2.374065908, 48.84470455 ] ], [ [ 2.374065908, 48.84470455 ], [ 2.369077, 48.853082 ] ], [ [ 2.335816612, 48.86284682 ], [ 2.33031418, 48.8644971 ] ], [ [ 2.33031418, 48.8644971 ], [ 2.31395945, 48.86741142 ] ], [ [ 2.31395945, 48.86741142 ], [ 2.30772, 48.869712 ] ], [ [ 2.30772, 48.869712 ], [ 2.287167, 48.877366 ] ], [ [ 2.360653354, 48.8551436 ], [ 2.369077, 48.853082 ] ], [ [ 2.360653354, 48.8551436 ], [ 2.35149454, 48.85676953 ] ], [ [ 2.347119401, 48.85851952 ], [ 2.35149454, 48.85676953 ] ], [ [ 2.347119401, 48.85851952 ], [ 2.335816612, 48.86284682 ] ] ] } },
{ "type": "Feature", "properties": { "ligne": "Ligne 1", "couleur": "#FFCD00", "start_date": "1900-08-13", "end_date": "1900-08-20", "projet": false }, "geometry": { "type": "MultiLineString", "coordinates": [ [ [ 2.408883525, 48.84726571 ], [ 2.395905745, 48.84846575 ] ], [ [ 2.395905745, 48.84846575 ], [ 2.374065908, 48.84470455 ] ], [ [ 2.374065908, 48.84470455 ], [ 2.369077, 48.853082 ] ], [ [ 2.33031418, 48.8644971 ], [ 2.31395945, 48.86741142 ] ], [ [ 2.31395945, 48.86741142 ], [ 2.30772, 48.869712 ] ], [ [ 2.33031418, 48.8644971 ], [ 2.335816612, 48.86284682 ] ], [ [ 2.360653354, 48.8551436 ], [ 2.369077, 48.853082 ] ], [ [ 2.360653354, 48.8551436 ], [ 2.35149454, 48.85676953 ] ], [ [ 2.347119401, 48.85851952 ], [ 2.35149454, 48.85676953 ] ], [ [ 2.340283, 48.86108 ], [ 2.335816612, 48.86284682 ] ], [ [ 2.340283, 48.86108 ], [ 2.347119401, 48.85851952 ] ], [ [ 2.322397, 48.866176 ], [ 2.33031418, 48.8644971 ] ], [ [ 2.322397, 48.866176 ], [ 2.31395945, 48.86741142 ] ], [ [ 2.300462683, 48.87198257 ], [ 2.287167, 48.877366 ] ], [ [ 2.300462683, 48.87198257 ], [ 2.30772, 48.869712 ] ] ] } },
{ "type": "Feature", "properties": { "ligne": "Ligne 1", "couleur": "#FFCD00", "start_date": "1900-08-20", "end_date": "1900-09-01", "projet": false }, "geometry": { "type": "MultiLineString", "coordinates": [ [ [ 2.408883525, 48.84726571 ], [ 2.395905745, 48.84846575 ] ], [ [ 2.374065908, 48.84470455 ], [ 2.369077, 48.853082 ] ], [ [ 2.33031418, 48.8644971 ], [ 2.31395945, 48.86741142 ] ], [ [ 2.31395945, 48.86741142 ], [ 2.30772, 48.869712 ] ], [ [ 2.33031418, 48.8644971 ], [ 2.335816612, 48.86284682 ] ], [ [ 2.386702, 48.847265 ], [ 2.374065908, 48.84470455 ] ], [ [ 2.386702, 48.847265 ], [ 2.395905745, 48.84846575 ] ], [ [ 2.360653354, 48.8551436 ], [ 2.369077, 48.853082 ] ], [ [ 2.360653354, 48.8551436 ], [ 2.35149454, 48.85676953 ] ], [ [ 2.347119401, 48.85851952 ], [ 2.35149454, 48.85676953 ] ], [ [ 2.340283, 48.86108 ], [ 2.335816612, 48.86284682 ] ], [ [ 2.340283, 48.86108 ], [ 2.347119401, 48.85851952 ] ], [ [ 2.322397, 48.866176 ], [ 2.33031418, 48.8644971 ] ], [ [ 2.322397, 48.866176 ], [ 2.31395945, 48.86741142 ] ], [ [ 2.300462683, 48.87198257 ], [ 2.287167, 48.877366 ] ], [ [ 2.300462683, 48.87198257 ], [ 2.30772, 48.869712 ] ] ] } },
{ "type": "Feature", "properties": { "ligne": "Ligne 1", "couleur": "#FFCD00", "start_date": "1900-09-01", "end_date": "1900-10-02", "projet": false }, "geometry": { "type": "MultiLineString", "coordinates": [ [ [ 2.408883525, 48.84726571 ], [ 2.395905745, 48.84846575 ] ], [ [ 2.374065908, 48.84470455 ], [ 2.369077, 48.853082 ] ], [ [ 2.33031418, 48.8644971 ], [ 2.31395945, 48.86741142 ] ], [ [ 2.31395945, 48.86741142 ], [ 2.30772, 48.869712 ] ], [ [ 2.33031418, 48.8644971 ], [ 2.335816612, 48.86284682 ] ], [ [ 2.386702, 48.847265 ], [ 2.374065908, 48.84470455 ] ], [ [ 2.386702, 48.847265 ], [ 2.395905745, 48.84846575 ] ], [ [ 2.360653354, 48.8551436 ], [ 2.369077, 48.853082 ] ], [ [ 2.360653354, 48.8551436 ], [ 2.35149454, 48.85676953 ] ], [ [ 2.347119401, 48.85851952 ], [ 2.35149454, 48.85676953 ] ], [ [ 2.340283, 48.86108 ], [ 2.335816612, 48.86284682 ] ], [ [ 2.340283, 48.86108 ], [ 2.347119401, 48.85851952 ] ], [ [ 2.322397, 48.866176 ], [ 2.33031418, 48.8644971 ] ], [ [ 2.322397, 48.866176 ], [ 2.31395945, 48.86741142 ] ], [ [ 2.300462683, 48.87198257 ], [ 2.30772, 48.869712 ] ], [ [ 2.295762685, 48.8744076 ], [ 2.300462683, 48.87198257 ] ], [ [ 2.295762685, 48.8744076 ], [ 2.289321664, 48.87553309 ] ], [ [ 2.287167, 48.877366 ], [ 2.289321664, 48.87553309 ] ] ] } },
{ "type": "Feature", "properties": { "ligne": "Ligne 1", "couleur": "#FFCD00", "start_date": "1900-10-02", "end_date": "1903-11-05", "projet": false }, "geometry": { "type": "MultiLineString", "coordinates": [ [ [ 2.408883525, 48.84726571 ], [ 2.395905745, 48.84846575 ] ], [ [ 2.374065908, 48.84470455 ], [ 2.369077, 48.853082 ] ], [ [ 2.33031418, 48.8644971 ], [ 2.31395945, 48.86741142 ] ], [ [ 2.31395945, 48.86741142 ], [ 2.30772, 48.869712 ] ], [ [ 2.33031418, 48.8644971 ], [ 2.335816612, 48.86284682 ] ], [ [ 2.386702, 48.847265 ], [ 2.374065908, 48.84470455 ] ], [ [ 2.386702, 48.847265 ], [ 2.395905745, 48.84846575 ] ], [ [ 2.360653354, 48.8551436 ], [ 2.369077, 48.853082 ] ], [ [ 2.360653354, 48.8551436 ], [ 2.35149454, 48.85676953 ] ], [ [ 2.347119401, 48.85851952 ], [ 2.35149454, 48.85676953 ] ], [ [ 2.340283, 48.86108 ], [ 2.335816612, 48.86284682 ] ], [ [ 2.340283, 48.86108 ], [ 2.347119401, 48.85851952 ] ], [ [ 2.322397, 48.866176 ], [ 2.33031418, 48.8644971 ] ], [ [ 2.322397, 48.866176 ], [ 2.31395945, 48.86741142 ] ], [ [ 2.300462683, 48.87198257 ], [ 2.30772, 48.869712 ] ], [ [ 2.295762685, 48.8744076 ], [ 2.300462683, 48.87198257 ] ], [ [ 2.295762685, 48.8744076 ], [ 2.289321664, 48.87553309 ] ], [ [ 2.287167, 48.877366 ], [ 2.289321664, 48.87553309 ] ], [ [ 2.295762685, 48.8744076 ], [ 2.293118, 48.871138 ] ], [ [ 2.293118, 48.871138 ], [ 2.290391922, 48.86738609 ] ], [ [ 2.290391922, 48.86738609 ], [ 2.287060618, 48.86330141 ] ] ] } },
{ "type": "Feature", "properties": { "ligne": "Ligne 1", "couleur": "#FFCD00", "start_date": "1903-11-05", "end_date": "1934-03-24", "projet": false }, "geometry": { "type": "MultiLineString", "coordinates": [ [ [ 2.408883525, 48.84726571 ], [ 2.395905745, 48.84846575 ] ], [ [ 2.374065908, 48.84470455 ], [ 2.369077, 48.853082 ] ], [ [ 2.33031418, 48.8644971 ], [ 2.31395945, 48.86741142 ] ], [ [ 2.31395945, 48.86741142 ], [ 2.30772, 48.869712 ] ], [ [ 2.33031418, 48.8644971 ], [ 2.335816612, 48.86284682 ] ], [ [ 2.386702, 48.847265 ], [ 2.374065908, 48.84470455 ] ], [ [ 2.386702, 48.847265 ], [ 2.395905745, 48.84846575 ] ], [ [ 2.360653354, 48.8551436 ], [ 2.369077, 48.853082 ] ], [ [ 2.360653354, 48.8551436 ], [ 2.35149454, 48.85676953 ] ], [ [ 2.347119401, 48.85851952 ], [ 2.35149454, 48.85676953 ] ], [ [ 2.340283, 48.86108 ], [ 2.335816612, 48.86284682 ] ], [ [ 2.340283, 48.86108 ], [ 2.347119401, 48.85851952 ] ], [ [ 2.322397, 48.866176 ], [ 2.33031418, 48.8644971 ] ], [ [ 2.322397, 48.866176 ], [ 2.31395945, 48.86741142 ] ], [ [ 2.300462683, 48.87198257 ], [ 2.30772, 48.869712 ] ], [ [ 2.295762685, 48.8744076 ], [ 2.300462683, 48.87198257 ] ], [ [ 2.295762685, 48.8744076 ], [ 2.289321664, 48.87553309 ] ], [ [ 2.287167, 48.877366 ], [ 2.289321664, 48.87553309 ] ] ] } },
{ "type": "Feature", "properties": { "ligne": "Ligne 1", "couleur": "#FFCD00", "start_date": "1934-03-24", "end_date": "1937-04-27", "projet": false }, "geometry": { "type": "MultiLineString", "coordinates": [ [ [ 2.408883525, 48.84726571 ], [ 2.395905745, 48.84846575 ] ], [ [ 2.374065908, 48.84470455 ], [ 2.369077, 48.853082 ] ], [ [ 2.33031418, 48.8644971 ], [ 2.31395945, 48.86741142 ] ], [ [ 2.31395945, 48.86741142 ], [ 2.30772, 48.869712 ] ], [ [ 2.33031418, 48.8644971 ], [ 2.335816612, 48.86284682 ] ], [ [ 2.386702, 48.847265 ], [ 2.374065908, 48.84470455 ] ], [ [ 2.386702, 48.847265 ], [ 2.395905745, 48.84846575 ] ], [ [ 2.360653354, 48.8551436 ], [ 2.369077, 48.853082 ] ], [ [ 2.360653354, 48.8551436 ], [ 2.35149454, 48.85676953 ] ], [ [ 2.347119401, 48.85851952 ], [ 2.35149454, 48.85676953 ] ], [ [ 2.340283, 48.86108 ], [ 2.335816612, 48.86284682 ] ], [ [ 2.340283, 48.86108 ], [ 2.347119401, 48.85851952 ] ], [ [ 2.322397, 48.866176 ], [ 2.33031418, 48.8644971 ] ], [ [ 2.322397, 48.866176 ], [ 2.31395945, 48.86741142 ] ], [ [ 2.300462683, 48.87198257 ], [ 2.30772, 48.869712 ] ], [ [ 2.295762685, 48.8744076 ], [ 2.300462683, 48.87198257 ] ], [ [ 2.295762685, 48.8744076 ], [ 2.289321664, 48.87553309 ] ], [ [ 2.287167, 48.877366 ], [ 2.289321664, 48.87553309 ] ], [ [ 2.418673101, 48.84629776 ], [ 2.408883525, 48.84726571 ] ], [ [ 2.418673101, 48.84629776 ], [ 2.429238498, 48.84533424 ] ], [ [ 2.429238498, 48.84533424 ], [ 2.439509705, 48.84453631 ] ] ] } },
{ "type": "Feature", "properties": { "ligne": "Ligne 1", "couleur": "#FFCD00", "start_date": "1937-04-27", "end_date": "1937-04-29", "projet": false }, "geometry": { "type": "MultiLineString", "coordinates": [ [ [ 2.408883525, 48.84726571 ], [ 2.395905745, 48.84846575 ] ], [ [ 2.374065908, 48.84470455 ], [ 2.369077, 48.853082 ] ], [ [ 2.33031418, 48.8644971 ], [ 2.31395945, 48.86741142 ] ], [ [ 2.31395945, 48.86741142 ], [ 2.30772, 48.869712 ] ], [ [ 2.33031418, 48.8644971 ], [ 2.335816612, 48.86284682 ] ], [ [ 2.386702, 48.847265 ], [ 2.374065908, 48.84470455 ] ], [ [ 2.386702, 48.847265 ], [ 2.395905745, 48.84846575 ] ], [ [ 2.360653354, 48.8551436 ], [ 2.369077, 48.853082 ] ], [ [ 2.360653354, 48.8551436 ], [ 2.35149454, 48.85676953 ] ], [ [ 2.347119401, 48.85851952 ], [ 2.35149454, 48.85676953 ] ], [ [ 2.340283, 48.86108 ], [ 2.335816612, 48.86284682 ] ], [ [ 2.340283, 48.86108 ], [ 2.347119401, 48.85851952 ] ], [ [ 2.322397, 48.866176 ], [ 2.33031418, 48.8644971 ] ], [ [ 2.322397, 48.866176 ], [ 2.31395945, 48.86741142 ] ], [ [ 2.300462683, 48.87198257 ], [ 2.30772, 48.869712 ] ], [ [ 2.295762685, 48.8744076 ], [ 2.300462683, 48.87198257 ] ], [ [ 2.295762685, 48.8744076 ], [ 2.289321664, 48.87553309 ] ], [ [ 2.281836173, 48.8779645 ], [ 2.289321664, 48.87553309 ] ], [ [ 2.418673101, 48.84629776 ], [ 2.408883525, 48.84726571 ] ], [ [ 2.418673101, 48.84629776 ], [ 2.429238498, 48.84533424 ] ], [ [ 2.429238498, 48.84533424 ], [ 2.439509705, 48.84453631 ] ] ] } },
{ "type": "Feature", "properties": { "ligne": "Ligne 1", "couleur": "#FFCD00", "start_date": "1937-04-29", "end_date": "1992-04-01", "projet": false }, "geometry": { "type": "MultiLineString", "coordinates": [ [ [ 2.408883525, 48.84726571 ], [ 2.395905745, 48.84846575 ] ], [ [ 2.374065908, 48.84470455 ], [ 2.369077, 48.853082 ] ], [ [ 2.33031418, 48.8644971 ], [ 2.31395945, 48.86741142 ] ], [ [ 2.31395945, 48.86741142 ], [ 2.30772, 48.869712 ] ], [ [ 2.33031418, 48.8644971 ], [ 2.335816612, 48.86284682 ] ], [ [ 2.386702, 48.847265 ], [ 2.374065908, 48.84470455 ] ], [ [ 2.386702, 48.847265 ], [ 2.395905745, 48.84846575 ] ], [ [ 2.360653354, 48.8551436 ], [ 2.369077, 48.853082 ] ], [ [ 2.360653354, 48.8551436 ], [ 2.35149454, 48.85676953 ] ], [ [ 2.347119401, 48.85851952 ], [ 2.35149454, 48.85676953 ] ], [ [ 2.340283, 48.86108 ], [ 2.335816612, 48.86284682 ] ], [ [ 2.340283, 48.86108 ], [ 2.347119401, 48.85851952 ] ], [ [ 2.322397, 48.866176 ], [ 2.33031418, 48.8644971 ] ], [ [ 2.322397, 48.866176 ], [ 2.31395945, 48.86741142 ] ], [ [ 2.300462683, 48.87198257 ], [ 2.30772, 48.869712 ] ], [ [ 2.295762685, 48.8744076 ], [ 2.300462683, 48.87198257 ] ], [ [ 2.295762685, 48.8744076 ], [ 2.289321664, 48.87553309 ] ], [ [ 2.281836173, 48.8779645 ], [ 2.289321664, 48.87553309 ] ], [ [ 2.272539085, 48.8809018 ], [ 2.281836173, 48.8779645 ] ], [ [ 2.272539085, 48.8809018 ], [ 2.259891725, 48.88450938 ] ], [ [ 2.418673101, 48.84629776 ], [ 2.408883525, 48.84726571 ] ], [ [ 2.418673101, 48.84629776 ], [ 2.429238498, 48.84533424 ] ], [ [ 2.429238498, 48.84533424 ], [ 2.439509705, 48.84453631 ] ] ] } },
{ "type": "Feature", "properties": { "ligne": "Ligne 1", "couleur": "#FFCD00", "start_date": "1992-04-01", "end_date": "2028-12-02", "projet": false }, "geometry": { "type": "MultiLineString", "coordinates": [ [ [ 2.408883525, 48.84726571 ], [ 2.395905745, 48.84846575 ] ], [ [ 2.374065908, 48.84470455 ], [ 2.369077, 48.853082 ] ], [ [ 2.33031418, 48.8644971 ], [ 2.31395945, 48.86741142 ] ], [ [ 2.31395945, 48.86741142 ], [ 2.30772, 48.869712 ] ], [ [ 2.33031418, 48.8644971 ], [ 2.335816612, 48.86284682 ] ], [ [ 2.386702, 48.847265 ], [ 2.374065908, 48.84470455 ] ], [ [ 2.386702, 48.847265 ], [ 2.395905745, 48.84846575 ] ], [ [ 2.360653354, 48.8551436 ], [ 2.369077, 48.853082 ] ], [ [ 2.360653354, 48.8551436 ], [ 2.35149454, 48.85676953 ] ], [ [ 2.347119401, 48.85851952 ], [ 2.35149454, 48.85676953 ] ], [ [ 2.340283, 48.86108 ], [ 2.335816612, 48.86284682 ] ], [ [ 2.340283, 48.86108 ], [ 2.347119401, 48.85851952 ] ], [ [ 2.322397, 48.866176 ], [ 2.33031418, 48.8644971 ] ], [ [ 2.322397, 48.866176 ], [ 2.31395945, 48.86741142 ] ], [ [ 2.300462683, 48.87198257 ], [ 2.30772, 48.869712 ] ], [ [ 2.295762685, 48.8744076 ], [ 2.300462683, 48.87198257 ] ], [ [ 2.295762685, 48.8744076 ], [ 2.289321664, 48.87553309 ] ], [ [ 2.281836173, 48.8779645 ], [ 2.289321664, 48.87553309 ] ], [ [ 2.272539085, 48.8809018 ], [ 2.281836173, 48.8779645 ] ], [ [ 2.272539085, 48.8809018 ], [ 2.259891725, 48.88450938 ] ], [ [ 2.250442325, 48.88784312 ], [ 2.259891725, 48.88450938 ] ], [ [ 2.250442325, 48.88784312 ], [ 2.237882798, 48.89193447 ] ], [ [ 2.418673101, 48.84629776 ], [ 2.408883525, 48.84726571 ] ], [ [ 2.418673101, 48.84629776 ], [ 2.429238498, 48.84533424 ] ], [ [ 2.429238498, 48.84533424 ], [ 2.439509705, 48.84453631 ] ] ] } },
{ "type": "Feature", "properties": { "ligne": "Ligne 2", "couleur": "#003CA6", "start_date": "1900-12-13", "end_date": "1902-10-07", "projet": false }, "geometry": { "type": "MultiLineString", "coordinates": [ [ [ 2.276768, 48.871545 ], [ 2.285477, 48.872605 ] ], [ [ 2.285477, 48.872605 ], [ 2.295762685, 48.8744076 ] ] ] } },
{ "type": "Feature", "properties": { "ligne": "Ligne 2", "couleur": "#003CA6", "start_date": "1902-10-07", "end_date": "1902-10-21", "projet": false }, "geometry": { "type": "MultiLineString", "coordinates": [ [ [ 2.276768, 48.871545 ], [ 2.285477, 48.872605 ] ], [ [ 2.285477, 48.872605 ], [ 2.295762685, 48.8744076 ] ], [ [ 2.295762685, 48.8744076 ], [ 2.298671, 48.878178 ] ], [ [ 2.298671, 48.878178 ], [ 2.304339, 48.879401 ] ], [ [ 2.304339, 48.879401 ], [ 2.308603, 48.880319 ] ], [ [ 2.308603, 48.880319 ], [ 2.337573, 48.882255 ] ], [ [ 2.337573, 48.882255 ], [ 2.344848812, 48.88300713 ] ] ] } },
{ "type": "Feature", "properties": { "ligne": "Ligne 2", "couleur": "#003CA6", "start_date": "1902-10-21", "end_date": "1902-10-26", "projet": false }, "geometry": { "type": "MultiLineString", "coordinates": [ [ [ 2.276768, 48.871545 ], [ 2.285477, 48.872605 ] ], [ [ 2.285477, 48.872605 ], [ 2.295762685, 48.8744076 ] ], [ [ 2.295762685, 48.8744076 ], [ 2.298671, 48.878178 ] ], [ [ 2.298671, 48.878178 ], [ 2.304339, 48.879401 ] ], [ [ 2.304339, 48.879401 ], [ 2.308603, 48.880319 ] ], [ [ 2.337573, 48.882255 ], [ 2.344848812, 48.88300713 ] ], [ [ 2.333703, 48.883459 ], [ 2.337573, 48.882255 ] ], [ [ 2.333703, 48.883459 ], [ 2.308603, 48.880319 ] ] ] } },
{ "type": "Feature", "properties": { "ligne": "Ligne 2", "couleur": "#003CA6", "start_date": "1902-10-26", "end_date": "1902-11-06", "projet": false }, "geometry": { "type": "MultiLineString", "coordinates": [ [ [ 2.276768, 48.871545 ], [ 2.285477, 48.872605 ] ], [ [ 2.285477, 48.872605 ], [ 2.295762685, 48.8744076 ] ], [ [ 2.295762685, 48.8744076 ], [ 2.298671, 48.878178 ] ], [ [ 2.298671, 48.878178 ], [ 2.304339, 48.879401 ] ], [ [ 2.304339, 48.879401 ], [ 2.308603, 48.880319 ] ], [ [ 2.337573, 48.882255 ], [ 2.344848812, 48.88300713 ] ], [ [ 2.333703, 48.883459 ], [ 2.337573, 48.882255 ] ], [ [ 2.327625, 48.883809 ], [ 2.333703, 48.883459 ] ], [ [ 2.327625, 48.883809 ], [ 2.308603, 48.880319 ] ] ] } },
{ "type": "Feature", "properties": { "ligne": "Ligne 2", "couleur": "#003CA6", "start_date": "1902-11-06", "end_date": "1903-01-21", "projet": false }, "geometry": { "type": "MultiLineString", "coordinates": [ [ [ 2.276768, 48.871545 ], [ 2.285477, 48.872605 ] ], [ [ 2.285477, 48.872605 ], [ 2.295762685, 48.8744076 ] ], [ [ 2.295762685, 48.8744076 ], [ 2.298671, 48.878178 ] ], [ [ 2.298671, 48.878178 ], [ 2.304339, 48.879401 ] ], [ [ 2.304339, 48.879401 ], [ 2.308603, 48.880319 ] ], [ [ 2.337573, 48.882255 ], [ 2.344848812, 48.88300713 ] ], [ [ 2.333703, 48.883459 ], [ 2.337573, 48.882255 ] ], [ [ 2.327625, 48.883809 ], [ 2.333703, 48.883459 ] ], [ [ 2.322052, 48.882425 ], [ 2.327625, 48.883809 ] ], [ [ 2.322052, 48.882425 ], [ 2.308603, 48.880319 ] ] ] } },
{ "type": "Feature", "properties": { "ligne": "Ligne 2", "couleur": "#003CA6", "start_date": "1903-01-21", "end_date": "1903-01-31", "projet": false }, "geometry": { "type": "MultiLineString", "coordinates": [ [ [ 2.276768, 48.871545 ], [ 2.285477, 48.872605 ] ], [ [ 2.285477, 48.872605 ], [ 2.295762685, 48.8744076 ] ], [ [ 2.295762685, 48.8744076 ], [ 2.298671, 48.878178 ] ], [ [ 2.298671, 48.878178 ], [ 2.304339, 48.879401 ] ], [ [ 2.304339, 48.879401 ], [ 2.308603, 48.880319 ] ], [ [ 2.337573, 48.882255 ], [ 2.344848812, 48.88300713 ] ], [ [ 2.333703, 48.883459 ], [ 2.337573, 48.882255 ] ], [ [ 2.327625, 48.883809 ], [ 2.333703, 48.883459 ] ], [ [ 2.322052, 48.882425 ], [ 2.327625, 48.883809 ] ], [ [ 2.322052, 48.882425 ], [ 2.308603, 48.880319 ] ], [ [ 2.314867079, 48.88113039 ], [ 2.322052, 48.882425 ] ], [ [ 2.314867079, 48.88113039 ], [ 2.308603, 48.880319 ] ] ] } },
{ "type": "Feature", "properties": { "ligne": "Ligne 2", "couleur": "#003CA6", "start_date": "1903-01-31", "end_date": "1903-02-23", "projet": false }, "geometry": { "type": "MultiLineString", "coordinates": [ [ [ 2.276768, 48.871545 ], [ 2.285477, 48.872605 ] ], [ [ 2.285477, 48.872605 ], [ 2.295762685, 48.8744076 ] ], [ [ 2.295762685, 48.8744076 ], [ 2.298671, 48.878178 ] ], [ [ 2.298671, 48.878178 ], [ 2.304339, 48.879401 ] ], [ [ 2.304339, 48.879401 ], [ 2.308603, 48.880319 ] ], [ [ 2.337573, 48.882255 ], [ 2.344848812, 48.88300713 ] ], [ [ 2.333703, 48.883459 ], [ 2.337573, 48.882255 ] ], [ [ 2.327625, 48.883809 ], [ 2.333703, 48.883459 ] ], [ [ 2.322052, 48.882425 ], [ 2.327625, 48.883809 ] ], [ [ 2.322052, 48.882425 ], [ 2.308603, 48.880319 ] ], [ [ 2.314867079, 48.88113039 ], [ 2.322052, 48.882425 ] ], [ [ 2.314867079, 48.88113039 ], [ 2.308603, 48.880319 ] ], [ [ 2.350516, 48.88364 ], [ 2.344848812, 48.88300713 ] ], [ [ 2.350516, 48.88364 ], [ 2.360287607, 48.88441111 ] ], [ [ 2.365823686, 48.88426295 ], [ 2.360287607, 48.88441111 ] ], [ [ 2.37116, 48.877136 ], [ 2.365823686, 48.88426295 ] ], [ [ 2.376946807, 48.87208261 ], [ 2.37116, 48.877136 ] ], [ [ 2.379861, 48.869521 ], [ 2.376946807, 48.87208261 ] ], [ [ 2.383618, 48.866248 ], [ 2.379861, 48.869521 ] ], [ [ 2.383618, 48.866248 ], [ 2.390938, 48.858021 ] ], [ [ 2.390938, 48.858021 ], [ 2.394989816, 48.85617445 ] ] ] } },
{ "type": "Feature", "properties": { "ligne": "Ligne 2", "couleur": "#003CA6", "start_date": "1903-02-23", "end_date": "1903-02-25", "projet": false }, "geometry": { "type": "MultiLineString", "coordinates": [ [ [ 2.276768, 48.871545 ], [ 2.285477, 48.872605 ] ], [ [ 2.285477, 48.872605 ], [ 2.295762685, 48.8744076 ] ], [ [ 2.295762685, 48.8744076 ], [ 2.298671, 48.878178 ] ], [ [ 2.298671, 48.878178 ], [ 2.304339, 48.879401 ] ], [ [ 2.304339, 48.879401 ], [ 2.308603, 48.880319 ] ], [ [ 2.337573, 48.882255 ], [ 2.344848812, 48.88300713 ] ], [ [ 2.333703, 48.883459 ], [ 2.337573, 48.882255 ] ], [ [ 2.327625, 48.883809 ], [ 2.333703, 48.883459 ] ], [ [ 2.322052, 48.882425 ], [ 2.327625, 48.883809 ] ], [ [ 2.322052, 48.882425 ], [ 2.308603, 48.880319 ] ], [ [ 2.314867079, 48.88113039 ], [ 2.322052, 48.882425 ] ], [ [ 2.314867079, 48.88113039 ], [ 2.308603, 48.880319 ] ], [ [ 2.350516, 48.88364 ], [ 2.344848812, 48.88300713 ] ], [ [ 2.350516, 48.88364 ], [ 2.360287607, 48.88441111 ] ], [ [ 2.365823686, 48.88426295 ], [ 2.360287607, 48.88441111 ] ], [ [ 2.376946807, 48.87208261 ], [ 2.37116, 48.877136 ] ], [ [ 2.379861, 48.869521 ], [ 2.376946807, 48.87208261 ] ], [ [ 2.383618, 48.866248 ], [ 2.379861, 48.869521 ] ], [ [ 2.383618, 48.866248 ], [ 2.390938, 48.858021 ] ], [ [ 2.390938, 48.858021 ], [ 2.394989816, 48.85617445 ] ], [ [ 2.370198369, 48.88179008 ], [ 2.365823686, 48.88426295 ] ], [ [ 2.370198369, 48.88179008 ], [ 2.37116, 48.877136 ] ] ] } },
{ "type": "Feature", "properties": { "ligne": "Ligne 2", "couleur": "#003CA6", "start_date": "1903-02-25", "end_date": "1903-04-02", "projet": false }, "geometry": { "type": "MultiLineString", "coordinates": [ [ [ 2.276768, 48.871545 ], [ 2.285477, 48.872605 ] ], [ [ 2.285477, 48.872605 ], [ 2.295762685, 48.8744076 ] ], [ [ 2.295762685, 48.8744076 ], [ 2.298671, 48.878178 ] ], [ [ 2.298671, 48.878178 ], [ 2.304339, 48.879401 ] ], [ [ 2.304339, 48.879401 ], [ 2.308603, 48.880319 ] ], [ [ 2.337573, 48.882255 ], [ 2.344848812, 48.88300713 ] ], [ [ 2.333703, 48.883459 ], [ 2.337573, 48.882255 ] ], [ [ 2.327625, 48.883809 ], [ 2.333703, 48.883459 ] ], [ [ 2.322052, 48.882425 ], [ 2.327625, 48.883809 ] ], [ [ 2.322052, 48.882425 ], [ 2.308603, 48.880319 ] ], [ [ 2.314867079, 48.88113039 ], [ 2.322052, 48.882425 ] ], [ [ 2.314867079, 48.88113039 ], [ 2.308603, 48.880319 ] ], [ [ 2.350516, 48.88364 ], [ 2.344848812, 48.88300713 ] ], [ [ 2.350516, 48.88364 ], [ 2.360287607, 48.88441111 ] ], [ [ 2.365823686, 48.88426295 ], [ 2.360287607, 48.88441111 ] ], [ [ 2.376946807, 48.87208261 ], [ 2.37116, 48.877136 ] ], [ [ 2.379861, 48.869521 ], [ 2.376946807, 48.87208261 ] ], [ [ 2.383618, 48.866248 ], [ 2.379861, 48.869521 ] ], [ [ 2.390938, 48.858021 ], [ 2.394989816, 48.85617445 ] ], [ [ 2.370198369, 48.88179008 ], [ 2.365823686, 48.88426295 ] ], [ [ 2.370198369, 48.88179008 ], [ 2.37116, 48.877136 ] ], [ [ 2.387388, 48.862921 ], [ 2.383618, 48.866248 ] ], [ [ 2.387388, 48.862921 ], [ 2.390938, 48.858021 ] ] ] } },
{ "type": "Feature", "properties": { "ligne": "Ligne 2", "couleur": "#003CA6", "start_date": "1903-04-02", "end_date": "1931-01-01", "projet": false }, "geometry": { "type": "MultiLineString", "coordinates": [ [ [ 2.276768, 48.871545 ], [ 2.285477, 48.872605 ] ], [ [ 2.285477, 48.872605 ], [ 2.295762685, 48.8744076 ] ], [ [ 2.295762685, 48.8744076 ], [ 2.298671, 48.878178 ] ], [ [ 2.298671, 48.878178 ], [ 2.304339, 48.879401 ] ], [ [ 2.304339, 48.879401 ], [ 2.308603, 48.880319 ] ], [ [ 2.337573, 48.882255 ], [ 2.344848812, 48.88300713 ] ], [ [ 2.333703, 48.883459 ], [ 2.337573, 48.882255 ] ], [ [ 2.327625, 48.883809 ], [ 2.333703, 48.883459 ] ], [ [ 2.322052, 48.882425 ], [ 2.327625, 48.883809 ] ], [ [ 2.322052, 48.882425 ], [ 2.308603, 48.880319 ] ], [ [ 2.314867079, 48.88113039 ], [ 2.322052, 48.882425 ] ], [ [ 2.314867079, 48.88113039 ], [ 2.308603, 48.880319 ] ], [ [ 2.350516, 48.88364 ], [ 2.344848812, 48.88300713 ] ], [ [ 2.350516, 48.88364 ], [ 2.360287607, 48.88441111 ] ], [ [ 2.365823686, 48.88426295 ], [ 2.360287607, 48.88441111 ] ], [ [ 2.376946807, 48.87208261 ], [ 2.37116, 48.877136 ] ], [ [ 2.379861, 48.869521 ], [ 2.376946807, 48.87208261 ] ], [ [ 2.383618, 48.866248 ], [ 2.379861, 48.869521 ] ], [ [ 2.390938, 48.858021 ], [ 2.394989816, 48.85617445 ] ], [ [ 2.370198369, 48.88179008 ], [ 2.365823686, 48.88426295 ] ], [ [ 2.370198369, 48.88179008 ], [ 2.37116, 48.877136 ] ], [ [ 2.387388, 48.862921 ], [ 2.383618, 48.866248 ] ], [ [ 2.387388, 48.862921 ], [ 2.390938, 48.858021 ] ], [ [ 2.394989816, 48.85617445 ], [ 2.397862673, 48.85194019 ] ], [ [ 2.397862673, 48.85194019 ], [ 2.395905745, 48.84846575 ] ] ] } },
{ "type": "Feature", "properties": { "ligne": "Ligne 2", "couleur": "#003CA6", "start_date": "1931-01-01", "end_date": "2028-12-02", "projet": false }, "geometry": { "type": "MultiLineString", "coordinates": [ [ [ 2.276768, 48.871545 ], [ 2.285199, 48.869817 ] ], [ [ 2.285199, 48.869817 ], [ 2.295762685, 48.8744076 ] ], [ [ 2.295762685, 48.8744076 ], [ 2.298671, 48.878178 ] ], [ [ 2.298671, 48.878178 ], [ 2.304339, 48.879401 ] ], [ [ 2.304339, 48.879401 ], [ 2.308603, 48.880319 ] ], [ [ 2.337573, 48.882255 ], [ 2.344848812, 48.88300713 ] ], [ [ 2.333703, 48.883459 ], [ 2.337573, 48.882255 ] ], [ [ 2.327625, 48.883809 ], [ 2.333703, 48.883459 ] ], [ [ 2.322052, 48.882425 ], [ 2.327625, 48.883809 ] ], [ [ 2.322052, 48.882425 ], [ 2.308603, 48.880319 ] ], [ [ 2.314867079, 48.88113039 ], [ 2.322052, 48.882425 ] ], [ [ 2.314867079, 48.88113039 ], [ 2.308603, 48.880319 ] ], [ [ 2.350516, 48.88364 ], [ 2.344848812, 48.88300713 ] ], [ [ 2.350516, 48.88364 ], [ 2.360287607, 48.88441111 ] ], [ [ 2.365823686, 48.88426295 ], [ 2.360287607, 48.88441111 ] ], [ [ 2.376946807, 48.87208261 ], [ 2.37116, 48.877136 ] ], [ [ 2.379861, 48.869521 ], [ 2.376946807, 48.87208261 ] ], [ [ 2.383618, 48.866248 ], [ 2.379861, 48.869521 ] ], [ [ 2.390938, 48.858021 ], [ 2.394989816, 48.85617445 ] ], [ [ 2.370198369, 48.88179008 ], [ 2.365823686, 48.88426295 ] ], [ [ 2.370198369, 48.88179008 ], [ 2.37116, 48.877136 ] ], [ [ 2.387388, 48.862921 ], [ 2.383618, 48.866248 ] ], [ [ 2.387388, 48.862921 ], [ 2.390938, 48.858021 ] ], [ [ 2.394989816, 48.85617445 ], [ 2.397862673, 48.85194019 ] ], [ [ 2.397862673, 48.85194019 ], [ 2.395905745, 48.84846575 ] ] ] } },
{ "type": "Feature", "properties": { "ligne": "Ligne 2 Sud", "couleur": "#ab1f07", "start_date": "1903-11-05", "end_date": "1906-04-24", "projet": false }, "geometry": { "type": "MultiLineString", "coordinates": [ [ [ 2.295762685, 48.8744076 ], [ 2.293118, 48.871138 ] ], [ [ 2.293118, 48.871138 ], [ 2.290391922, 48.86738609 ] ], [ [ 2.290391922, 48.86738609 ], [ 2.287060618, 48.86330141 ] ] ] } },
{ "type": "Feature", "properties": { "ligne": "Ligne 2 Sud", "couleur": "#ab1f07", "start_date": "1906-04-24", "end_date": "1907-10-17", "projet": false }, "geometry": { "type": "MultiLineString", "coordinates": [ [ [ 2.295762685, 48.8744076 ], [ 2.293118, 48.871138 ] ], [ [ 2.293118, 48.871138 ], [ 2.290391922, 48.86738609 ] ], [ [ 2.290391922, 48.86738609 ], [ 2.287060618, 48.86330141 ] ], [ [ 2.287060618, 48.86330141 ], [ 2.285779, 48.857445 ] ], [ [ 2.285779, 48.857445 ], [ 2.289332, 48.853917 ] ], [ [ 2.289332, 48.853917 ], [ 2.293610573, 48.85039234 ] ], [ [ 2.293610573, 48.85039234 ], [ 2.298089862, 48.84914273 ] ], [ [ 2.298089862, 48.84914273 ], [ 2.302936614, 48.84753654 ] ], [ [ 2.302936614, 48.84753654 ], [ 2.309475839, 48.84563376 ] ], [ [ 2.309475839, 48.84563376 ], [ 2.312681079, 48.84283594 ] ], [ [ 2.312681079, 48.84283594 ], [ 2.321668, 48.84202 ] ], [ [ 2.321668, 48.84202 ], [ 2.325083613, 48.84104773 ] ], [ [ 2.325083613, 48.84104773 ], [ 2.330606282, 48.83919413 ] ], [ [ 2.330606282, 48.83919413 ], [ 2.332727909, 48.8339013 ] ], [ [ 2.332727909, 48.8339013 ], [ 2.337081134, 48.83291258 ] ], [ [ 2.337081134, 48.83291258 ], [ 2.343384326, 48.8311505 ] ], [ [ 2.343384326, 48.8311505 ], [ 2.350508273, 48.82980683 ] ], [ [ 2.350508273, 48.82980683 ], [ 2.355692, 48.831483 ] ] ] } },
{ "type": "Feature", "properties": { "ligne": "Ligne 3", "couleur": "#837902", "start_date": "1904-10-19", "end_date": "1904-11-03", "projet": false }, "geometry": { "type": "MultiLineString", "coordinates": [ [ [ 2.314867079, 48.88113039 ], [ 2.32238, 48.878821 ] ], [ [ 2.32238, 48.878821 ], [ 2.326185659, 48.87557787 ] ], [ [ 2.326185659, 48.87557787 ], [ 2.328325, 48.873608 ] ], [ [ 2.328325, 48.873608 ], [ 2.3323524, 48.87063595 ] ], [ [ 2.3323524, 48.87063595 ], [ 2.341369987, 48.86873757 ] ], [ [ 2.341369987, 48.86873757 ], [ 2.3561, 48.8655 ] ], [ [ 2.3561, 48.8655 ], [ 2.360595, 48.866488 ] ], [ [ 2.360595, 48.866488 ], [ 2.363811, 48.867503 ] ], [ [ 2.363811, 48.867503 ], [ 2.374381, 48.865299 ] ], [ [ 2.374381, 48.865299 ], [ 2.379448, 48.864335 ] ], [ [ 2.379448, 48.864335 ], [ 2.387388, 48.862921 ] ] ] } },
{ "type": "Feature", "properties": { "ligne": "Ligne 3", "couleur": "#837902", "start_date": "1904-11-03", "end_date": "1904-11-19", "projet": false }, "geometry": { "type": "MultiLineString", "coordinates": [ [ [ 2.314867079, 48.88113039 ], [ 2.32238, 48.878821 ] ], [ [ 2.32238, 48.878821 ], [ 2.326185659, 48.87557787 ] ], [ [ 2.326185659, 48.87557787 ], [ 2.328325, 48.873608 ] ], [ [ 2.328325, 48.873608 ], [ 2.3323524, 48.87063595 ] ], [ [ 2.341369987, 48.86873757 ], [ 2.3561, 48.8655 ] ], [ [ 2.3561, 48.8655 ], [ 2.360595, 48.866488 ] ], [ [ 2.360595, 48.866488 ], [ 2.363811, 48.867503 ] ], [ [ 2.363811, 48.867503 ], [ 2.374381, 48.865299 ] ], [ [ 2.374381, 48.865299 ], [ 2.379448, 48.864335 ] ], [ [ 2.379448, 48.864335 ], [ 2.387388, 48.862921 ] ], [ [ 2.336633, 48.869574 ], [ 2.341369987, 48.86873757 ] ], [ [ 2.336633, 48.869574 ], [ 2.3323524, 48.87063595 ] ] ] } },
{ "type": "Feature", "properties": { "ligne": "Ligne 3", "couleur": "#837902", "start_date": "1904-11-19", "end_date": "1904-11-20", "projet": false }, "geometry": { "type": "MultiLineString", "coordinates": [ [ [ 2.314867079, 48.88113039 ], [ 2.32238, 48.878821 ] ], [ [ 2.32238, 48.878821 ], [ 2.326185659, 48.87557787 ] ], [ [ 2.326185659, 48.87557787 ], [ 2.328325, 48.873608 ] ], [ [ 2.328325, 48.873608 ], [ 2.3323524, 48.87063595 ] ], [ [ 2.3561, 48.8655 ], [ 2.360595, 48.866488 ] ], [ [ 2.360595, 48.866488 ], [ 2.363811, 48.867503 ] ], [ [ 2.363811, 48.867503 ], [ 2.374381, 48.865299 ] ], [ [ 2.374381, 48.865299 ], [ 2.379448, 48.864335 ] ], [ [ 2.379448, 48.864335 ], [ 2.387388, 48.862921 ] ], [ [ 2.336633, 48.869574 ], [ 2.341369987, 48.86873757 ] ], [ [ 2.336633, 48.869574 ], [ 2.3323524, 48.87063595 ] ], [ [ 2.352388501, 48.86624629 ], [ 2.3561, 48.8655 ] ], [ [ 2.352388501, 48.86624629 ], [ 2.341369987, 48.86873757 ] ] ] } },
{ "type": "Feature", "properties": { "ligne": "Ligne 3", "couleur": "#837902", "start_date": "1904-11-20", "end_date": "1905-01-25", "projet": false }, "geometry": { "type": "MultiLineString", "coordinates": [ [ [ 2.314867079, 48.88113039 ], [ 2.32238, 48.878821 ] ], [ [ 2.32238, 48.878821 ], [ 2.326185659, 48.87557787 ] ], [ [ 2.326185659, 48.87557787 ], [ 2.328325, 48.873608 ] ], [ [ 2.328325, 48.873608 ], [ 2.3323524, 48.87063595 ] ], [ [ 2.3561, 48.8655 ], [ 2.360595, 48.866488 ] ], [ [ 2.360595, 48.866488 ], [ 2.363811, 48.867503 ] ], [ [ 2.363811, 48.867503 ], [ 2.374381, 48.865299 ] ], [ [ 2.374381, 48.865299 ], [ 2.379448, 48.864335 ] ], [ [ 2.379448, 48.864335 ], [ 2.387388, 48.862921 ] ], [ [ 2.336633, 48.869574 ], [ 2.341369987, 48.86873757 ] ], [ [ 2.336633, 48.869574 ], [ 2.3323524, 48.87063595 ] ], [ [ 2.352388501, 48.86624629 ], [ 2.3561, 48.8655 ] ], [ [ 2.346387, 48.867569 ], [ 2.352388501, 48.86624629 ] ], [ [ 2.346387, 48.867569 ], [ 2.341369987, 48.86873757 ] ] ] } },
{ "type": "Feature", "properties": { "ligne": "Ligne 3", "couleur": "#837902", "start_date": "1905-01-25", "end_date": "1910-05-23", "projet": false }, "geometry": { "type": "MultiLineString", "coordinates": [ [ [ 2.314867079, 48.88113039 ], [ 2.32238, 48.878821 ] ], [ [ 2.32238, 48.878821 ], [ 2.326185659, 48.87557787 ] ], [ [ 2.326185659, 48.87557787 ], [ 2.328325, 48.873608 ] ], [ [ 2.328325, 48.873608 ], [ 2.3323524, 48.87063595 ] ], [ [ 2.3561, 48.8655 ], [ 2.360595, 48.866488 ] ], [ [ 2.360595, 48.866488 ], [ 2.363811, 48.867503 ] ], [ [ 2.363811, 48.867503 ], [ 2.374381, 48.865299 ] ], [ [ 2.374381, 48.865299 ], [ 2.379448, 48.864335 ] ], [ [ 2.379448, 48.864335 ], [ 2.387388, 48.862921 ] ], [ [ 2.336633, 48.869574 ], [ 2.341369987, 48.86873757 ] ], [ [ 2.336633, 48.869574 ], [ 2.3323524, 48.87063595 ] ], [ [ 2.352388501, 48.86624629 ], [ 2.3561, 48.8655 ] ], [ [ 2.346387, 48.867569 ], [ 2.352388501, 48.86624629 ] ], [ [ 2.346387, 48.867569 ], [ 2.341369987, 48.86873757 ] ], [ [ 2.398120165, 48.86489827 ], [ 2.387388, 48.862921 ] ], [ [ 2.398120165, 48.86489827 ], [ 2.398451, 48.864947 ] ] ] } },
{ "type": "Feature", "properties": { "ligne": "Ligne 3", "couleur": "#837902", "start_date": "1910-05-23", "end_date": "1911-02-11", "projet": false }, "geometry": { "type": "MultiLineString", "coordinates": [ [ [ 2.314867079, 48.88113039 ], [ 2.32238, 48.878821 ] ], [ [ 2.32238, 48.878821 ], [ 2.326185659, 48.87557787 ] ], [ [ 2.326185659, 48.87557787 ], [ 2.328325, 48.873608 ] ], [ [ 2.328325, 48.873608 ], [ 2.3323524, 48.87063595 ] ], [ [ 2.3561, 48.8655 ], [ 2.360595, 48.866488 ] ], [ [ 2.360595, 48.866488 ], [ 2.363811, 48.867503 ] ], [ [ 2.363811, 48.867503 ], [ 2.374381, 48.865299 ] ], [ [ 2.374381, 48.865299 ], [ 2.379448, 48.864335 ] ], [ [ 2.379448, 48.864335 ], [ 2.387388, 48.862921 ] ], [ [ 2.336633, 48.869574 ], [ 2.341369987, 48.86873757 ] ], [ [ 2.336633, 48.869574 ], [ 2.3323524, 48.87063595 ] ], [ [ 2.352388501, 48.86624629 ], [ 2.3561, 48.8655 ] ], [ [ 2.346387, 48.867569 ], [ 2.352388501, 48.86624629 ] ], [ [ 2.346387, 48.867569 ], [ 2.341369987, 48.86873757 ] ], [ [ 2.398120165, 48.86489827 ], [ 2.387388, 48.862921 ] ], [ [ 2.398120165, 48.86489827 ], [ 2.398451, 48.864947 ] ], [ [ 2.314867079, 48.88113039 ], [ 2.311002, 48.882476 ] ], [ [ 2.311002, 48.882476 ], [ 2.303668, 48.884057 ] ], [ [ 2.303668, 48.884057 ], [ 2.299211, 48.884648 ] ] ] } },
{ "type": "Feature", "properties": { "ligne": "Ligne 3", "couleur": "#837902", "start_date": "1911-02-11", "end_date": "1921-11-27", "projet": false }, "geometry": { "type": "MultiLineString", "coordinates": [ [ [ 2.314867079, 48.88113039 ], [ 2.32238, 48.878821 ] ], [ [ 2.32238, 48.878821 ], [ 2.326185659, 48.87557787 ] ], [ [ 2.326185659, 48.87557787 ], [ 2.328325, 48.873608 ] ], [ [ 2.328325, 48.873608 ], [ 2.3323524, 48.87063595 ] ], [ [ 2.3561, 48.8655 ], [ 2.360595, 48.866488 ] ], [ [ 2.360595, 48.866488 ], [ 2.363811, 48.867503 ] ], [ [ 2.363811, 48.867503 ], [ 2.374381, 48.865299 ] ], [ [ 2.374381, 48.865299 ], [ 2.379448, 48.864335 ] ], [ [ 2.379448, 48.864335 ], [ 2.387388, 48.862921 ] ], [ [ 2.336633, 48.869574 ], [ 2.341369987, 48.86873757 ] ], [ [ 2.336633, 48.869574 ], [ 2.3323524, 48.87063595 ] ], [ [ 2.352388501, 48.86624629 ], [ 2.3561, 48.8655 ] ], [ [ 2.346387, 48.867569 ], [ 2.352388501, 48.86624629 ] ], [ [ 2.346387, 48.867569 ], [ 2.341369987, 48.86873757 ] ], [ [ 2.398120165, 48.86489827 ], [ 2.387388, 48.862921 ] ], [ [ 2.398120165, 48.86489827 ], [ 2.398451, 48.864947 ] ], [ [ 2.314867079, 48.88113039 ], [ 2.311002, 48.882476 ] ], [ [ 2.311002, 48.882476 ], [ 2.303668, 48.884057 ] ], [ [ 2.303668, 48.884057 ], [ 2.299211, 48.884648 ] ], [ [ 2.299211, 48.884648 ], [ 2.293487, 48.885851 ] ] ] } },
{ "type": "Feature", "properties": { "ligne": "Ligne 3", "couleur": "#837902", "start_date": "1921-11-27", "end_date": "1937-09-24", "projet": false }, "geometry": { "type": "MultiLineString", "coordinates": [ [ [ 2.314867079, 48.88113039 ], [ 2.32238, 48.878821 ] ], [ [ 2.32238, 48.878821 ], [ 2.326185659, 48.87557787 ] ], [ [ 2.326185659, 48.87557787 ], [ 2.328325, 48.873608 ] ], [ [ 2.328325, 48.873608 ], [ 2.3323524, 48.87063595 ] ], [ [ 2.3561, 48.8655 ], [ 2.360595, 48.866488 ] ], [ [ 2.360595, 48.866488 ], [ 2.363811, 48.867503 ] ], [ [ 2.363811, 48.867503 ], [ 2.374381, 48.865299 ] ], [ [ 2.374381, 48.865299 ], [ 2.379448, 48.864335 ] ], [ [ 2.379448, 48.864335 ], [ 2.387388, 48.862921 ] ], [ [ 2.336633, 48.869574 ], [ 2.341369987, 48.86873757 ] ], [ [ 2.336633, 48.869574 ], [ 2.3323524, 48.87063595 ] ], [ [ 2.352388501, 48.86624629 ], [ 2.3561, 48.8655 ] ], [ [ 2.346387, 48.867569 ], [ 2.352388501, 48.86624629 ] ], [ [ 2.346387, 48.867569 ], [ 2.341369987, 48.86873757 ] ], [ [ 2.398120165, 48.86489827 ], [ 2.387388, 48.862921 ] ], [ [ 2.398120165, 48.86489827 ], [ 2.398451, 48.864947 ] ], [ [ 2.314867079, 48.88113039 ], [ 2.311002, 48.882476 ] ], [ [ 2.311002, 48.882476 ], [ 2.303668, 48.884057 ] ], [ [ 2.303668, 48.884057 ], [ 2.299211, 48.884648 ] ], [ [ 2.299211, 48.884648 ], [ 2.293487, 48.885851 ] ], [ [ 2.398451, 48.864947 ], [ 2.401751876, 48.86867053 ] ], [ [ 2.401751876, 48.86867053 ], [ 2.404519916, 48.87208261 ] ], [ [ 2.404519916, 48.87208261 ], [ 2.406655, 48.877183 ] ] ] } },
{ "type": "Feature", "properties": { "ligne": "Ligne 3", "couleur": "#837902", "start_date": "1937-09-24", "end_date": "1969-08-23", "projet": false }, "geometry": { "type": "MultiLineString", "coordinates": [ [ [ 2.314867079, 48.88113039 ], [ 2.32238, 48.878821 ] ], [ [ 2.32238, 48.878821 ], [ 2.326185659, 48.87557787 ] ], [ [ 2.326185659, 48.87557787 ], [ 2.328325, 48.873608 ] ], [ [ 2.328325, 48.873608 ], [ 2.3323524, 48.87063595 ] ], [ [ 2.3561, 48.8655 ], [ 2.360595, 48.866488 ] ], [ [ 2.360595, 48.866488 ], [ 2.363811, 48.867503 ] ], [ [ 2.363811, 48.867503 ], [ 2.374381, 48.865299 ] ], [ [ 2.374381, 48.865299 ], [ 2.379448, 48.864335 ] ], [ [ 2.379448, 48.864335 ], [ 2.387388, 48.862921 ] ], [ [ 2.336633, 48.869574 ], [ 2.341369987, 48.86873757 ] ], [ [ 2.336633, 48.869574 ], [ 2.3323524, 48.87063595 ] ], [ [ 2.352388501, 48.86624629 ], [ 2.3561, 48.8655 ] ], [ [ 2.346387, 48.867569 ], [ 2.352388501, 48.86624629 ] ], [ [ 2.346387, 48.867569 ], [ 2.341369987, 48.86873757 ] ], [ [ 2.398120165, 48.86489827 ], [ 2.387388, 48.862921 ] ], [ [ 2.398120165, 48.86489827 ], [ 2.398451, 48.864947 ] ], [ [ 2.314867079, 48.88113039 ], [ 2.311002, 48.882476 ] ], [ [ 2.311002, 48.882476 ], [ 2.303668, 48.884057 ] ], [ [ 2.303668, 48.884057 ], [ 2.299211, 48.884648 ] ], [ [ 2.299211, 48.884648 ], [ 2.293487, 48.885851 ] ], [ [ 2.398451, 48.864947 ], [ 2.401751876, 48.86867053 ] ], [ [ 2.401751876, 48.86867053 ], [ 2.404519916, 48.87208261 ] ], [ [ 2.404519916, 48.87208261 ], [ 2.406655, 48.877183 ] ], [ [ 2.293487, 48.885851 ], [ 2.288002, 48.888836 ] ], [ [ 2.288002, 48.888836 ], [ 2.285536, 48.892022 ] ], [ [ 2.285536, 48.892022 ], [ 2.280787, 48.897313 ] ] ] } },
{ "type": "Feature", "properties": { "ligne": "Ligne 3", "couleur": "#837902", "start_date": "1969-08-23", "end_date": "1971-03-27", "projet": false }, "geometry": { "type": "MultiLineString", "coordinates": [ [ [ 2.314867079, 48.88113039 ], [ 2.32238, 48.878821 ] ], [ [ 2.32238, 48.878821 ], [ 2.326185659, 48.87557787 ] ], [ [ 2.326185659, 48.87557787 ], [ 2.328325, 48.873608 ] ], [ [ 2.328325, 48.873608 ], [ 2.3323524, 48.87063595 ] ], [ [ 2.3561, 48.8655 ], [ 2.360595, 48.866488 ] ], [ [ 2.360595, 48.866488 ], [ 2.363811, 48.867503 ] ], [ [ 2.363811, 48.867503 ], [ 2.374381, 48.865299 ] ], [ [ 2.374381, 48.865299 ], [ 2.379448, 48.864335 ] ], [ [ 2.379448, 48.864335 ], [ 2.387388, 48.862921 ] ], [ [ 2.336633, 48.869574 ], [ 2.341369987, 48.86873757 ] ], [ [ 2.336633, 48.869574 ], [ 2.3323524, 48.87063595 ] ], [ [ 2.352388501, 48.86624629 ], [ 2.3561, 48.8655 ] ], [ [ 2.346387, 48.867569 ], [ 2.352388501, 48.86624629 ] ], [ [ 2.346387, 48.867569 ], [ 2.341369987, 48.86873757 ] ], [ [ 2.314867079, 48.88113039 ], [ 2.311002, 48.882476 ] ], [ [ 2.311002, 48.882476 ], [ 2.303668, 48.884057 ] ], [ [ 2.303668, 48.884057 ], [ 2.299211, 48.884648 ] ], [ [ 2.299211, 48.884648 ], [ 2.293487, 48.885851 ] ], [ [ 2.398451, 48.864947 ], [ 2.401751876, 48.86867053 ] ], [ [ 2.401751876, 48.86867053 ], [ 2.404519916, 48.87208261 ] ], [ [ 2.404519916, 48.87208261 ], [ 2.406655, 48.877183 ] ], [ [ 2.293487, 48.885851 ], [ 2.288002, 48.888836 ] ], [ [ 2.288002, 48.888836 ], [ 2.285536, 48.892022 ] ], [ [ 2.285536, 48.892022 ], [ 2.280787, 48.897313 ] ], [ [ 2.387388, 48.862921 ], [ 2.398451, 48.864947 ] ] ] } },
{ "type": "Feature", "properties": { "ligne": "Ligne 3", "couleur": "#837902", "start_date": "1971-03-27", "end_date": "1971-04-02", "projet": false }, "geometry": { "type": "MultiLineString", "coordinates": [ [ [ 2.314867079, 48.88113039 ], [ 2.32238, 48.878821 ] ], [ [ 2.32238, 48.878821 ], [ 2.326185659, 48.87557787 ] ], [ [ 2.326185659, 48.87557787 ], [ 2.328325, 48.873608 ] ], [ [ 2.328325, 48.873608 ], [ 2.3323524, 48.87063595 ] ], [ [ 2.3561, 48.8655 ], [ 2.360595, 48.866488 ] ], [ [ 2.360595, 48.866488 ], [ 2.363811, 48.867503 ] ], [ [ 2.363811, 48.867503 ], [ 2.374381, 48.865299 ] ], [ [ 2.374381, 48.865299 ], [ 2.379448, 48.864335 ] ], [ [ 2.379448, 48.864335 ], [ 2.387388, 48.862921 ] ], [ [ 2.336633, 48.869574 ], [ 2.341369987, 48.86873757 ] ], [ [ 2.336633, 48.869574 ], [ 2.3323524, 48.87063595 ] ], [ [ 2.352388501, 48.86624629 ], [ 2.3561, 48.8655 ] ], [ [ 2.346387, 48.867569 ], [ 2.352388501, 48.86624629 ] ], [ [ 2.346387, 48.867569 ], [ 2.341369987, 48.86873757 ] ], [ [ 2.314867079, 48.88113039 ], [ 2.311002, 48.882476 ] ], [ [ 2.311002, 48.882476 ], [ 2.303668, 48.884057 ] ], [ [ 2.303668, 48.884057 ], [ 2.299211, 48.884648 ] ], [ [ 2.299211, 48.884648 ], [ 2.293487, 48.885851 ] ], [ [ 2.293487, 48.885851 ], [ 2.288002, 48.888836 ] ], [ [ 2.288002, 48.888836 ], [ 2.285536, 48.892022 ] ], [ [ 2.285536, 48.892022 ], [ 2.280787, 48.897313 ] ], [ [ 2.387388, 48.862921 ], [ 2.398451, 48.864947 ] ] ] } },
{ "type": "Feature", "properties": { "ligne": "Ligne 3", "couleur": "#837902", "start_date": "1971-04-02", "end_date": "2028-12-02", "projet": false }, "geometry": { "type": "MultiLineString", "coordinates": [ [ [ 2.314867079, 48.88113039 ], [ 2.32238, 48.878821 ] ], [ [ 2.32238, 48.878821 ], [ 2.326185659, 48.87557787 ] ], [ [ 2.326185659, 48.87557787 ], [ 2.328325, 48.873608 ] ], [ [ 2.328325, 48.873608 ], [ 2.3323524, 48.87063595 ] ], [ [ 2.3561, 48.8655 ], [ 2.360595, 48.866488 ] ], [ [ 2.360595, 48.866488 ], [ 2.363811, 48.867503 ] ], [ [ 2.363811, 48.867503 ], [ 2.374381, 48.865299 ] ], [ [ 2.374381, 48.865299 ], [ 2.379448, 48.864335 ] ], [ [ 2.379448, 48.864335 ], [ 2.387388, 48.862921 ] ], [ [ 2.336633, 48.869574 ], [ 2.341369987, 48.86873757 ] ], [ [ 2.336633, 48.869574 ], [ 2.3323524, 48.87063595 ] ], [ [ 2.352388501, 48.86624629 ], [ 2.3561, 48.8655 ] ], [ [ 2.346387, 48.867569 ], [ 2.352388501, 48.86624629 ] ], [ [ 2.346387, 48.867569 ], [ 2.341369987, 48.86873757 ] ], [ [ 2.314867079, 48.88113039 ], [ 2.311002, 48.882476 ] ], [ [ 2.311002, 48.882476 ], [ 2.303668, 48.884057 ] ], [ [ 2.303668, 48.884057 ], [ 2.299211, 48.884648 ] ], [ [ 2.299211, 48.884648 ], [ 2.293487, 48.885851 ] ], [ [ 2.293487, 48.885851 ], [ 2.288002, 48.888836 ] ], [ [ 2.288002, 48.888836 ], [ 2.285536, 48.892022 ] ], [ [ 2.285536, 48.892022 ], [ 2.280787, 48.897313 ] ], [ [ 2.387388, 48.862921 ], [ 2.398451, 48.864947 ] ], [ [ 2.398451, 48.864947 ], [ 2.407278, 48.864565 ] ], [ [ 2.407278, 48.864565 ], [ 2.416637, 48.864936 ] ] ] } },
{ "type": "Feature", "properties": { "ligne": "Ligne 4", "couleur": "#CF009E", "start_date": "1908-04-21", "end_date": "1908-04-27", "projet": false }, "geometry": { "type": "MultiLineString", "coordinates": [ [ [ 2.344778877, 48.89728706 ], [ 2.347091065, 48.89463269 ] ], [ [ 2.347091065, 48.89463269 ], [ 2.349582, 48.891195 ] ], [ [ 2.349582, 48.891195 ], [ 2.349552, 48.88673 ] ], [ [ 2.349552, 48.88673 ], [ 2.350516, 48.88364 ] ], [ [ 2.350516, 48.88364 ], [ 2.354931235, 48.88057476 ] ], [ [ 2.354931235, 48.88057476 ], [ 2.358278632, 48.87614188 ] ], [ [ 2.358278632, 48.87614188 ], [ 2.356148958, 48.8729012 ] ], [ [ 2.356148958, 48.8729012 ], [ 2.354008555, 48.8695915 ] ], [ [ 2.354008555, 48.8695915 ], [ 2.352388501, 48.86624629 ] ], [ [ 2.352388501, 48.86624629 ], [ 2.350607514, 48.86411131 ] ], [ [ 2.350607514, 48.86411131 ], [ 2.347119401, 48.85851952 ] ] ] } },
{ "type": "Feature", "properties": { "ligne": "Ligne 4", "couleur": "#CF009E", "start_date": "1908-04-27", "end_date": "1909-10-30", "projet": false }, "geometry": { "type": "MultiLineString", "coordinates": [ [ [ 2.344778877, 48.89728706 ], [ 2.347091065, 48.89463269 ] ], [ [ 2.347091065, 48.89463269 ], [ 2.349582, 48.891195 ] ], [ [ 2.349582, 48.891195 ], [ 2.349552, 48.88673 ] ], [ [ 2.349552, 48.88673 ], [ 2.350516, 48.88364 ] ], [ [ 2.350516, 48.88364 ], [ 2.354931235, 48.88057476 ] ], [ [ 2.354931235, 48.88057476 ], [ 2.358278632, 48.87614188 ] ], [ [ 2.358278632, 48.87614188 ], [ 2.356148958, 48.8729012 ] ], [ [ 2.356148958, 48.8729012 ], [ 2.354008555, 48.8695915 ] ], [ [ 2.354008555, 48.8695915 ], [ 2.352388501, 48.86624629 ] ], [ [ 2.352388501, 48.86624629 ], [ 2.350607514, 48.86411131 ] ], [ [ 2.347119401, 48.85851952 ], [ 2.345848, 48.86272 ] ], [ [ 2.350607514, 48.86411131 ], [ 2.345848, 48.86272 ] ] ] } },
{ "type": "Feature", "properties": { "ligne": "Ligne 4", "couleur": "#CF009E", "start_date": "1909-10-30", "end_date": "1910-01-09", "projet": false }, "geometry": { "type": "MultiLineString", "coordinates": [ [ [ 2.344778877, 48.89728706 ], [ 2.347091065, 48.89463269 ] ], [ [ 2.347091065, 48.89463269 ], [ 2.349582, 48.891195 ] ], [ [ 2.349582, 48.891195 ], [ 2.349552, 48.88673 ] ], [ [ 2.349552, 48.88673 ], [ 2.350516, 48.88364 ] ], [ [ 2.350516, 48.88364 ], [ 2.354931235, 48.88057476 ] ], [ [ 2.354931235, 48.88057476 ], [ 2.358278632, 48.87614188 ] ], [ [ 2.358278632, 48.87614188 ], [ 2.356148958, 48.8729012 ] ], [ [ 2.356148958, 48.8729012 ], [ 2.354008555, 48.8695915 ] ], [ [ 2.354008555, 48.8695915 ], [ 2.352388501, 48.86624629 ] ], [ [ 2.352388501, 48.86624629 ], [ 2.350607514, 48.86411131 ] ], [ [ 2.347119401, 48.85851952 ], [ 2.345848, 48.86272 ] ], [ [ 2.350607514, 48.86411131 ], [ 2.345848, 48.86272 ] ], [ [ 2.330606282, 48.83919413 ], [ 2.332727909, 48.8339013 ] ], [ [ 2.332727909, 48.8339013 ], [ 2.3299, 48.8314 ] ], [ [ 2.3299, 48.8314 ], [ 2.326745674, 48.82839851 ] ], [ [ 2.326745674, 48.82839851 ], [ 2.325363, 48.82319 ] ] ] } },
{ "type": "Feature", "properties": { "ligne": "Ligne 4", "couleur": "#CF009E", "start_date": "1910-01-09", "end_date": "1910-04-06", "projet": false }, "geometry": { "type": "MultiLineString", "coordinates": [ [ [ 2.344778877, 48.89728706 ], [ 2.347091065, 48.89463269 ] ], [ [ 2.347091065, 48.89463269 ], [ 2.349582, 48.891195 ] ], [ [ 2.349582, 48.891195 ], [ 2.349552, 48.88673 ] ], [ [ 2.349552, 48.88673 ], [ 2.350516, 48.88364 ] ], [ [ 2.350516, 48.88364 ], [ 2.354931235, 48.88057476 ] ], [ [ 2.354931235, 48.88057476 ], [ 2.358278632, 48.87614188 ] ], [ [ 2.358278632, 48.87614188 ], [ 2.356148958, 48.8729012 ] ], [ [ 2.356148958, 48.8729012 ], [ 2.354008555, 48.8695915 ] ], [ [ 2.354008555, 48.8695915 ], [ 2.352388501, 48.86624629 ] ], [ [ 2.352388501, 48.86624629 ], [ 2.350607514, 48.86411131 ] ], [ [ 2.347119401, 48.85851952 ], [ 2.345848, 48.86272 ] ], [ [ 2.350607514, 48.86411131 ], [ 2.345848, 48.86272 ] ], [ [ 2.330606282, 48.83919413 ], [ 2.332727909, 48.8339013 ] ], [ [ 2.332727909, 48.8339013 ], [ 2.3299, 48.8314 ] ], [ [ 2.3299, 48.8314 ], [ 2.326745674, 48.82839851 ] ], [ [ 2.326745674, 48.82839851 ], [ 2.325363, 48.82319 ] ], [ [ 2.330606282, 48.83919413 ], [ 2.328948677, 48.84223223 ] ], [ [ 2.328948677, 48.84223223 ], [ 2.32691288, 48.84684463 ] ], [ [ 2.32691288, 48.84684463 ], [ 2.330651879, 48.85090947 ] ], [ [ 2.330651879, 48.85090947 ], [ 2.333280444, 48.8537739 ] ], [ [ 2.333280444, 48.8537739 ], [ 2.338951, 48.852066 ] ], [ [ 2.338951, 48.852066 ], [ 2.347119401, 48.85851952 ] ] ] } },
{ "type": "Feature", "properties": { "ligne": "Ligne 4", "couleur": "#CF009E", "start_date": "1910-04-06", "end_date": "1910-07-09", "projet": false }, "geometry": { "type": "MultiLineString", "coordinates": [ [ [ 2.344778877, 48.89728706 ], [ 2.347091065, 48.89463269 ] ], [ [ 2.347091065, 48.89463269 ], [ 2.349582, 48.891195 ] ], [ [ 2.349582, 48.891195 ], [ 2.349552, 48.88673 ] ], [ [ 2.349552, 48.88673 ], [ 2.350516, 48.88364 ] ], [ [ 2.350516, 48.88364 ], [ 2.354931235, 48.88057476 ] ], [ [ 2.354931235, 48.88057476 ], [ 2.358278632, 48.87614188 ] ], [ [ 2.358278632, 48.87614188 ], [ 2.356148958, 48.8729012 ] ], [ [ 2.356148958, 48.8729012 ], [ 2.354008555, 48.8695915 ] ], [ [ 2.354008555, 48.8695915 ], [ 2.352388501, 48.86624629 ] ], [ [ 2.352388501, 48.86624629 ], [ 2.350607514, 48.86411131 ] ], [ [ 2.347119401, 48.85851952 ], [ 2.345848, 48.86272 ] ], [ [ 2.350607514, 48.86411131 ], [ 2.345848, 48.86272 ] ], [ [ 2.330606282, 48.83919413 ], [ 2.332727909, 48.8339013 ] ], [ [ 2.332727909, 48.8339013 ], [ 2.3299, 48.8314 ] ], [ [ 2.3299, 48.8314 ], [ 2.326745674, 48.82839851 ] ], [ [ 2.326745674, 48.82839851 ], [ 2.325363, 48.82319 ] ], [ [ 2.330606282, 48.83919413 ], [ 2.328948677, 48.84223223 ] ], [ [ 2.328948677, 48.84223223 ], [ 2.323934, 48.843826 ] ], [ [ 2.323934, 48.843826 ], [ 2.32691288, 48.84684463 ] ], [ [ 2.32691288, 48.84684463 ], [ 2.330651879, 48.85090947 ] ], [ [ 2.330651879, 48.85090947 ], [ 2.333280444, 48.8537739 ] ], [ [ 2.333280444, 48.8537739 ], [ 2.338951, 48.852066 ] ], [ [ 2.338951, 48.852066 ], [ 2.347119401, 48.85851952 ] ] ] } },
{ "type": "Feature", "properties": { "ligne": "Ligne 4", "couleur": "#CF009E", "start_date": "1910-07-09", "end_date": "1910-12-10", "projet": false }, "geometry": { "type": "MultiLineString", "coordinates": [ [ [ 2.344778877, 48.89728706 ], [ 2.347091065, 48.89463269 ] ], [ [ 2.347091065, 48.89463269 ], [ 2.349582, 48.891195 ] ], [ [ 2.349582, 48.891195 ], [ 2.349552, 48.88673 ] ], [ [ 2.349552, 48.88673 ], [ 2.350516, 48.88364 ] ], [ [ 2.350516, 48.88364 ], [ 2.354931235, 48.88057476 ] ], [ [ 2.354931235, 48.88057476 ], [ 2.358278632, 48.87614188 ] ], [ [ 2.358278632, 48.87614188 ], [ 2.356148958, 48.8729012 ] ], [ [ 2.356148958, 48.8729012 ], [ 2.354008555, 48.8695915 ] ], [ [ 2.354008555, 48.8695915 ], [ 2.352388501, 48.86624629 ] ], [ [ 2.352388501, 48.86624629 ], [ 2.350607514, 48.86411131 ] ], [ [ 2.347119401, 48.85851952 ], [ 2.345848, 48.86272 ] ], [ [ 2.350607514, 48.86411131 ], [ 2.345848, 48.86272 ] ], [ [ 2.330606282, 48.83919413 ], [ 2.332727909, 48.8339013 ] ], [ [ 2.332727909, 48.8339013 ], [ 2.3299, 48.8314 ] ], [ [ 2.3299, 48.8314 ], [ 2.326745674, 48.82839851 ] ], [ [ 2.326745674, 48.82839851 ], [ 2.325363, 48.82319 ] ], [ [ 2.330606282, 48.83919413 ], [ 2.328948677, 48.84223223 ] ], [ [ 2.328948677, 48.84223223 ], [ 2.323934, 48.843826 ] ], [ [ 2.323934, 48.843826 ], [ 2.32691288, 48.84684463 ] ], [ [ 2.32691288, 48.84684463 ], [ 2.330651879, 48.85090947 ] ], [ [ 2.330651879, 48.85090947 ], [ 2.333280444, 48.8537739 ] ], [ [ 2.333280444, 48.8537739 ], [ 2.338951, 48.852066 ] ], [ [ 2.338951, 48.852066 ], [ 2.343928814, 48.85365036 ] ], [ [ 2.343928814, 48.85365036 ], [ 2.347119401, 48.85851952 ] ] ] } },
{ "type": "Feature", "properties": { "ligne": "Ligne 4", "couleur": "#CF009E", "start_date": "1910-12-10", "end_date": "1977-10-03", "projet": false }, "geometry": { "type": "MultiLineString", "coordinates": [ [ [ 2.344778877, 48.89728706 ], [ 2.347091065, 48.89463269 ] ], [ [ 2.347091065, 48.89463269 ], [ 2.349582, 48.891195 ] ], [ [ 2.349582, 48.891195 ], [ 2.349552, 48.88673 ] ], [ [ 2.349552, 48.88673 ], [ 2.350516, 48.88364 ] ], [ [ 2.350516, 48.88364 ], [ 2.354931235, 48.88057476 ] ], [ [ 2.354931235, 48.88057476 ], [ 2.358278632, 48.87614188 ] ], [ [ 2.358278632, 48.87614188 ], [ 2.356148958, 48.8729012 ] ], [ [ 2.356148958, 48.8729012 ], [ 2.354008555, 48.8695915 ] ], [ [ 2.354008555, 48.8695915 ], [ 2.352388501, 48.86624629 ] ], [ [ 2.352388501, 48.86624629 ], [ 2.350607514, 48.86411131 ] ], [ [ 2.347119401, 48.85851952 ], [ 2.345848, 48.86272 ] ], [ [ 2.350607514, 48.86411131 ], [ 2.345848, 48.86272 ] ], [ [ 2.330606282, 48.83919413 ], [ 2.332727909, 48.8339013 ] ], [ [ 2.332727909, 48.8339013 ], [ 2.3299, 48.8314 ] ], [ [ 2.3299, 48.8314 ], [ 2.326745674, 48.82839851 ] ], [ [ 2.326745674, 48.82839851 ], [ 2.325363, 48.82319 ] ], [ [ 2.330606282, 48.83919413 ], [ 2.328948677, 48.84223223 ] ], [ [ 2.328948677, 48.84223223 ], [ 2.323934, 48.843826 ] ], [ [ 2.323934, 48.843826 ], [ 2.32691288, 48.84684463 ] ], [ [ 2.32691288, 48.84684463 ], [ 2.330651879, 48.85090947 ] ], [ [ 2.330651879, 48.85090947 ], [ 2.333280444, 48.8537739 ] ], [ [ 2.333280444, 48.8537739 ], [ 2.338951, 48.852066 ] ], [ [ 2.338951, 48.852066 ], [ 2.343928814, 48.85365036 ] ], [ [ 2.343928814, 48.85365036 ], [ 2.346720374, 48.85510059 ] ], [ [ 2.346720374, 48.85510059 ], [ 2.347119401, 48.85851952 ] ] ] } },
{ "type": "Feature", "properties": { "ligne": "Ligne 4", "couleur": "#CF009E", "start_date": "1977-10-03", "end_date": "2013-03-23", "projet": false }, "geometry": { "type": "MultiLineString", "coordinates": [ [ [ 2.344778877, 48.89728706 ], [ 2.347091065, 48.89463269 ] ], [ [ 2.347091065, 48.89463269 ], [ 2.349582, 48.891195 ] ], [ [ 2.349582, 48.891195 ], [ 2.349552, 48.88673 ] ], [ [ 2.349552, 48.88673 ], [ 2.350516, 48.88364 ] ], [ [ 2.350516, 48.88364 ], [ 2.354931235, 48.88057476 ] ], [ [ 2.354931235, 48.88057476 ], [ 2.358278632, 48.87614188 ] ], [ [ 2.358278632, 48.87614188 ], [ 2.356148958, 48.8729012 ] ], [ [ 2.356148958, 48.8729012 ], [ 2.354008555, 48.8695915 ] ], [ [ 2.354008555, 48.8695915 ], [ 2.352388501, 48.86624629 ] ], [ [ 2.352388501, 48.86624629 ], [ 2.350607514, 48.86411131 ] ], [ [ 2.347119401, 48.85851952 ], [ 2.345972, 48.862396 ] ], [ [ 2.350607514, 48.86411131 ], [ 2.345972, 48.862396 ] ], [ [ 2.330606282, 48.83919413 ], [ 2.332727909, 48.8339013 ] ], [ [ 2.332727909, 48.8339013 ], [ 2.3299, 48.8314 ] ], [ [ 2.3299, 48.8314 ], [ 2.326745674, 48.82839851 ] ], [ [ 2.326745674, 48.82839851 ], [ 2.325363, 48.82319 ] ], [ [ 2.330606282, 48.83919413 ], [ 2.328948677, 48.84223223 ] ], [ [ 2.328948677, 48.84223223 ], [ 2.323934, 48.843826 ] ], [ [ 2.323934, 48.843826 ], [ 2.32691288, 48.84684463 ] ], [ [ 2.32691288, 48.84684463 ], [ 2.330651879, 48.85090947 ] ], [ [ 2.330651879, 48.85090947 ], [ 2.333280444, 48.8537739 ] ], [ [ 2.333280444, 48.8537739 ], [ 2.338951, 48.852066 ] ], [ [ 2.338951, 48.852066 ], [ 2.343928814, 48.85365036 ] ], [ [ 2.343928814, 48.85365036 ], [ 2.346720374, 48.85510059 ] ], [ [ 2.346720374, 48.85510059 ], [ 2.347119401, 48.85851952 ] ] ] } },
{ "type": "Feature", "properties": { "ligne": "Ligne 4", "couleur": "#CF009E", "start_date": "2013-03-23", "end_date": "2022-01-13", "projet": false }, "geometry": { "type": "MultiLineString", "coordinates": [ [ [ 2.344778877, 48.89728706 ], [ 2.347091065, 48.89463269 ] ], [ [ 2.347091065, 48.89463269 ], [ 2.349582, 48.891195 ] ], [ [ 2.349582, 48.891195 ], [ 2.349552, 48.88673 ] ], [ [ 2.349552, 48.88673 ], [ 2.350516, 48.88364 ] ], [ [ 2.350516, 48.88364 ], [ 2.354931235, 48.88057476 ] ], [ [ 2.354931235, 48.88057476 ], [ 2.358278632, 48.87614188 ] ], [ [ 2.358278632, 48.87614188 ], [ 2.356148958, 48.8729012 ] ], [ [ 2.356148958, 48.8729012 ], [ 2.354008555, 48.8695915 ] ], [ [ 2.354008555, 48.8695915 ], [ 2.352388501, 48.86624629 ] ], [ [ 2.352388501, 48.86624629 ], [ 2.350607514, 48.86411131 ] ], [ [ 2.347119401, 48.85851952 ], [ 2.345972, 48.862396 ] ], [ [ 2.350607514, 48.86411131 ], [ 2.345972, 48.862396 ] ], [ [ 2.330606282, 48.83919413 ], [ 2.332727909, 48.8339013 ] ], [ [ 2.332727909, 48.8339013 ], [ 2.3299, 48.8314 ] ], [ [ 2.3299, 48.8314 ], [ 2.326745674, 48.82839851 ] ], [ [ 2.326745674, 48.82839851 ], [ 2.325363, 48.82319 ] ], [ [ 2.330606282, 48.83919413 ], [ 2.328948677, 48.84223223 ] ], [ [ 2.328948677, 48.84223223 ], [ 2.323934, 48.843826 ] ], [ [ 2.323934, 48.843826 ], [ 2.32691288, 48.84684463 ] ], [ [ 2.32691288, 48.84684463 ], [ 2.330651879, 48.85090947 ] ], [ [ 2.330651879, 48.85090947 ], [ 2.333280444, 48.8537739 ] ], [ [ 2.333280444, 48.8537739 ], [ 2.338951, 48.852066 ] ], [ [ 2.338951, 48.852066 ], [ 2.343928814, 48.85365036 ] ], [ [ 2.343928814, 48.85365036 ], [ 2.346720374, 48.85510059 ] ], [ [ 2.346720374, 48.85510059 ], [ 2.347119401, 48.85851952 ] ], [ [ 2.31953674, 48.81806483 ], [ 2.325363, 48.82319 ] ] ] } },
{ "type": "Feature", "properties": { "ligne": "Ligne 4", "couleur": "#CF009E", "start_date": "2022-01-13", "end_date": "2028-12-02", "projet": false }, "geometry": { "type": "MultiLineString", "coordinates": [ [ [ 2.344778877, 48.89728706 ], [ 2.347091065, 48.89463269 ] ], [ [ 2.347091065, 48.89463269 ], [ 2.349582, 48.891195 ] ], [ [ 2.349582, 48.891195 ], [ 2.349552, 48.88673 ] ], [ [ 2.349552, 48.88673 ], [ 2.350516, 48.88364 ] ], [ [ 2.350516, 48.88364 ], [ 2.354931235, 48.88057476 ] ], [ [ 2.354931235, 48.88057476 ], [ 2.358278632, 48.87614188 ] ], [ [ 2.358278632, 48.87614188 ], [ 2.356148958, 48.8729012 ] ], [ [ 2.356148958, 48.8729012 ], [ 2.354008555, 48.8695915 ] ], [ [ 2.354008555, 48.8695915 ], [ 2.352388501, 48.86624629 ] ], [ [ 2.352388501, 48.86624629 ], [ 2.350607514, 48.86411131 ] ], [ [ 2.347119401, 48.85851952 ], [ 2.345972, 48.862396 ] ], [ [ 2.350607514, 48.86411131 ], [ 2.345972, 48.862396 ] ], [ [ 2.330606282, 48.83919413 ], [ 2.332727909, 48.8339013 ] ], [ [ 2.332727909, 48.8339013 ], [ 2.3299, 48.8314 ] ], [ [ 2.3299, 48.8314 ], [ 2.326745674, 48.82839851 ] ], [ [ 2.326745674, 48.82839851 ], [ 2.325363, 48.82319 ] ], [ [ 2.330606282, 48.83919413 ], [ 2.328948677, 48.84223223 ] ], [ [ 2.328948677, 48.84223223 ], [ 2.323934, 48.843826 ] ], [ [ 2.323934, 48.843826 ], [ 2.32691288, 48.84684463 ] ], [ [ 2.32691288, 48.84684463 ], [ 2.330651879, 48.85090947 ] ], [ [ 2.330651879, 48.85090947 ], [ 2.333280444, 48.8537739 ] ], [ [ 2.333280444, 48.8537739 ], [ 2.338951, 48.852066 ] ], [ [ 2.338951, 48.852066 ], [ 2.343928814, 48.85365036 ] ], [ [ 2.343928814, 48.85365036 ], [ 2.346720374, 48.85510059 ] ], [ [ 2.346720374, 48.85510059 ], [ 2.347119401, 48.85851952 ] ], [ [ 2.31953674, 48.81806483 ], [ 2.325363, 48.82319 ] ], [ [ 2.31953674, 48.81806483 ], [ 2.31766944, 48.8092 ] ], [ [ 2.31766944, 48.8092 ], [ 2.31735617, 48.80266078 ] ] ] } },
{ "type": "Feature", "properties": { "ligne": "Ligne 5", "couleur": "#FF7E2E", "start_date": "1906-06-02", "end_date": "1906-06-06", "projet": false }, "geometry": { "type": "MultiLineString", "coordinates": [ [ [ 2.364970744, 48.84262588 ], [ 2.360416353, 48.83798838 ] ], [ [ 2.360416353, 48.83798838 ], [ 2.355692, 48.831483 ] ] ] } },
{ "type": "Feature", "properties": { "ligne": "Ligne 5", "couleur": "#FF7E2E", "start_date": "1906-06-06", "end_date": "1906-07-13", "projet": false }, "geometry": { "type": "MultiLineString", "coordinates": [ [ [ 2.364970744, 48.84262588 ], [ 2.360416353, 48.83798838 ] ], [ [ 2.358128428, 48.83502241 ], [ 2.355692, 48.831483 ] ], [ [ 2.358128428, 48.83502241 ], [ 2.360416353, 48.83798838 ] ] ] } },
{ "type": "Feature", "properties": { "ligne": "Ligne 5", "couleur": "#FF7E2E", "start_date": "1906-07-13", "end_date": "1906-08-01", "projet": false }, "geometry": { "type": "MultiLineString", "coordinates": [ [ [ 2.364970744, 48.84262588 ], [ 2.360416353, 48.83798838 ] ], [ [ 2.358128428, 48.83502241 ], [ 2.355692, 48.831483 ] ], [ [ 2.358128428, 48.83502241 ], [ 2.360416353, 48.83798838 ] ], [ [ 2.364970744, 48.84262588 ], [ 2.365826368, 48.84653927 ] ] ] } },
{ "type": "Feature", "properties": { "ligne": "Ligne 5", "couleur": "#FF7E2E", "start_date": "1906-08-01", "end_date": "1906-12-17", "projet": false }, "geometry": { "type": "MultiLineString", "coordinates": [ [ [ 2.364970744, 48.84262588 ], [ 2.360416353, 48.83798838 ] ], [ [ 2.358128428, 48.83502241 ], [ 2.355692, 48.831483 ] ], [ [ 2.358128428, 48.83502241 ], [ 2.360416353, 48.83798838 ] ], [ [ 2.364970744, 48.84262588 ], [ 2.365826368, 48.84653927 ] ], [ [ 2.365826368, 48.84653927 ], [ 2.374065908, 48.84470455 ] ] ] } },
{ "type": "Feature", "properties": { "ligne": "Ligne 5", "couleur": "#FF7E2E", "start_date": "1906-12-17", "end_date": "1906-12-31", "projet": false }, "geometry": { "type": "MultiLineString", "coordinates": [ [ [ 2.364970744, 48.84262588 ], [ 2.360416353, 48.83798838 ] ], [ [ 2.358128428, 48.83502241 ], [ 2.355692, 48.831483 ] ], [ [ 2.358128428, 48.83502241 ], [ 2.360416353, 48.83798838 ] ], [ [ 2.364970744, 48.84262588 ], [ 2.365826368, 48.84653927 ] ], [ [ 2.365826368, 48.84653927 ], [ 2.366642, 48.849042 ] ], [ [ 2.366642, 48.849042 ], [ 2.369077, 48.853082 ] ], [ [ 2.369077, 48.853082 ], [ 2.371843, 48.859772 ] ], [ [ 2.371843, 48.859772 ], [ 2.36060679, 48.8712005 ] ] ] } },
{ "type": "Feature", "properties": { "ligne": "Ligne 5", "couleur": "#FF7E2E", "start_date": "1906-12-31", "end_date": "1907-01-15", "projet": false }, "geometry": { "type": "MultiLineString", "coordinates": [ [ [ 2.364970744, 48.84262588 ], [ 2.360416353, 48.83798838 ] ], [ [ 2.358128428, 48.83502241 ], [ 2.355692, 48.831483 ] ], [ [ 2.358128428, 48.83502241 ], [ 2.360416353, 48.83798838 ] ], [ [ 2.364970744, 48.84262588 ], [ 2.365826368, 48.84653927 ] ], [ [ 2.365826368, 48.84653927 ], [ 2.366642, 48.849042 ] ], [ [ 2.366642, 48.849042 ], [ 2.369077, 48.853082 ] ], [ [ 2.371843, 48.859772 ], [ 2.36060679, 48.8712005 ] ], [ [ 2.370093763, 48.85613345 ], [ 2.369077, 48.853082 ] ], [ [ 2.371843, 48.859772 ], [ 2.370093763, 48.85613345 ] ] ] } },
{ "type": "Feature", "properties": { "ligne": "Ligne 5", "couleur": "#FF7E2E", "start_date": "1907-01-15", "end_date": "1907-10-17", "projet": false }, "geometry": { "type": "MultiLineString", "coordinates": [ [ [ 2.364970744, 48.84262588 ], [ 2.360416353, 48.83798838 ] ], [ [ 2.358128428, 48.83502241 ], [ 2.355692, 48.831483 ] ], [ [ 2.358128428, 48.83502241 ], [ 2.360416353, 48.83798838 ] ], [ [ 2.364970744, 48.84262588 ], [ 2.365826368, 48.84653927 ] ], [ [ 2.365826368, 48.84653927 ], [ 2.366642, 48.849042 ] ], [ [ 2.366642, 48.849042 ], [ 2.369077, 48.853082 ] ], [ [ 2.370093763, 48.85613345 ], [ 2.369077, 48.853082 ] ], [ [ 2.371843, 48.859772 ], [ 2.370093763, 48.85613345 ] ], [ [ 2.368877, 48.864545 ], [ 2.371843, 48.859772 ] ], [ [ 2.36060679, 48.8712005 ], [ 2.368877, 48.864545 ] ] ] } },
{ "type": "Feature", "properties": { "ligne": "Ligne 5", "couleur": "#FF7E2E", "start_date": "1907-10-17", "end_date": "1907-11-15", "projet": false }, "geometry": { "type": "MultiLineString", "coordinates": [ [ [ 2.364970744, 48.84262588 ], [ 2.360416353, 48.83798838 ] ], [ [ 2.358128428, 48.83502241 ], [ 2.355692, 48.831483 ] ], [ [ 2.358128428, 48.83502241 ], [ 2.360416353, 48.83798838 ] ], [ [ 2.364970744, 48.84262588 ], [ 2.365826368, 48.84653927 ] ], [ [ 2.365826368, 48.84653927 ], [ 2.366642, 48.849042 ] ], [ [ 2.366642, 48.849042 ], [ 2.369077, 48.853082 ] ], [ [ 2.370093763, 48.85613345 ], [ 2.369077, 48.853082 ] ], [ [ 2.371843, 48.859772 ], [ 2.370093763, 48.85613345 ] ], [ [ 2.368877, 48.864545 ], [ 2.371843, 48.859772 ] ], [ [ 2.36060679, 48.8712005 ], [ 2.368877, 48.864545 ] ], [ [ 2.295762685, 48.8744076 ], [ 2.293118, 48.871138 ] ], [ [ 2.293118, 48.871138 ], [ 2.290391922, 48.86738609 ] ], [ [ 2.290391922, 48.86738609 ], [ 2.287060618, 48.86330141 ] ], [ [ 2.287060618, 48.86330141 ], [ 2.285779, 48.857445 ] ], [ [ 2.285779, 48.857445 ], [ 2.289332, 48.853917 ] ], [ [ 2.289332, 48.853917 ], [ 2.293610573, 48.85039234 ] ], [ [ 2.293610573, 48.85039234 ], [ 2.298089862, 48.84914273 ] ], [ [ 2.298089862, 48.84914273 ], [ 2.302936614, 48.84753654 ] ], [ [ 2.302936614, 48.84753654 ], [ 2.309475839, 48.84563376 ] ], [ [ 2.309475839, 48.84563376 ], [ 2.312681079, 48.84283594 ] ], [ [ 2.312681079, 48.84283594 ], [ 2.321668, 48.84202 ] ], [ [ 2.321668, 48.84202 ], [ 2.325083613, 48.84104773 ] ], [ [ 2.325083613, 48.84104773 ], [ 2.330606282, 48.83919413 ] ], [ [ 2.330606282, 48.83919413 ], [ 2.332727909, 48.8339013 ] ], [ [ 2.332727909, 48.8339013 ], [ 2.337081134, 48.83291258 ] ], [ [ 2.337081134, 48.83291258 ], [ 2.343384326, 48.8311505 ] ], [ [ 2.343384326, 48.8311505 ], [ 2.350508273, 48.82980683 ] ], [ [ 2.350508273, 48.82980683 ], [ 2.355692, 48.831483 ] ] ] } },
{ "type": "Feature", "properties": { "ligne": "Ligne 5", "couleur": "#FF7E2E", "start_date": "1907-11-15", "end_date": "1939-09-02", "projet": false }, "geometry": { "type": "MultiLineString", "coordinates": [ [ [ 2.364970744, 48.84262588 ], [ 2.360416353, 48.83798838 ] ], [ [ 2.358128428, 48.83502241 ], [ 2.355692, 48.831483 ] ], [ [ 2.358128428, 48.83502241 ], [ 2.360416353, 48.83798838 ] ], [ [ 2.364970744, 48.84262588 ], [ 2.365826368, 48.84653927 ] ], [ [ 2.365826368, 48.84653927 ], [ 2.366642, 48.849042 ] ], [ [ 2.366642, 48.849042 ], [ 2.369077, 48.853082 ] ], [ [ 2.370093763, 48.85613345 ], [ 2.369077, 48.853082 ] ], [ [ 2.371843, 48.859772 ], [ 2.370093763, 48.85613345 ] ], [ [ 2.368877, 48.864545 ], [ 2.371843, 48.859772 ] ], [ [ 2.295762685, 48.8744076 ], [ 2.293118, 48.871138 ] ], [ [ 2.293118, 48.871138 ], [ 2.290391922, 48.86738609 ] ], [ [ 2.290391922, 48.86738609 ], [ 2.287060618, 48.86330141 ] ], [ [ 2.287060618, 48.86330141 ], [ 2.285779, 48.857445 ] ], [ [ 2.285779, 48.857445 ], [ 2.289332, 48.853917 ] ], [ [ 2.289332, 48.853917 ], [ 2.293610573, 48.85039234 ] ], [ [ 2.293610573, 48.85039234 ], [ 2.298089862, 48.84914273 ] ], [ [ 2.298089862, 48.84914273 ], [ 2.302936614, 48.84753654 ] ], [ [ 2.302936614, 48.84753654 ], [ 2.309475839, 48.84563376 ] ], [ [ 2.309475839, 48.84563376 ], [ 2.312681079, 48.84283594 ] ], [ [ 2.312681079, 48.84283594 ], [ 2.321668, 48.84202 ] ], [ [ 2.321668, 48.84202 ], [ 2.325083613, 48.84104773 ] ], [ [ 2.325083613, 48.84104773 ], [ 2.330606282, 48.83919413 ] ], [ [ 2.330606282, 48.83919413 ], [ 2.332727909, 48.8339013 ] ], [ [ 2.332727909, 48.8339013 ], [ 2.337081134, 48.83291258 ] ], [ [ 2.337081134, 48.83291258 ], [ 2.343384326, 48.8311505 ] ], [ [ 2.343384326, 48.8311505 ], [ 2.350508273, 48.82980683 ] ], [ [ 2.350508273, 48.82980683 ], [ 2.355692, 48.831483 ] ], [ [ 2.363811, 48.867503 ], [ 2.368877, 48.864545 ] ], [ [ 2.36060679, 48.8712005 ], [ 2.363811, 48.867503 ] ], [ [ 2.358278632, 48.87614188 ], [ 2.36060679, 48.8712005 ] ], [ [ 2.354931235, 48.88057476 ], [ 2.358278632, 48.87614188 ] ] ] } },
{ "type": "Feature", "properties": { "ligne": "Ligne 5", "couleur": "#FF7E2E", "start_date": "1939-09-02", "end_date": "1939-09-03", "projet": false }, "geometry": { "type": "MultiLineString", "coordinates": [ [ [ 2.364970744, 48.84262588 ], [ 2.360416353, 48.83798838 ] ], [ [ 2.358128428, 48.83502241 ], [ 2.355692, 48.831483 ] ], [ [ 2.358128428, 48.83502241 ], [ 2.360416353, 48.83798838 ] ], [ [ 2.364970744, 48.84262588 ], [ 2.365826368, 48.84653927 ] ], [ [ 2.365826368, 48.84653927 ], [ 2.366642, 48.849042 ] ], [ [ 2.366642, 48.849042 ], [ 2.369077, 48.853082 ] ], [ [ 2.370093763, 48.85613345 ], [ 2.369077, 48.853082 ] ], [ [ 2.371843, 48.859772 ], [ 2.370093763, 48.85613345 ] ], [ [ 2.368877, 48.864545 ], [ 2.371843, 48.859772 ] ], [ [ 2.295762685, 48.8744076 ], [ 2.293118, 48.871138 ] ], [ [ 2.293118, 48.871138 ], [ 2.290391922, 48.86738609 ] ], [ [ 2.290391922, 48.86738609 ], [ 2.287060618, 48.86330141 ] ], [ [ 2.287060618, 48.86330141 ], [ 2.285779, 48.857445 ] ], [ [ 2.285779, 48.857445 ], [ 2.289332, 48.853917 ] ], [ [ 2.289332, 48.853917 ], [ 2.293610573, 48.85039234 ] ], [ [ 2.293610573, 48.85039234 ], [ 2.298089862, 48.84914273 ] ], [ [ 2.298089862, 48.84914273 ], [ 2.302936614, 48.84753654 ] ], [ [ 2.302936614, 48.84753654 ], [ 2.309475839, 48.84563376 ] ], [ [ 2.309475839, 48.84563376 ], [ 2.312681079, 48.84283594 ] ], [ [ 2.312681079, 48.84283594 ], [ 2.321668, 48.84202 ] ], [ [ 2.321668, 48.84202 ], [ 2.325083613, 48.84104773 ] ], [ [ 2.325083613, 48.84104773 ], [ 2.330606282, 48.83919413 ] ], [ [ 2.330606282, 48.83919413 ], [ 2.332727909, 48.8339013 ] ], [ [ 2.332727909, 48.8339013 ], [ 2.337081134, 48.83291258 ] ], [ [ 2.337081134, 48.83291258 ], [ 2.343384326, 48.8311505 ] ], [ [ 2.343384326, 48.8311505 ], [ 2.350508273, 48.82980683 ] ], [ [ 2.350508273, 48.82980683 ], [ 2.355692, 48.831483 ] ], [ [ 2.363811, 48.867503 ], [ 2.368877, 48.864545 ] ], [ [ 2.36060679, 48.8712005 ], [ 2.363811, 48.867503 ] ], [ [ 2.358278632, 48.87614188 ], [ 2.36060679, 48.8712005 ] ], [ [ 2.354931235, 48.88057476 ], [ 2.358278632, 48.87614188 ] ], [ [ 2.365826368, 48.84653927 ], [ 2.369077, 48.853082 ] ] ] } },
{ "type": "Feature", "properties": { "ligne": "Ligne 5", "couleur": "#FF7E2E", "start_date": "1939-09-03", "end_date": "1942-10-06", "projet": false }, "geometry": { "type": "MultiLineString", "coordinates": [ [ [ 2.364970744, 48.84262588 ], [ 2.360416353, 48.83798838 ] ], [ [ 2.358128428, 48.83502241 ], [ 2.355692, 48.831483 ] ], [ [ 2.358128428, 48.83502241 ], [ 2.360416353, 48.83798838 ] ], [ [ 2.364970744, 48.84262588 ], [ 2.365826368, 48.84653927 ] ], [ [ 2.370093763, 48.85613345 ], [ 2.369077, 48.853082 ] ], [ [ 2.371843, 48.859772 ], [ 2.370093763, 48.85613345 ] ], [ [ 2.368877, 48.864545 ], [ 2.371843, 48.859772 ] ], [ [ 2.295762685, 48.8744076 ], [ 2.293118, 48.871138 ] ], [ [ 2.293118, 48.871138 ], [ 2.290391922, 48.86738609 ] ], [ [ 2.290391922, 48.86738609 ], [ 2.287060618, 48.86330141 ] ], [ [ 2.287060618, 48.86330141 ], [ 2.285779, 48.857445 ] ], [ [ 2.285779, 48.857445 ], [ 2.289332, 48.853917 ] ], [ [ 2.289332, 48.853917 ], [ 2.293610573, 48.85039234 ] ], [ [ 2.293610573, 48.85039234 ], [ 2.298089862, 48.84914273 ] ], [ [ 2.298089862, 48.84914273 ], [ 2.302936614, 48.84753654 ] ], [ [ 2.302936614, 48.84753654 ], [ 2.309475839, 48.84563376 ] ], [ [ 2.309475839, 48.84563376 ], [ 2.312681079, 48.84283594 ] ], [ [ 2.312681079, 48.84283594 ], [ 2.321668, 48.84202 ] ], [ [ 2.321668, 48.84202 ], [ 2.325083613, 48.84104773 ] ], [ [ 2.325083613, 48.84104773 ], [ 2.330606282, 48.83919413 ] ], [ [ 2.330606282, 48.83919413 ], [ 2.332727909, 48.8339013 ] ], [ [ 2.332727909, 48.8339013 ], [ 2.337081134, 48.83291258 ] ], [ [ 2.337081134, 48.83291258 ], [ 2.343384326, 48.8311505 ] ], [ [ 2.343384326, 48.8311505 ], [ 2.350508273, 48.82980683 ] ], [ [ 2.350508273, 48.82980683 ], [ 2.355692, 48.831483 ] ], [ [ 2.363811, 48.867503 ], [ 2.368877, 48.864545 ] ], [ [ 2.36060679, 48.8712005 ], [ 2.363811, 48.867503 ] ], [ [ 2.358278632, 48.87614188 ], [ 2.36060679, 48.8712005 ] ], [ [ 2.354931235, 48.88057476 ], [ 2.358278632, 48.87614188 ] ], [ [ 2.365826368, 48.84653927 ], [ 2.369077, 48.853082 ] ] ] } },
{ "type": "Feature", "properties": { "ligne": "Ligne 5", "couleur": "#FF7E2E", "start_date": "1942-10-06", "end_date": "1942-10-12", "projet": false }, "geometry": { "type": "MultiLineString", "coordinates": [ [ [ 2.364970744, 48.84262588 ], [ 2.360416353, 48.83798838 ] ], [ [ 2.358128428, 48.83502241 ], [ 2.355692, 48.831483 ] ], [ [ 2.358128428, 48.83502241 ], [ 2.360416353, 48.83798838 ] ], [ [ 2.364970744, 48.84262588 ], [ 2.365826368, 48.84653927 ] ], [ [ 2.370093763, 48.85613345 ], [ 2.369077, 48.853082 ] ], [ [ 2.371843, 48.859772 ], [ 2.370093763, 48.85613345 ] ], [ [ 2.368877, 48.864545 ], [ 2.371843, 48.859772 ] ], [ [ 2.363811, 48.867503 ], [ 2.368877, 48.864545 ] ], [ [ 2.36060679, 48.8712005 ], [ 2.363811, 48.867503 ] ], [ [ 2.358278632, 48.87614188 ], [ 2.36060679, 48.8712005 ] ], [ [ 2.354931235, 48.88057476 ], [ 2.358278632, 48.87614188 ] ], [ [ 2.365826368, 48.84653927 ], [ 2.369077, 48.853082 ] ] ] } },
{ "type": "Feature", "properties": { "ligne": "Ligne 5", "couleur": "#FF7E2E", "start_date": "1942-10-12", "end_date": "1985-04-25", "projet": false }, "geometry": { "type": "MultiLineString", "coordinates": [ [ [ 2.364970744, 48.84262588 ], [ 2.360416353, 48.83798838 ] ], [ [ 2.358128428, 48.83502241 ], [ 2.355692, 48.831483 ] ], [ [ 2.358128428, 48.83502241 ], [ 2.360416353, 48.83798838 ] ], [ [ 2.364970744, 48.84262588 ], [ 2.365826368, 48.84653927 ] ], [ [ 2.370093763, 48.85613345 ], [ 2.369077, 48.853082 ] ], [ [ 2.371843, 48.859772 ], [ 2.370093763, 48.85613345 ] ], [ [ 2.368877, 48.864545 ], [ 2.371843, 48.859772 ] ], [ [ 2.363811, 48.867503 ], [ 2.368877, 48.864545 ] ], [ [ 2.36060679, 48.8712005 ], [ 2.363811, 48.867503 ] ], [ [ 2.358278632, 48.87614188 ], [ 2.36060679, 48.8712005 ] ], [ [ 2.354931235, 48.88057476 ], [ 2.358278632, 48.87614188 ] ], [ [ 2.365826368, 48.84653927 ], [ 2.369077, 48.853082 ] ], [ [ 2.354931235, 48.88057476 ], [ 2.365823686, 48.88426295 ] ], [ [ 2.365823686, 48.88426295 ], [ 2.370198369, 48.88179008 ] ], [ [ 2.370198369, 48.88179008 ], [ 2.378524, 48.885006 ] ], [ [ 2.378524, 48.885006 ], [ 2.385747135, 48.88685563 ] ], [ [ 2.385747135, 48.88685563 ], [ 2.391814291, 48.88847113 ] ], [ [ 2.391814291, 48.88847113 ], [ 2.403143942, 48.89149389 ] ], [ [ 2.403143942, 48.89149389 ], [ 2.412917912, 48.89362771 ] ] ] } },
{ "type": "Feature", "properties": { "ligne": "Ligne 5", "couleur": "#FF7E2E", "start_date": "1985-04-25", "end_date": "2028-12-02", "projet": false }, "geometry": { "type": "MultiLineString", "coordinates": [ [ [ 2.364970744, 48.84262588 ], [ 2.360416353, 48.83798838 ] ], [ [ 2.358128428, 48.83502241 ], [ 2.355692, 48.831483 ] ], [ [ 2.358128428, 48.83502241 ], [ 2.360416353, 48.83798838 ] ], [ [ 2.364970744, 48.84262588 ], [ 2.365826368, 48.84653927 ] ], [ [ 2.370093763, 48.85613345 ], [ 2.369077, 48.853082 ] ], [ [ 2.371843, 48.859772 ], [ 2.370093763, 48.85613345 ] ], [ [ 2.368877, 48.864545 ], [ 2.371843, 48.859772 ] ], [ [ 2.363811, 48.867503 ], [ 2.368877, 48.864545 ] ], [ [ 2.36060679, 48.8712005 ], [ 2.363811, 48.867503 ] ], [ [ 2.358278632, 48.87614188 ], [ 2.36060679, 48.8712005 ] ], [ [ 2.354931235, 48.88057476 ], [ 2.358278632, 48.87614188 ] ], [ [ 2.365826368, 48.84653927 ], [ 2.369077, 48.853082 ] ], [ [ 2.354931235, 48.88057476 ], [ 2.365823686, 48.88426295 ] ], [ [ 2.365823686, 48.88426295 ], [ 2.370198369, 48.88179008 ] ], [ [ 2.370198369, 48.88179008 ], [ 2.378524, 48.885006 ] ], [ [ 2.378524, 48.885006 ], [ 2.385747135, 48.88685563 ] ], [ [ 2.385747135, 48.88685563 ], [ 2.391814291, 48.88847113 ] ], [ [ 2.391814291, 48.88847113 ], [ 2.403143942, 48.89149389 ] ], [ [ 2.403143942, 48.89149389 ], [ 2.412917912, 48.89362771 ] ], [ [ 2.412917912, 48.89362771 ], [ 2.424928844, 48.89540875 ] ], [ [ 2.424928844, 48.89540875 ], [ 2.449994, 48.906538 ] ] ] } },
{ "type": "Feature", "properties": { "ligne": "Ligne 6", "couleur": "#6ECA97", "start_date": "1909-03-01", "end_date": "1939-09-03", "projet": false }, "geometry": { "type": "MultiLineString", "coordinates": [ [ [ 2.395905745, 48.84846575 ], [ 2.40049392, 48.84515011 ] ], [ [ 2.40049392, 48.84515011 ], [ 2.400912344, 48.8413443 ] ], [ [ 2.400912344, 48.8413443 ], [ 2.395792007, 48.8396443 ] ], [ [ 2.395792007, 48.8396443 ], [ 2.389963567, 48.83904937 ] ], [ [ 2.389963567, 48.83904937 ], [ 2.379582969, 48.84042809 ] ], [ [ 2.379582969, 48.84042809 ], [ 2.372773, 48.837069 ] ], [ [ 2.372773, 48.837069 ], [ 2.368082106, 48.83493767 ] ], [ [ 2.368082106, 48.83493767 ], [ 2.362717688, 48.83318272 ] ], [ [ 2.362717688, 48.83318272 ], [ 2.355692, 48.831483 ] ] ] } },
{ "type": "Feature", "properties": { "ligne": "Ligne 6", "couleur": "#6ECA97", "start_date": "1939-09-03", "end_date": "1942-10-06", "projet": false }, "geometry": { "type": "MultiLineString", "coordinates": [ [ [ 2.395905745, 48.84846575 ], [ 2.40049392, 48.84515011 ] ], [ [ 2.395792007, 48.8396443 ], [ 2.389963567, 48.83904937 ] ], [ [ 2.389963567, 48.83904937 ], [ 2.379582969, 48.84042809 ] ], [ [ 2.379582969, 48.84042809 ], [ 2.372773, 48.837069 ] ], [ [ 2.372773, 48.837069 ], [ 2.368082106, 48.83493767 ] ], [ [ 2.368082106, 48.83493767 ], [ 2.362717688, 48.83318272 ] ], [ [ 2.362717688, 48.83318272 ], [ 2.355692, 48.831483 ] ], [ [ 2.40049392, 48.84515011 ], [ 2.395792007, 48.8396443 ] ] ] } },
{ "type": "Feature", "properties": { "ligne": "Ligne 6", "couleur": "#6ECA97", "start_date": "1942-10-06", "end_date": "1963-01-07", "projet": false }, "geometry": { "type": "MultiLineString", "coordinates": [ [ [ 2.395905745, 48.84846575 ], [ 2.40049392, 48.84515011 ] ], [ [ 2.395792007, 48.8396443 ], [ 2.389963567, 48.83904937 ] ], [ [ 2.389963567, 48.83904937 ], [ 2.379582969, 48.84042809 ] ], [ [ 2.379582969, 48.84042809 ], [ 2.372773, 48.837069 ] ], [ [ 2.372773, 48.837069 ], [ 2.368082106, 48.83493767 ] ], [ [ 2.368082106, 48.83493767 ], [ 2.362717688, 48.83318272 ] ], [ [ 2.362717688, 48.83318272 ], [ 2.355692, 48.831483 ] ], [ [ 2.40049392, 48.84515011 ], [ 2.395792007, 48.8396443 ] ], [ [ 2.295762685, 48.8744076 ], [ 2.293118, 48.871138 ] ], [ [ 2.293118, 48.871138 ], [ 2.290391922, 48.86738609 ] ], [ [ 2.290391922, 48.86738609 ], [ 2.287060618, 48.86330141 ] ], [ [ 2.287060618, 48.86330141 ], [ 2.285779, 48.857445 ] ], [ [ 2.285779, 48.857445 ], [ 2.289332, 48.853917 ] ], [ [ 2.289332, 48.853917 ], [ 2.293610573, 48.85039234 ] ], [ [ 2.293610573, 48.85039234 ], [ 2.298089862, 48.84914273 ] ], [ [ 2.298089862, 48.84914273 ], [ 2.302936614, 48.84753654 ] ], [ [ 2.302936614, 48.84753654 ], [ 2.309475839, 48.84563376 ] ], [ [ 2.309475839, 48.84563376 ], [ 2.312681079, 48.84283594 ] ], [ [ 2.312681079, 48.84283594 ], [ 2.321668, 48.84202 ] ], [ [ 2.321668, 48.84202 ], [ 2.325083613, 48.84104773 ] ], [ [ 2.325083613, 48.84104773 ], [ 2.330606282, 48.83919413 ] ], [ [ 2.330606282, 48.83919413 ], [ 2.332727909, 48.8339013 ] ], [ [ 2.332727909, 48.8339013 ], [ 2.337081134, 48.83291258 ] ], [ [ 2.337081134, 48.83291258 ], [ 2.343384326, 48.8311505 ] ], [ [ 2.343384326, 48.8311505 ], [ 2.350508273, 48.82980683 ] ], [ [ 2.350508273, 48.82980683 ], [ 2.355692, 48.831483 ] ] ] } },
{ "type": "Feature", "properties": { "ligne": "Ligne 6", "couleur": "#6ECA97", "start_date": "1963-01-07", "end_date": "2028-12-02", "projet": false }, "geometry": { "type": "MultiLineString", "coordinates": [ [ [ 2.395905745, 48.84846575 ], [ 2.40049392, 48.84515011 ] ], [ [ 2.395792007, 48.8396443 ], [ 2.389963567, 48.83904937 ] ], [ [ 2.389963567, 48.83904937 ], [ 2.379582969, 48.84042809 ] ], [ [ 2.379582969, 48.84042809 ], [ 2.372773, 48.837069 ] ], [ [ 2.372773, 48.837069 ], [ 2.368082106, 48.83493767 ] ], [ [ 2.368082106, 48.83493767 ], [ 2.362717688, 48.83318272 ] ], [ [ 2.362717688, 48.83318272 ], [ 2.355692, 48.831483 ] ], [ [ 2.295762685, 48.8744076 ], [ 2.293118, 48.871138 ] ], [ [ 2.293118, 48.871138 ], [ 2.290391922, 48.86738609 ] ], [ [ 2.290391922, 48.86738609 ], [ 2.287060618, 48.86330141 ] ], [ [ 2.287060618, 48.86330141 ], [ 2.285779, 48.857445 ] ], [ [ 2.285779, 48.857445 ], [ 2.289332, 48.853917 ] ], [ [ 2.289332, 48.853917 ], [ 2.293610573, 48.85039234 ] ], [ [ 2.293610573, 48.85039234 ], [ 2.298089862, 48.84914273 ] ], [ [ 2.298089862, 48.84914273 ], [ 2.302936614, 48.84753654 ] ], [ [ 2.302936614, 48.84753654 ], [ 2.309475839, 48.84563376 ] ], [ [ 2.309475839, 48.84563376 ], [ 2.312681079, 48.84283594 ] ], [ [ 2.312681079, 48.84283594 ], [ 2.321668, 48.84202 ] ], [ [ 2.321668, 48.84202 ], [ 2.325083613, 48.84104773 ] ], [ [ 2.325083613, 48.84104773 ], [ 2.330606282, 48.83919413 ] ], [ [ 2.330606282, 48.83919413 ], [ 2.332727909, 48.8339013 ] ], [ [ 2.332727909, 48.8339013 ], [ 2.337081134, 48.83291258 ] ], [ [ 2.337081134, 48.83291258 ], [ 2.343384326, 48.8311505 ] ], [ [ 2.343384326, 48.8311505 ], [ 2.350508273, 48.82980683 ] ], [ [ 2.350508273, 48.82980683 ], [ 2.355692, 48.831483 ] ], [ [ 2.40049392, 48.84515011 ], [ 2.400912344, 48.8413443 ] ], [ [ 2.400912344, 48.8413443 ], [ 2.395792007, 48.8396443 ] ] ] } },
{ "type": "Feature", "properties": { "ligne": "Ligne 7", "couleur": "#FA9ABA", "start_date": "1910-11-05", "end_date": "1911-01-18", "projet": false }, "geometry": { "type": "MultiLineString", "coordinates": [ [ [ 2.3323524, 48.87063595 ], [ 2.333932221, 48.87307232 ] ], [ [ 2.333932221, 48.87307232 ], [ 2.344875634, 48.87613482 ] ], [ [ 2.344875634, 48.87613482 ], [ 2.348445654, 48.87707506 ] ], [ [ 2.348445654, 48.87707506 ], [ 2.358278632, 48.87614188 ] ], [ [ 2.358278632, 48.87614188 ], [ 2.362071276, 48.87845627 ] ], [ [ 2.362071276, 48.87845627 ], [ 2.364839315, 48.88113745 ] ], [ [ 2.364839315, 48.88113745 ], [ 2.365823686, 48.88426295 ] ], [ [ 2.365823686, 48.88426295 ], [ 2.373577952, 48.88788032 ] ], [ [ 2.373577952, 48.88788032 ], [ 2.377377, 48.89142 ] ], [ [ 2.377377, 48.89142 ], [ 2.382307, 48.89473 ] ], [ [ 2.382307, 48.89473 ], [ 2.385875881, 48.89708922 ] ] ] } },
{ "type": "Feature", "properties": { "ligne": "Ligne 7", "couleur": "#FA9ABA", "start_date": "1911-01-18", "end_date": "1911-06-06", "projet": false }, "geometry": { "type": "MultiLineString", "coordinates": [ [ [ 2.3323524, 48.87063595 ], [ 2.333932221, 48.87307232 ] ], [ [ 2.333932221, 48.87307232 ], [ 2.344875634, 48.87613482 ] ], [ [ 2.344875634, 48.87613482 ], [ 2.348445654, 48.87707506 ] ], [ [ 2.348445654, 48.87707506 ], [ 2.358278632, 48.87614188 ] ], [ [ 2.358278632, 48.87614188 ], [ 2.362071276, 48.87845627 ] ], [ [ 2.362071276, 48.87845627 ], [ 2.364839315, 48.88113745 ] ], [ [ 2.364839315, 48.88113745 ], [ 2.365823686, 48.88426295 ] ], [ [ 2.365823686, 48.88426295 ], [ 2.373577952, 48.88788032 ] ], [ [ 2.373577952, 48.88788032 ], [ 2.377377, 48.89142 ] ], [ [ 2.377377, 48.89142 ], [ 2.382307, 48.89473 ] ], [ [ 2.382307, 48.89473 ], [ 2.385875881, 48.89708922 ] ], [ [ 2.364839315, 48.88113745 ], [ 2.370198369, 48.88179008 ] ], [ [ 2.370198369, 48.88179008 ], [ 2.374921739, 48.88050244 ] ], [ [ 2.374921739, 48.88050244 ], [ 2.388040423, 48.87955169 ] ], [ [ 2.388040423, 48.87955169 ], [ 2.398914099, 48.8802502 ] ], [ [ 2.394201458, 48.88180772 ], [ 2.388040423, 48.87955169 ] ], [ [ 2.398914099, 48.8802502 ], [ 2.394201458, 48.88180772 ] ] ] } },
{ "type": "Feature", "properties": { "ligne": "Ligne 7", "couleur": "#FA9ABA", "start_date": "1911-06-06", "end_date": "1912-02-13", "projet": false }, "geometry": { "type": "MultiLineString", "coordinates": [ [ [ 2.3323524, 48.87063595 ], [ 2.333932221, 48.87307232 ] ], [ [ 2.344875634, 48.87613482 ], [ 2.348445654, 48.87707506 ] ], [ [ 2.348445654, 48.87707506 ], [ 2.358278632, 48.87614188 ] ], [ [ 2.358278632, 48.87614188 ], [ 2.362071276, 48.87845627 ] ], [ [ 2.362071276, 48.87845627 ], [ 2.364839315, 48.88113745 ] ], [ [ 2.364839315, 48.88113745 ], [ 2.365823686, 48.88426295 ] ], [ [ 2.365823686, 48.88426295 ], [ 2.373577952, 48.88788032 ] ], [ [ 2.373577952, 48.88788032 ], [ 2.377377, 48.89142 ] ], [ [ 2.377377, 48.89142 ], [ 2.382307, 48.89473 ] ], [ [ 2.382307, 48.89473 ], [ 2.385875881, 48.89708922 ] ], [ [ 2.364839315, 48.88113745 ], [ 2.370198369, 48.88179008 ] ], [ [ 2.370198369, 48.88179008 ], [ 2.374921739, 48.88050244 ] ], [ [ 2.374921739, 48.88050244 ], [ 2.388040423, 48.87955169 ] ], [ [ 2.388040423, 48.87955169 ], [ 2.398914099, 48.8802502 ] ], [ [ 2.394201458, 48.88180772 ], [ 2.388040423, 48.87955169 ] ], [ [ 2.398914099, 48.8802502 ], [ 2.394201458, 48.88180772 ] ], [ [ 2.339548767, 48.87472003 ], [ 2.344875634, 48.87613482 ] ], [ [ 2.339548767, 48.87472003 ], [ 2.333932221, 48.87307232 ] ] ] } },
{ "type": "Feature", "properties": { "ligne": "Ligne 7", "couleur": "#FA9ABA", "start_date": "1912-02-13", "end_date": "1916-07-01", "projet": false }, "geometry": { "type": "MultiLineString", "coordinates": [ [ [ 2.3323524, 48.87063595 ], [ 2.333932221, 48.87307232 ] ], [ [ 2.344875634, 48.87613482 ], [ 2.348445654, 48.87707506 ] ], [ [ 2.348445654, 48.87707506 ], [ 2.358278632, 48.87614188 ] ], [ [ 2.358278632, 48.87614188 ], [ 2.362071276, 48.87845627 ] ], [ [ 2.362071276, 48.87845627 ], [ 2.364839315, 48.88113745 ] ], [ [ 2.364839315, 48.88113745 ], [ 2.365823686, 48.88426295 ] ], [ [ 2.365823686, 48.88426295 ], [ 2.373577952, 48.88788032 ] ], [ [ 2.373577952, 48.88788032 ], [ 2.377377, 48.89142 ] ], [ [ 2.377377, 48.89142 ], [ 2.382307, 48.89473 ] ], [ [ 2.382307, 48.89473 ], [ 2.385875881, 48.89708922 ] ], [ [ 2.364839315, 48.88113745 ], [ 2.370198369, 48.88179008 ] ], [ [ 2.370198369, 48.88179008 ], [ 2.374921739, 48.88050244 ] ], [ [ 2.394201458, 48.88180772 ], [ 2.388040423, 48.87955169 ] ], [ [ 2.398914099, 48.8802502 ], [ 2.394201458, 48.88180772 ] ], [ [ 2.339548767, 48.87472003 ], [ 2.344875634, 48.87613482 ] ], [ [ 2.339548767, 48.87472003 ], [ 2.333932221, 48.87307232 ] ], [ [ 2.381772101, 48.87850037 ], [ 2.374921739, 48.88050244 ] ], [ [ 2.381772101, 48.87850037 ], [ 2.388040423, 48.87955169 ] ], [ [ 2.392959595, 48.87684044 ], [ 2.398914099, 48.8802502 ] ], [ [ 2.388040423, 48.87955169 ], [ 2.392959595, 48.87684044 ] ] ] } },
{ "type": "Feature", "properties": { "ligne": "Ligne 7", "couleur": "#FA9ABA", "start_date": "1916-07-01", "end_date": "1926-04-16", "projet": false }, "geometry": { "type": "MultiLineString", "coordinates": [ [ [ 2.3323524, 48.87063595 ], [ 2.333932221, 48.87307232 ] ], [ [ 2.344875634, 48.87613482 ], [ 2.348445654, 48.87707506 ] ], [ [ 2.348445654, 48.87707506 ], [ 2.358278632, 48.87614188 ] ], [ [ 2.358278632, 48.87614188 ], [ 2.362071276, 48.87845627 ] ], [ [ 2.362071276, 48.87845627 ], [ 2.364839315, 48.88113745 ] ], [ [ 2.364839315, 48.88113745 ], [ 2.365823686, 48.88426295 ] ], [ [ 2.365823686, 48.88426295 ], [ 2.373577952, 48.88788032 ] ], [ [ 2.373577952, 48.88788032 ], [ 2.377377, 48.89142 ] ], [ [ 2.377377, 48.89142 ], [ 2.382307, 48.89473 ] ], [ [ 2.382307, 48.89473 ], [ 2.385875881, 48.89708922 ] ], [ [ 2.364839315, 48.88113745 ], [ 2.370198369, 48.88179008 ] ], [ [ 2.370198369, 48.88179008 ], [ 2.374921739, 48.88050244 ] ], [ [ 2.394201458, 48.88180772 ], [ 2.388040423, 48.87955169 ] ], [ [ 2.398914099, 48.8802502 ], [ 2.394201458, 48.88180772 ] ], [ [ 2.339548767, 48.87472003 ], [ 2.344875634, 48.87613482 ] ], [ [ 2.339548767, 48.87472003 ], [ 2.333932221, 48.87307232 ] ], [ [ 2.381772101, 48.87850037 ], [ 2.374921739, 48.88050244 ] ], [ [ 2.381772101, 48.87850037 ], [ 2.388040423, 48.87955169 ] ], [ [ 2.392959595, 48.87684044 ], [ 2.398914099, 48.8802502 ] ], [ [ 2.388040423, 48.87955169 ], [ 2.392959595, 48.87684044 ] ], [ [ 2.3323524, 48.87063595 ], [ 2.333665066, 48.8669463 ] ], [ [ 2.333665066, 48.8669463 ], [ 2.335816612, 48.86284682 ] ] ] } },
{ "type": "Feature", "properties": { "ligne": "Ligne 7", "couleur": "#FA9ABA", "start_date": "1926-04-16", "end_date": "1930-06-03", "projet": false }, "geometry": { "type": "MultiLineString", "coordinates": [ [ [ 2.3323524, 48.87063595 ], [ 2.333932221, 48.87307232 ] ], [ [ 2.344875634, 48.87613482 ], [ 2.348445654, 48.87707506 ] ], [ [ 2.348445654, 48.87707506 ], [ 2.358278632, 48.87614188 ] ], [ [ 2.358278632, 48.87614188 ], [ 2.362071276, 48.87845627 ] ], [ [ 2.362071276, 48.87845627 ], [ 2.364839315, 48.88113745 ] ], [ [ 2.364839315, 48.88113745 ], [ 2.365823686, 48.88426295 ] ], [ [ 2.365823686, 48.88426295 ], [ 2.373577952, 48.88788032 ] ], [ [ 2.373577952, 48.88788032 ], [ 2.377377, 48.89142 ] ], [ [ 2.377377, 48.89142 ], [ 2.382307, 48.89473 ] ], [ [ 2.382307, 48.89473 ], [ 2.385875881, 48.89708922 ] ], [ [ 2.364839315, 48.88113745 ], [ 2.370198369, 48.88179008 ] ], [ [ 2.370198369, 48.88179008 ], [ 2.374921739, 48.88050244 ] ], [ [ 2.394201458, 48.88180772 ], [ 2.388040423, 48.87955169 ] ], [ [ 2.398914099, 48.8802502 ], [ 2.394201458, 48.88180772 ] ], [ [ 2.339548767, 48.87472003 ], [ 2.344875634, 48.87613482 ] ], [ [ 2.339548767, 48.87472003 ], [ 2.333932221, 48.87307232 ] ], [ [ 2.381772101, 48.87850037 ], [ 2.374921739, 48.88050244 ] ], [ [ 2.381772101, 48.87850037 ], [ 2.388040423, 48.87955169 ] ], [ [ 2.392959595, 48.87684044 ], [ 2.398914099, 48.8802502 ] ], [ [ 2.388040423, 48.87955169 ], [ 2.392959595, 48.87684044 ] ], [ [ 2.3323524, 48.87063595 ], [ 2.333665066, 48.8669463 ] ], [ [ 2.333665066, 48.8669463 ], [ 2.335816612, 48.86284682 ] ], [ [ 2.335816612, 48.86284682 ], [ 2.341488004, 48.85867641 ] ], [ [ 2.341488004, 48.85867641 ], [ 2.348899, 48.856725 ] ], [ [ 2.348899, 48.856725 ], [ 2.357616127, 48.8532868 ] ] ] } },
{ "type": "Feature", "properties": { "ligne": "Ligne 7", "couleur": "#FA9ABA", "start_date": "1930-06-03", "end_date": "1931-04-26", "projet": false }, "geometry": { "type": "MultiLineString", "coordinates": [ [ [ 2.3323524, 48.87063595 ], [ 2.333932221, 48.87307232 ] ], [ [ 2.344875634, 48.87613482 ], [ 2.348445654, 48.87707506 ] ], [ [ 2.348445654, 48.87707506 ], [ 2.358278632, 48.87614188 ] ], [ [ 2.358278632, 48.87614188 ], [ 2.362071276, 48.87845627 ] ], [ [ 2.362071276, 48.87845627 ], [ 2.364839315, 48.88113745 ] ], [ [ 2.364839315, 48.88113745 ], [ 2.365823686, 48.88426295 ] ], [ [ 2.365823686, 48.88426295 ], [ 2.373577952, 48.88788032 ] ], [ [ 2.373577952, 48.88788032 ], [ 2.377377, 48.89142 ] ], [ [ 2.377377, 48.89142 ], [ 2.382307, 48.89473 ] ], [ [ 2.382307, 48.89473 ], [ 2.385875881, 48.89708922 ] ], [ [ 2.364839315, 48.88113745 ], [ 2.370198369, 48.88179008 ] ], [ [ 2.370198369, 48.88179008 ], [ 2.374921739, 48.88050244 ] ], [ [ 2.394201458, 48.88180772 ], [ 2.388040423, 48.87955169 ] ], [ [ 2.398914099, 48.8802502 ], [ 2.394201458, 48.88180772 ] ], [ [ 2.339548767, 48.87472003 ], [ 2.344875634, 48.87613482 ] ], [ [ 2.339548767, 48.87472003 ], [ 2.333932221, 48.87307232 ] ], [ [ 2.381772101, 48.87850037 ], [ 2.374921739, 48.88050244 ] ], [ [ 2.381772101, 48.87850037 ], [ 2.388040423, 48.87955169 ] ], [ [ 2.392959595, 48.87684044 ], [ 2.398914099, 48.8802502 ] ], [ [ 2.388040423, 48.87955169 ], [ 2.392959595, 48.87684044 ] ], [ [ 2.3323524, 48.87063595 ], [ 2.333665066, 48.8669463 ] ], [ [ 2.333665066, 48.8669463 ], [ 2.335816612, 48.86284682 ] ], [ [ 2.335816612, 48.86284682 ], [ 2.341488004, 48.85867641 ] ], [ [ 2.341488004, 48.85867641 ], [ 2.348899, 48.856725 ] ], [ [ 2.348899, 48.856725 ], [ 2.357616127, 48.8532868 ] ], [ [ 2.357616127, 48.8532868 ], [ 2.36189425, 48.85142483 ] ] ] } },
{ "type": "Feature", "properties": { "ligne": "Ligne 7", "couleur": "#FA9ABA", "start_date": "1931-04-26", "end_date": "1946-05-01", "projet": false }, "geometry": { "type": "MultiLineString", "coordinates": [ [ [ 2.3323524, 48.87063595 ], [ 2.333932221, 48.87307232 ] ], [ [ 2.344875634, 48.87613482 ], [ 2.348445654, 48.87707506 ] ], [ [ 2.348445654, 48.87707506 ], [ 2.358278632, 48.87614188 ] ], [ [ 2.358278632, 48.87614188 ], [ 2.362071276, 48.87845627 ] ], [ [ 2.362071276, 48.87845627 ], [ 2.364839315, 48.88113745 ] ], [ [ 2.364839315, 48.88113745 ], [ 2.365823686, 48.88426295 ] ], [ [ 2.365823686, 48.88426295 ], [ 2.373577952, 48.88788032 ] ], [ [ 2.373577952, 48.88788032 ], [ 2.377377, 48.89142 ] ], [ [ 2.377377, 48.89142 ], [ 2.382307, 48.89473 ] ], [ [ 2.382307, 48.89473 ], [ 2.385875881, 48.89708922 ] ], [ [ 2.364839315, 48.88113745 ], [ 2.370198369, 48.88179008 ] ], [ [ 2.370198369, 48.88179008 ], [ 2.374921739, 48.88050244 ] ], [ [ 2.394201458, 48.88180772 ], [ 2.388040423, 48.87955169 ] ], [ [ 2.398914099, 48.8802502 ], [ 2.394201458, 48.88180772 ] ], [ [ 2.339548767, 48.87472003 ], [ 2.344875634, 48.87613482 ] ], [ [ 2.339548767, 48.87472003 ], [ 2.333932221, 48.87307232 ] ], [ [ 2.381772101, 48.87850037 ], [ 2.374921739, 48.88050244 ] ], [ [ 2.381772101, 48.87850037 ], [ 2.388040423, 48.87955169 ] ], [ [ 2.392959595, 48.87684044 ], [ 2.398914099, 48.8802502 ] ], [ [ 2.388040423, 48.87955169 ], [ 2.392959595, 48.87684044 ] ], [ [ 2.3323524, 48.87063595 ], [ 2.333665066, 48.8669463 ] ], [ [ 2.333665066, 48.8669463 ], [ 2.335816612, 48.86284682 ] ], [ [ 2.335816612, 48.86284682 ], [ 2.341488004, 48.85867641 ] ], [ [ 2.341488004, 48.85867641 ], [ 2.348899, 48.856725 ] ], [ [ 2.348899, 48.856725 ], [ 2.357616127, 48.8532868 ] ], [ [ 2.357616127, 48.8532868 ], [ 2.36189425, 48.85142483 ] ], [ [ 2.36189425, 48.85142483 ], [ 2.355738, 48.846052 ] ], [ [ 2.355738, 48.846052 ], [ 2.352279, 48.84359 ] ], [ [ 2.352279, 48.84359 ], [ 2.351774, 48.840597 ] ], [ [ 2.351774, 48.840597 ], [ 2.35225, 48.8364 ] ], [ [ 2.35225, 48.8364 ], [ 2.355692, 48.831483 ] ], [ [ 2.355692, 48.831483 ], [ 2.357678, 48.826665 ] ], [ [ 2.357678, 48.826665 ], [ 2.358531, 48.822155 ] ], [ [ 2.358531, 48.822155 ], [ 2.360805, 48.819196 ] ], [ [ 2.360805, 48.819196 ], [ 2.365292609, 48.82031533 ] ], [ [ 2.365292609, 48.82031533 ], [ 2.370439768, 48.82095992 ] ] ] } },
{ "type": "Feature", "properties": { "ligne": "Ligne 7", "couleur": "#FA9ABA", "start_date": "1946-05-01", "end_date": "1967-12-03", "projet": false }, "geometry": { "type": "MultiLineString", "coordinates": [ [ [ 2.3323524, 48.87063595 ], [ 2.333932221, 48.87307232 ] ], [ [ 2.344875634, 48.87613482 ], [ 2.348445654, 48.87707506 ] ], [ [ 2.348445654, 48.87707506 ], [ 2.358278632, 48.87614188 ] ], [ [ 2.358278632, 48.87614188 ], [ 2.362071276, 48.87845627 ] ], [ [ 2.362071276, 48.87845627 ], [ 2.364839315, 48.88113745 ] ], [ [ 2.364839315, 48.88113745 ], [ 2.365823686, 48.88426295 ] ], [ [ 2.365823686, 48.88426295 ], [ 2.373577952, 48.88788032 ] ], [ [ 2.373577952, 48.88788032 ], [ 2.377377, 48.89142 ] ], [ [ 2.377377, 48.89142 ], [ 2.382307, 48.89473 ] ], [ [ 2.382307, 48.89473 ], [ 2.385875881, 48.89708922 ] ], [ [ 2.364839315, 48.88113745 ], [ 2.370198369, 48.88179008 ] ], [ [ 2.370198369, 48.88179008 ], [ 2.374921739, 48.88050244 ] ], [ [ 2.394201458, 48.88180772 ], [ 2.388040423, 48.87955169 ] ], [ [ 2.398914099, 48.8802502 ], [ 2.394201458, 48.88180772 ] ], [ [ 2.339548767, 48.87472003 ], [ 2.344875634, 48.87613482 ] ], [ [ 2.339548767, 48.87472003 ], [ 2.333932221, 48.87307232 ] ], [ [ 2.381772101, 48.87850037 ], [ 2.374921739, 48.88050244 ] ], [ [ 2.381772101, 48.87850037 ], [ 2.388040423, 48.87955169 ] ], [ [ 2.392959595, 48.87684044 ], [ 2.398914099, 48.8802502 ] ], [ [ 2.388040423, 48.87955169 ], [ 2.392959595, 48.87684044 ] ], [ [ 2.3323524, 48.87063595 ], [ 2.333665066, 48.8669463 ] ], [ [ 2.333665066, 48.8669463 ], [ 2.335816612, 48.86284682 ] ], [ [ 2.335816612, 48.86284682 ], [ 2.341488004, 48.85867641 ] ], [ [ 2.341488004, 48.85867641 ], [ 2.348899, 48.856725 ] ], [ [ 2.348899, 48.856725 ], [ 2.357616127, 48.8532868 ] ], [ [ 2.357616127, 48.8532868 ], [ 2.36189425, 48.85142483 ] ], [ [ 2.36189425, 48.85142483 ], [ 2.355738, 48.846052 ] ], [ [ 2.355738, 48.846052 ], [ 2.352279, 48.84359 ] ], [ [ 2.352279, 48.84359 ], [ 2.351774, 48.840597 ] ], [ [ 2.351774, 48.840597 ], [ 2.35225, 48.8364 ] ], [ [ 2.35225, 48.8364 ], [ 2.355692, 48.831483 ] ], [ [ 2.355692, 48.831483 ], [ 2.357678, 48.826665 ] ], [ [ 2.357678, 48.826665 ], [ 2.358531, 48.822155 ] ], [ [ 2.358531, 48.822155 ], [ 2.360805, 48.819196 ] ], [ [ 2.360805, 48.819196 ], [ 2.365292609, 48.82031533 ] ], [ [ 2.365292609, 48.82031533 ], [ 2.370439768, 48.82095992 ] ], [ [ 2.370439768, 48.82095992 ], [ 2.377893627, 48.81591773 ] ], [ [ 2.377893627, 48.81591773 ], [ 2.383386791, 48.81112408 ] ] ] } },
{ "type": "Feature", "properties": { "ligne": "Ligne 7", "couleur": "#FA9ABA", "start_date": "1967-12-03", "end_date": "1979-10-04", "projet": false }, "geometry": { "type": "MultiLineString", "coordinates": [ [ [ 2.3323524, 48.87063595 ], [ 2.333932221, 48.87307232 ] ], [ [ 2.344875634, 48.87613482 ], [ 2.348445654, 48.87707506 ] ], [ [ 2.348445654, 48.87707506 ], [ 2.358278632, 48.87614188 ] ], [ [ 2.358278632, 48.87614188 ], [ 2.362071276, 48.87845627 ] ], [ [ 2.362071276, 48.87845627 ], [ 2.364839315, 48.88113745 ] ], [ [ 2.364839315, 48.88113745 ], [ 2.365823686, 48.88426295 ] ], [ [ 2.365823686, 48.88426295 ], [ 2.373577952, 48.88788032 ] ], [ [ 2.373577952, 48.88788032 ], [ 2.377377, 48.89142 ] ], [ [ 2.377377, 48.89142 ], [ 2.382307, 48.89473 ] ], [ [ 2.382307, 48.89473 ], [ 2.385875881, 48.89708922 ] ], [ [ 2.339548767, 48.87472003 ], [ 2.344875634, 48.87613482 ] ], [ [ 2.339548767, 48.87472003 ], [ 2.333932221, 48.87307232 ] ], [ [ 2.3323524, 48.87063595 ], [ 2.333665066, 48.8669463 ] ], [ [ 2.333665066, 48.8669463 ], [ 2.335816612, 48.86284682 ] ], [ [ 2.335816612, 48.86284682 ], [ 2.341488004, 48.85867641 ] ], [ [ 2.341488004, 48.85867641 ], [ 2.348899, 48.856725 ] ], [ [ 2.348899, 48.856725 ], [ 2.357616127, 48.8532868 ] ], [ [ 2.357616127, 48.8532868 ], [ 2.36189425, 48.85142483 ] ], [ [ 2.36189425, 48.85142483 ], [ 2.355738, 48.846052 ] ], [ [ 2.355738, 48.846052 ], [ 2.352279, 48.84359 ] ], [ [ 2.352279, 48.84359 ], [ 2.351774, 48.840597 ] ], [ [ 2.351774, 48.840597 ], [ 2.35225, 48.8364 ] ], [ [ 2.35225, 48.8364 ], [ 2.355692, 48.831483 ] ], [ [ 2.355692, 48.831483 ], [ 2.357678, 48.826665 ] ], [ [ 2.357678, 48.826665 ], [ 2.358531, 48.822155 ] ], [ [ 2.358531, 48.822155 ], [ 2.360805, 48.819196 ] ], [ [ 2.360805, 48.819196 ], [ 2.365292609, 48.82031533 ] ], [ [ 2.365292609, 48.82031533 ], [ 2.370439768, 48.82095992 ] ], [ [ 2.370439768, 48.82095992 ], [ 2.377893627, 48.81591773 ] ], [ [ 2.377893627, 48.81591773 ], [ 2.383386791, 48.81112408 ] ] ] } },
{ "type": "Feature", "properties": { "ligne": "Ligne 7", "couleur": "#FA9ABA", "start_date": "1979-10-04", "end_date": "1982-12-10", "projet": false }, "geometry": { "type": "MultiLineString", "coordinates": [ [ [ 2.3323524, 48.87063595 ], [ 2.333932221, 48.87307232 ] ], [ [ 2.344875634, 48.87613482 ], [ 2.348445654, 48.87707506 ] ], [ [ 2.348445654, 48.87707506 ], [ 2.358278632, 48.87614188 ] ], [ [ 2.358278632, 48.87614188 ], [ 2.362071276, 48.87845627 ] ], [ [ 2.362071276, 48.87845627 ], [ 2.364839315, 48.88113745 ] ], [ [ 2.364839315, 48.88113745 ], [ 2.365823686, 48.88426295 ] ], [ [ 2.365823686, 48.88426295 ], [ 2.373577952, 48.88788032 ] ], [ [ 2.373577952, 48.88788032 ], [ 2.377377, 48.89142 ] ], [ [ 2.377377, 48.89142 ], [ 2.382307, 48.89473 ] ], [ [ 2.382307, 48.89473 ], [ 2.385875881, 48.89708922 ] ], [ [ 2.339548767, 48.87472003 ], [ 2.344875634, 48.87613482 ] ], [ [ 2.339548767, 48.87472003 ], [ 2.333932221, 48.87307232 ] ], [ [ 2.3323524, 48.87063595 ], [ 2.333665066, 48.8669463 ] ], [ [ 2.333665066, 48.8669463 ], [ 2.335816612, 48.86284682 ] ], [ [ 2.335816612, 48.86284682 ], [ 2.341488004, 48.85867641 ] ], [ [ 2.341488004, 48.85867641 ], [ 2.348899, 48.856725 ] ], [ [ 2.348899, 48.856725 ], [ 2.357616127, 48.8532868 ] ], [ [ 2.357616127, 48.8532868 ], [ 2.36189425, 48.85142483 ] ], [ [ 2.36189425, 48.85142483 ], [ 2.355738, 48.846052 ] ], [ [ 2.355738, 48.846052 ], [ 2.352279, 48.84359 ] ], [ [ 2.352279, 48.84359 ], [ 2.351774, 48.840597 ] ], [ [ 2.351774, 48.840597 ], [ 2.35225, 48.8364 ] ], [ [ 2.35225, 48.8364 ], [ 2.355692, 48.831483 ] ], [ [ 2.355692, 48.831483 ], [ 2.357678, 48.826665 ] ], [ [ 2.357678, 48.826665 ], [ 2.358531, 48.822155 ] ], [ [ 2.358531, 48.822155 ], [ 2.360805, 48.819196 ] ], [ [ 2.360805, 48.819196 ], [ 2.365292609, 48.82031533 ] ], [ [ 2.365292609, 48.82031533 ], [ 2.370439768, 48.82095992 ] ], [ [ 2.370439768, 48.82095992 ], [ 2.377893627, 48.81591773 ] ], [ [ 2.377893627, 48.81591773 ], [ 2.383386791, 48.81112408 ] ], [ [ 2.385875881, 48.89708922 ], [ 2.392495573, 48.90389694 ] ], [ [ 2.392495573, 48.90389694 ], [ 2.40378499, 48.91423986 ] ] ] } },
{ "type": "Feature", "properties": { "ligne": "Ligne 7", "couleur": "#FA9ABA", "start_date": "1982-12-10", "end_date": "1985-02-28", "projet": false }, "geometry": { "type": "MultiLineString", "coordinates": [ [ [ 2.3323524, 48.87063595 ], [ 2.333932221, 48.87307232 ] ], [ [ 2.344875634, 48.87613482 ], [ 2.348445654, 48.87707506 ] ], [ [ 2.348445654, 48.87707506 ], [ 2.358278632, 48.87614188 ] ], [ [ 2.358278632, 48.87614188 ], [ 2.362071276, 48.87845627 ] ], [ [ 2.362071276, 48.87845627 ], [ 2.364839315, 48.88113745 ] ], [ [ 2.364839315, 48.88113745 ], [ 2.365823686, 48.88426295 ] ], [ [ 2.365823686, 48.88426295 ], [ 2.373577952, 48.88788032 ] ], [ [ 2.373577952, 48.88788032 ], [ 2.377377, 48.89142 ] ], [ [ 2.377377, 48.89142 ], [ 2.382307, 48.89473 ] ], [ [ 2.382307, 48.89473 ], [ 2.385875881, 48.89708922 ] ], [ [ 2.339548767, 48.87472003 ], [ 2.344875634, 48.87613482 ] ], [ [ 2.339548767, 48.87472003 ], [ 2.333932221, 48.87307232 ] ], [ [ 2.3323524, 48.87063595 ], [ 2.333665066, 48.8669463 ] ], [ [ 2.333665066, 48.8669463 ], [ 2.335816612, 48.86284682 ] ], [ [ 2.335816612, 48.86284682 ], [ 2.341488004, 48.85867641 ] ], [ [ 2.341488004, 48.85867641 ], [ 2.348899, 48.856725 ] ], [ [ 2.348899, 48.856725 ], [ 2.357616127, 48.8532868 ] ], [ [ 2.357616127, 48.8532868 ], [ 2.36189425, 48.85142483 ] ], [ [ 2.36189425, 48.85142483 ], [ 2.355738, 48.846052 ] ], [ [ 2.355738, 48.846052 ], [ 2.352279, 48.84359 ] ], [ [ 2.352279, 48.84359 ], [ 2.351774, 48.840597 ] ], [ [ 2.351774, 48.840597 ], [ 2.35225, 48.8364 ] ], [ [ 2.35225, 48.8364 ], [ 2.355692, 48.831483 ] ], [ [ 2.355692, 48.831483 ], [ 2.357678, 48.826665 ] ], [ [ 2.357678, 48.826665 ], [ 2.358531, 48.822155 ] ], [ [ 2.358531, 48.822155 ], [ 2.360805, 48.819196 ] ], [ [ 2.360805, 48.819196 ], [ 2.365292609, 48.82031533 ] ], [ [ 2.365292609, 48.82031533 ], [ 2.370439768, 48.82095992 ] ], [ [ 2.370439768, 48.82095992 ], [ 2.377893627, 48.81591773 ] ], [ [ 2.377893627, 48.81591773 ], [ 2.383386791, 48.81112408 ] ], [ [ 2.358531, 48.822155 ], [ 2.361849, 48.810388 ] ], [ [ 2.385875881, 48.89708922 ], [ 2.392495573, 48.90389694 ] ], [ [ 2.392495573, 48.90389694 ], [ 2.40378499, 48.91423986 ] ] ] } },
{ "type": "Feature", "properties": { "ligne": "Ligne 7", "couleur": "#FA9ABA", "start_date": "1985-02-28", "end_date": "1987-05-06", "projet": false }, "geometry": { "type": "MultiLineString", "coordinates": [ [ [ 2.3323524, 48.87063595 ], [ 2.333932221, 48.87307232 ] ], [ [ 2.344875634, 48.87613482 ], [ 2.348445654, 48.87707506 ] ], [ [ 2.348445654, 48.87707506 ], [ 2.358278632, 48.87614188 ] ], [ [ 2.358278632, 48.87614188 ], [ 2.362071276, 48.87845627 ] ], [ [ 2.362071276, 48.87845627 ], [ 2.364839315, 48.88113745 ] ], [ [ 2.364839315, 48.88113745 ], [ 2.365823686, 48.88426295 ] ], [ [ 2.365823686, 48.88426295 ], [ 2.373577952, 48.88788032 ] ], [ [ 2.373577952, 48.88788032 ], [ 2.377377, 48.89142 ] ], [ [ 2.377377, 48.89142 ], [ 2.382307, 48.89473 ] ], [ [ 2.382307, 48.89473 ], [ 2.385875881, 48.89708922 ] ], [ [ 2.339548767, 48.87472003 ], [ 2.344875634, 48.87613482 ] ], [ [ 2.339548767, 48.87472003 ], [ 2.333932221, 48.87307232 ] ], [ [ 2.3323524, 48.87063595 ], [ 2.333665066, 48.8669463 ] ], [ [ 2.333665066, 48.8669463 ], [ 2.335816612, 48.86284682 ] ], [ [ 2.335816612, 48.86284682 ], [ 2.341488004, 48.85867641 ] ], [ [ 2.341488004, 48.85867641 ], [ 2.348899, 48.856725 ] ], [ [ 2.348899, 48.856725 ], [ 2.357616127, 48.8532868 ] ], [ [ 2.357616127, 48.8532868 ], [ 2.36189425, 48.85142483 ] ], [ [ 2.36189425, 48.85142483 ], [ 2.355738, 48.846052 ] ], [ [ 2.355738, 48.846052 ], [ 2.352279, 48.84359 ] ], [ [ 2.352279, 48.84359 ], [ 2.351774, 48.840597 ] ], [ [ 2.351774, 48.840597 ], [ 2.35225, 48.8364 ] ], [ [ 2.35225, 48.8364 ], [ 2.355692, 48.831483 ] ], [ [ 2.355692, 48.831483 ], [ 2.357678, 48.826665 ] ], [ [ 2.357678, 48.826665 ], [ 2.358531, 48.822155 ] ], [ [ 2.358531, 48.822155 ], [ 2.360805, 48.819196 ] ], [ [ 2.360805, 48.819196 ], [ 2.365292609, 48.82031533 ] ], [ [ 2.365292609, 48.82031533 ], [ 2.370439768, 48.82095992 ] ], [ [ 2.370439768, 48.82095992 ], [ 2.377893627, 48.81591773 ] ], [ [ 2.377893627, 48.81591773 ], [ 2.383386791, 48.81112408 ] ], [ [ 2.358531, 48.822155 ], [ 2.361849, 48.810388 ] ], [ [ 2.361849, 48.810388 ], [ 2.363927364, 48.80376846 ] ], [ [ 2.363927364, 48.80376846 ], [ 2.368248403, 48.79599124 ] ], [ [ 2.368248403, 48.79599124 ], [ 2.36756444, 48.78717548 ] ], [ [ 2.385875881, 48.89708922 ], [ 2.392495573, 48.90389694 ] ], [ [ 2.392495573, 48.90389694 ], [ 2.40378499, 48.91423986 ] ] ] } },
{ "type": "Feature", "properties": { "ligne": "Ligne 7", "couleur": "#FA9ABA", "start_date": "1987-05-06", "end_date": "2028-12-02", "projet": false }, "geometry": { "type": "MultiLineString", "coordinates": [ [ [ 2.3323524, 48.87063595 ], [ 2.333932221, 48.87307232 ] ], [ [ 2.344875634, 48.87613482 ], [ 2.348445654, 48.87707506 ] ], [ [ 2.348445654, 48.87707506 ], [ 2.358278632, 48.87614188 ] ], [ [ 2.358278632, 48.87614188 ], [ 2.362071276, 48.87845627 ] ], [ [ 2.362071276, 48.87845627 ], [ 2.364839315, 48.88113745 ] ], [ [ 2.364839315, 48.88113745 ], [ 2.365823686, 48.88426295 ] ], [ [ 2.365823686, 48.88426295 ], [ 2.373577952, 48.88788032 ] ], [ [ 2.373577952, 48.88788032 ], [ 2.377377, 48.89142 ] ], [ [ 2.377377, 48.89142 ], [ 2.382307, 48.89473 ] ], [ [ 2.382307, 48.89473 ], [ 2.385875881, 48.89708922 ] ], [ [ 2.339548767, 48.87472003 ], [ 2.344875634, 48.87613482 ] ], [ [ 2.339548767, 48.87472003 ], [ 2.333932221, 48.87307232 ] ], [ [ 2.3323524, 48.87063595 ], [ 2.333665066, 48.8669463 ] ], [ [ 2.333665066, 48.8669463 ], [ 2.335816612, 48.86284682 ] ], [ [ 2.335816612, 48.86284682 ], [ 2.341488004, 48.85867641 ] ], [ [ 2.341488004, 48.85867641 ], [ 2.348899, 48.856725 ] ], [ [ 2.348899, 48.856725 ], [ 2.357616127, 48.8532868 ] ], [ [ 2.357616127, 48.8532868 ], [ 2.36189425, 48.85142483 ] ], [ [ 2.36189425, 48.85142483 ], [ 2.355738, 48.846052 ] ], [ [ 2.355738, 48.846052 ], [ 2.352279, 48.84359 ] ], [ [ 2.352279, 48.84359 ], [ 2.351774, 48.840597 ] ], [ [ 2.351774, 48.840597 ], [ 2.35225, 48.8364 ] ], [ [ 2.35225, 48.8364 ], [ 2.355692, 48.831483 ] ], [ [ 2.355692, 48.831483 ], [ 2.357678, 48.826665 ] ], [ [ 2.357678, 48.826665 ], [ 2.358531, 48.822155 ] ], [ [ 2.358531, 48.822155 ], [ 2.360805, 48.819196 ] ], [ [ 2.360805, 48.819196 ], [ 2.365292609, 48.82031533 ] ], [ [ 2.365292609, 48.82031533 ], [ 2.370439768, 48.82095992 ] ], [ [ 2.370439768, 48.82095992 ], [ 2.377893627, 48.81591773 ] ], [ [ 2.377893627, 48.81591773 ], [ 2.383386791, 48.81112408 ] ], [ [ 2.358531, 48.822155 ], [ 2.361849, 48.810388 ] ], [ [ 2.361849, 48.810388 ], [ 2.363927364, 48.80376846 ] ], [ [ 2.363927364, 48.80376846 ], [ 2.368248403, 48.79599124 ] ], [ [ 2.368248403, 48.79599124 ], [ 2.36756444, 48.78717548 ] ], [ [ 2.385875881, 48.89708922 ], [ 2.392495573, 48.90389694 ] ], [ [ 2.392495573, 48.90389694 ], [ 2.40378499, 48.91423986 ] ], [ [ 2.40378499, 48.91423986 ], [ 2.410668, 48.920777 ] ] ] } },
{ "type": "Feature", "properties": { "ligne": "Ligne 8", "couleur": "#E19BDF", "start_date": "1913-07-13", "end_date": "1913-09-30", "projet": false }, "geometry": { "type": "MultiLineString", "coordinates": [ [ [ 2.286942, 48.846591 ], [ 2.294511795, 48.84697701 ] ], [ [ 2.294511795, 48.84697701 ], [ 2.298089862, 48.84914273 ] ], [ [ 2.298089862, 48.84914273 ], [ 2.301879823, 48.85185547 ] ], [ [ 2.301879823, 48.85185547 ], [ 2.306737304, 48.85510987 ] ], [ [ 2.306737304, 48.85510987 ], [ 2.310398519, 48.857667 ] ], [ [ 2.310398519, 48.857667 ], [ 2.3251637, 48.87006435 ] ], [ [ 2.3251637, 48.87006435 ], [ 2.3323524, 48.87063595 ] ] ] } },
{ "type": "Feature", "properties": { "ligne": "Ligne 8", "couleur": "#E19BDF", "start_date": "1913-09-30", "end_date": "1913-12-24", "projet": false }, "geometry": { "type": "MultiLineString", "coordinates": [ [ [ 2.286942, 48.846591 ], [ 2.294511795, 48.84697701 ] ], [ [ 2.294511795, 48.84697701 ], [ 2.298089862, 48.84914273 ] ], [ [ 2.298089862, 48.84914273 ], [ 2.301879823, 48.85185547 ] ], [ [ 2.301879823, 48.85185547 ], [ 2.306737304, 48.85510987 ] ], [ [ 2.306737304, 48.85510987 ], [ 2.310398519, 48.857667 ] ], [ [ 2.310398519, 48.857667 ], [ 2.3251637, 48.87006435 ] ], [ [ 2.3251637, 48.87006435 ], [ 2.3323524, 48.87063595 ] ], [ [ 2.286942, 48.846591 ], [ 2.278716266, 48.84616506 ] ], [ [ 2.278716266, 48.84616506 ], [ 2.269020081, 48.8471694 ] ], [ [ 2.269020081, 48.8471694 ], [ 2.263870239, 48.84777129 ] ], [ [ 2.263870239, 48.84777129 ], [ 2.25875, 48.848025 ] ], [ [ 2.271707654, 48.84673872 ], [ 2.278716266, 48.84616506 ] ], [ [ 2.26621449, 48.84513775 ], [ 2.271707654, 48.84673872 ] ], [ [ 2.261194, 48.84496 ], [ 2.26621449, 48.84513775 ] ], [ [ 2.25875, 48.848025 ], [ 2.261194, 48.84496 ] ] ] } },
{ "type": "Feature", "properties": { "ligne": "Ligne 8", "couleur": "#E19BDF", "start_date": "1913-12-24", "end_date": "1914-03-12", "projet": false }, "geometry": { "type": "MultiLineString", "coordinates": [ [ [ 2.286942, 48.846591 ], [ 2.294511795, 48.84697701 ] ], [ [ 2.294511795, 48.84697701 ], [ 2.298089862, 48.84914273 ] ], [ [ 2.298089862, 48.84914273 ], [ 2.301879823, 48.85185547 ] ], [ [ 2.301879823, 48.85185547 ], [ 2.306737304, 48.85510987 ] ], [ [ 2.306737304, 48.85510987 ], [ 2.310398519, 48.857667 ] ], [ [ 2.3251637, 48.87006435 ], [ 2.3323524, 48.87063595 ] ], [ [ 2.286942, 48.846591 ], [ 2.278716266, 48.84616506 ] ], [ [ 2.278716266, 48.84616506 ], [ 2.269020081, 48.8471694 ] ], [ [ 2.269020081, 48.8471694 ], [ 2.263870239, 48.84777129 ] ], [ [ 2.263870239, 48.84777129 ], [ 2.25875, 48.848025 ] ], [ [ 2.271707654, 48.84673872 ], [ 2.278716266, 48.84616506 ] ], [ [ 2.26621449, 48.84513775 ], [ 2.271707654, 48.84673872 ] ], [ [ 2.261194, 48.84496 ], [ 2.26621449, 48.84513775 ] ], [ [ 2.25875, 48.848025 ], [ 2.261194, 48.84496 ] ], [ [ 2.310398519, 48.857667 ], [ 2.314457, 48.860907 ] ], [ [ 2.314457, 48.860907 ], [ 2.3251637, 48.87006435 ] ] ] } },
{ "type": "Feature", "properties": { "ligne": "Ligne 8", "couleur": "#E19BDF", "start_date": "1914-03-12", "end_date": "1928-06-30", "projet": false }, "geometry": { "type": "MultiLineString", "coordinates": [ [ [ 2.286942, 48.846591 ], [ 2.294511795, 48.84697701 ] ], [ [ 2.294511795, 48.84697701 ], [ 2.298089862, 48.84914273 ] ], [ [ 2.298089862, 48.84914273 ], [ 2.301879823, 48.85185547 ] ], [ [ 2.301879823, 48.85185547 ], [ 2.306737304, 48.85510987 ] ], [ [ 2.306737304, 48.85510987 ], [ 2.310398519, 48.857667 ] ], [ [ 2.3251637, 48.87006435 ], [ 2.3323524, 48.87063595 ] ], [ [ 2.286942, 48.846591 ], [ 2.278716266, 48.84616506 ] ], [ [ 2.278716266, 48.84616506 ], [ 2.269020081, 48.8471694 ] ], [ [ 2.269020081, 48.8471694 ], [ 2.263870239, 48.84777129 ] ], [ [ 2.263870239, 48.84777129 ], [ 2.25875, 48.848025 ] ], [ [ 2.271707654, 48.84673872 ], [ 2.278716266, 48.84616506 ] ], [ [ 2.26621449, 48.84513775 ], [ 2.271707654, 48.84673872 ] ], [ [ 2.261194, 48.84496 ], [ 2.26621449, 48.84513775 ] ], [ [ 2.25875, 48.848025 ], [ 2.261194, 48.84496 ] ], [ [ 2.310398519, 48.857667 ], [ 2.314457, 48.860907 ] ], [ [ 2.314457, 48.860907 ], [ 2.322397, 48.866176 ] ], [ [ 2.322397, 48.866176 ], [ 2.3251637, 48.87006435 ] ] ] } },
{ "type": "Feature", "properties": { "ligne": "Ligne 8", "couleur": "#E19BDF", "start_date": "1928-06-30", "end_date": "1931-05-05", "projet": false }, "geometry": { "type": "MultiLineString", "coordinates": [ [ [ 2.286942, 48.846591 ], [ 2.294511795, 48.84697701 ] ], [ [ 2.294511795, 48.84697701 ], [ 2.298089862, 48.84914273 ] ], [ [ 2.298089862, 48.84914273 ], [ 2.301879823, 48.85185547 ] ], [ [ 2.301879823, 48.85185547 ], [ 2.306737304, 48.85510987 ] ], [ [ 2.306737304, 48.85510987 ], [ 2.310398519, 48.857667 ] ], [ [ 2.3251637, 48.87006435 ], [ 2.3323524, 48.87063595 ] ], [ [ 2.286942, 48.846591 ], [ 2.278716266, 48.84616506 ] ], [ [ 2.278716266, 48.84616506 ], [ 2.269020081, 48.8471694 ] ], [ [ 2.269020081, 48.8471694 ], [ 2.263870239, 48.84777129 ] ], [ [ 2.263870239, 48.84777129 ], [ 2.25875, 48.848025 ] ], [ [ 2.271707654, 48.84673872 ], [ 2.278716266, 48.84616506 ] ], [ [ 2.26621449, 48.84513775 ], [ 2.271707654, 48.84673872 ] ], [ [ 2.261194, 48.84496 ], [ 2.26621449, 48.84513775 ] ], [ [ 2.25875, 48.848025 ], [ 2.261194, 48.84496 ] ], [ [ 2.310398519, 48.857667 ], [ 2.314457, 48.860907 ] ], [ [ 2.314457, 48.860907 ], [ 2.322397, 48.866176 ] ], [ [ 2.322397, 48.866176 ], [ 2.3251637, 48.87006435 ] ], [ [ 2.3323524, 48.87063595 ], [ 2.338741422, 48.87198735 ] ] ] } },
{ "type": "Feature", "properties": { "ligne": "Ligne 8", "couleur": "#E19BDF", "start_date": "1931-05-05", "end_date": "1937-07-27", "projet": false }, "geometry": { "type": "MultiLineString", "coordinates": [ [ [ 2.286942, 48.846591 ], [ 2.294511795, 48.84697701 ] ], [ [ 2.294511795, 48.84697701 ], [ 2.298089862, 48.84914273 ] ], [ [ 2.298089862, 48.84914273 ], [ 2.301879823, 48.85185547 ] ], [ [ 2.301879823, 48.85185547 ], [ 2.306737304, 48.85510987 ] ], [ [ 2.306737304, 48.85510987 ], [ 2.310398519, 48.857667 ] ], [ [ 2.3251637, 48.87006435 ], [ 2.3323524, 48.87063595 ] ], [ [ 2.286942, 48.846591 ], [ 2.278716266, 48.84616506 ] ], [ [ 2.278716266, 48.84616506 ], [ 2.269020081, 48.8471694 ] ], [ [ 2.269020081, 48.8471694 ], [ 2.263870239, 48.84777129 ] ], [ [ 2.263870239, 48.84777129 ], [ 2.25875, 48.848025 ] ], [ [ 2.271707654, 48.84673872 ], [ 2.278716266, 48.84616506 ] ], [ [ 2.26621449, 48.84513775 ], [ 2.271707654, 48.84673872 ] ], [ [ 2.261194, 48.84496 ], [ 2.26621449, 48.84513775 ] ], [ [ 2.25875, 48.848025 ], [ 2.261194, 48.84496 ] ], [ [ 2.310398519, 48.857667 ], [ 2.314457, 48.860907 ] ], [ [ 2.314457, 48.860907 ], [ 2.322397, 48.866176 ] ], [ [ 2.322397, 48.866176 ], [ 2.3251637, 48.87006435 ] ], [ [ 2.3323524, 48.87063595 ], [ 2.338741422, 48.87198735 ] ], [ [ 2.338741422, 48.87198735 ], [ 2.344341874, 48.87142633 ] ], [ [ 2.344341874, 48.87142633 ], [ 2.348874807, 48.87063948 ] ], [ [ 2.348874807, 48.87063948 ], [ 2.354008555, 48.8695915 ] ], [ [ 2.354008555, 48.8695915 ], [ 2.358661, 48.86844 ] ], [ [ 2.358661, 48.86844 ], [ 2.363811, 48.867503 ] ], [ [ 2.363811, 48.867503 ], [ 2.366121411, 48.86407249 ] ], [ [ 2.366121411, 48.86407249 ], [ 2.36735791, 48.86047987 ] ], [ [ 2.36735791, 48.86047987 ], [ 2.368347645, 48.85677758 ] ], [ [ 2.368347645, 48.85677758 ], [ 2.369077, 48.853082 ] ], [ [ 2.369077, 48.853082 ], [ 2.376121, 48.851346 ] ], [ [ 2.376121, 48.851346 ], [ 2.38339752, 48.8501576 ] ], [ [ 2.38339752, 48.8501576 ], [ 2.386702, 48.847265 ] ], [ [ 2.386702, 48.847265 ], [ 2.389974296, 48.84427635 ] ], [ [ 2.389974296, 48.84427635 ], [ 2.395792007, 48.8396443 ] ], [ [ 2.395792007, 48.8396443 ], [ 2.40123421, 48.83748523 ] ], [ [ 2.40123421, 48.83748523 ], [ 2.406099737, 48.83548144 ] ], [ [ 2.406099737, 48.83548144 ], [ 2.400400043, 48.83278016 ] ] ] } },
{ "type": "Feature", "properties": { "ligne": "Ligne 8", "couleur": "#E19BDF", "start_date": "1937-07-27", "end_date": "1939-09-03", "projet": false }, "geometry": { "type": "MultiLineString", "coordinates": [ [ [ 2.298089862, 48.84914273 ], [ 2.301879823, 48.85185547 ] ], [ [ 2.301879823, 48.85185547 ], [ 2.306737304, 48.85510987 ] ], [ [ 2.306737304, 48.85510987 ], [ 2.310398519, 48.857667 ] ], [ [ 2.3251637, 48.87006435 ], [ 2.3323524, 48.87063595 ] ], [ [ 2.310398519, 48.857667 ], [ 2.314457, 48.860907 ] ], [ [ 2.314457, 48.860907 ], [ 2.322397, 48.866176 ] ], [ [ 2.322397, 48.866176 ], [ 2.3251637, 48.87006435 ] ], [ [ 2.3323524, 48.87063595 ], [ 2.338741422, 48.87198735 ] ], [ [ 2.338741422, 48.87198735 ], [ 2.344341874, 48.87142633 ] ], [ [ 2.344341874, 48.87142633 ], [ 2.348874807, 48.87063948 ] ], [ [ 2.348874807, 48.87063948 ], [ 2.354008555, 48.8695915 ] ], [ [ 2.354008555, 48.8695915 ], [ 2.358661, 48.86844 ] ], [ [ 2.358661, 48.86844 ], [ 2.363811, 48.867503 ] ], [ [ 2.363811, 48.867503 ], [ 2.366121411, 48.86407249 ] ], [ [ 2.366121411, 48.86407249 ], [ 2.36735791, 48.86047987 ] ], [ [ 2.36735791, 48.86047987 ], [ 2.368347645, 48.85677758 ] ], [ [ 2.368347645, 48.85677758 ], [ 2.369077, 48.853082 ] ], [ [ 2.369077, 48.853082 ], [ 2.376121, 48.851346 ] ], [ [ 2.376121, 48.851346 ], [ 2.38339752, 48.8501576 ] ], [ [ 2.38339752, 48.8501576 ], [ 2.386702, 48.847265 ] ], [ [ 2.386702, 48.847265 ], [ 2.389974296, 48.84427635 ] ], [ [ 2.389974296, 48.84427635 ], [ 2.395792007, 48.8396443 ] ], [ [ 2.395792007, 48.8396443 ], [ 2.40123421, 48.83748523 ] ], [ [ 2.40123421, 48.83748523 ], [ 2.406099737, 48.83548144 ] ], [ [ 2.406099737, 48.83548144 ], [ 2.400400043, 48.83278016 ] ], [ [ 2.298089862, 48.84914273 ], [ 2.294215, 48.845093 ] ], [ [ 2.294215, 48.845093 ], [ 2.291004, 48.842351 ] ], [ [ 2.291004, 48.842351 ], [ 2.287817, 48.841101 ] ], [ [ 2.287817, 48.841101 ], [ 2.2818169, 48.8386045 ] ], [ [ 2.2818169, 48.8386045 ], [ 2.278218327, 48.83627546 ] ] ] } },
{ "type": "Feature", "properties": { "ligne": "Ligne 8", "couleur": "#E19BDF", "start_date": "1939-09-03", "end_date": "1942-10-05", "projet": false }, "geometry": { "type": "MultiLineString", "coordinates": [ [ [ 2.306737304, 48.85510987 ], [ 2.310398519, 48.857667 ] ], [ [ 2.3251637, 48.87006435 ], [ 2.3323524, 48.87063595 ] ], [ [ 2.310398519, 48.857667 ], [ 2.314457, 48.860907 ] ], [ [ 2.314457, 48.860907 ], [ 2.322397, 48.866176 ] ], [ [ 2.322397, 48.866176 ], [ 2.3251637, 48.87006435 ] ], [ [ 2.3323524, 48.87063595 ], [ 2.338741422, 48.87198735 ] ], [ [ 2.338741422, 48.87198735 ], [ 2.344341874, 48.87142633 ] ], [ [ 2.344341874, 48.87142633 ], [ 2.348874807, 48.87063948 ] ], [ [ 2.348874807, 48.87063948 ], [ 2.354008555, 48.8695915 ] ], [ [ 2.363811, 48.867503 ], [ 2.366121411, 48.86407249 ] ], [ [ 2.366121411, 48.86407249 ], [ 2.36735791, 48.86047987 ] ], [ [ 2.36735791, 48.86047987 ], [ 2.368347645, 48.85677758 ] ], [ [ 2.368347645, 48.85677758 ], [ 2.369077, 48.853082 ] ], [ [ 2.369077, 48.853082 ], [ 2.376121, 48.851346 ] ], [ [ 2.376121, 48.851346 ], [ 2.38339752, 48.8501576 ] ], [ [ 2.38339752, 48.8501576 ], [ 2.386702, 48.847265 ] ], [ [ 2.386702, 48.847265 ], [ 2.389974296, 48.84427635 ] ], [ [ 2.389974296, 48.84427635 ], [ 2.395792007, 48.8396443 ] ], [ [ 2.395792007, 48.8396443 ], [ 2.40123421, 48.83748523 ] ], [ [ 2.40123421, 48.83748523 ], [ 2.406099737, 48.83548144 ] ], [ [ 2.406099737, 48.83548144 ], [ 2.400400043, 48.83278016 ] ], [ [ 2.298089862, 48.84914273 ], [ 2.294215, 48.845093 ] ], [ [ 2.294215, 48.845093 ], [ 2.291004, 48.842351 ] ], [ [ 2.291004, 48.842351 ], [ 2.287817, 48.841101 ] ], [ [ 2.287817, 48.841101 ], [ 2.2818169, 48.8386045 ] ], [ [ 2.2818169, 48.8386045 ], [ 2.278218327, 48.83627546 ] ], [ [ 2.298089862, 48.84914273 ], [ 2.306737304, 48.85510987 ] ], [ [ 2.354008555, 48.8695915 ], [ 2.363811, 48.867503 ] ] ] } },
{ "type": "Feature", "properties": { "ligne": "Ligne 8", "couleur": "#E19BDF", "start_date": "1942-10-05", "end_date": "1970-09-19", "projet": false }, "geometry": { "type": "MultiLineString", "coordinates": [ [ [ 2.306737304, 48.85510987 ], [ 2.310398519, 48.857667 ] ], [ [ 2.3251637, 48.87006435 ], [ 2.3323524, 48.87063595 ] ], [ [ 2.310398519, 48.857667 ], [ 2.314457, 48.860907 ] ], [ [ 2.314457, 48.860907 ], [ 2.322397, 48.866176 ] ], [ [ 2.322397, 48.866176 ], [ 2.3251637, 48.87006435 ] ], [ [ 2.3323524, 48.87063595 ], [ 2.338741422, 48.87198735 ] ], [ [ 2.338741422, 48.87198735 ], [ 2.344341874, 48.87142633 ] ], [ [ 2.344341874, 48.87142633 ], [ 2.348874807, 48.87063948 ] ], [ [ 2.348874807, 48.87063948 ], [ 2.354008555, 48.8695915 ] ], [ [ 2.363811, 48.867503 ], [ 2.366121411, 48.86407249 ] ], [ [ 2.366121411, 48.86407249 ], [ 2.36735791, 48.86047987 ] ], [ [ 2.36735791, 48.86047987 ], [ 2.368347645, 48.85677758 ] ], [ [ 2.368347645, 48.85677758 ], [ 2.369077, 48.853082 ] ], [ [ 2.369077, 48.853082 ], [ 2.376121, 48.851346 ] ], [ [ 2.376121, 48.851346 ], [ 2.38339752, 48.8501576 ] ], [ [ 2.38339752, 48.8501576 ], [ 2.386702, 48.847265 ] ], [ [ 2.386702, 48.847265 ], [ 2.389974296, 48.84427635 ] ], [ [ 2.389974296, 48.84427635 ], [ 2.395792007, 48.8396443 ] ], [ [ 2.395792007, 48.8396443 ], [ 2.40123421, 48.83748523 ] ], [ [ 2.40123421, 48.83748523 ], [ 2.406099737, 48.83548144 ] ], [ [ 2.406099737, 48.83548144 ], [ 2.400400043, 48.83278016 ] ], [ [ 2.298089862, 48.84914273 ], [ 2.294215, 48.845093 ] ], [ [ 2.294215, 48.845093 ], [ 2.291004, 48.842351 ] ], [ [ 2.291004, 48.842351 ], [ 2.287817, 48.841101 ] ], [ [ 2.287817, 48.841101 ], [ 2.2818169, 48.8386045 ] ], [ [ 2.2818169, 48.8386045 ], [ 2.278218327, 48.83627546 ] ], [ [ 2.298089862, 48.84914273 ], [ 2.306737304, 48.85510987 ] ], [ [ 2.354008555, 48.8695915 ], [ 2.363811, 48.867503 ] ], [ [ 2.400400043, 48.83278016 ], [ 2.407022, 48.825882 ] ], [ [ 2.407022, 48.825882 ], [ 2.41386205, 48.82148972 ] ] ] } },
{ "type": "Feature", "properties": { "ligne": "Ligne 8", "couleur": "#E19BDF", "start_date": "1970-09-19", "end_date": "1972-04-27", "projet": false }, "geometry": { "type": "MultiLineString", "coordinates": [ [ [ 2.306737304, 48.85510987 ], [ 2.310398519, 48.857667 ] ], [ [ 2.3251637, 48.87006435 ], [ 2.3323524, 48.87063595 ] ], [ [ 2.310398519, 48.857667 ], [ 2.314457, 48.860907 ] ], [ [ 2.314457, 48.860907 ], [ 2.322397, 48.866176 ] ], [ [ 2.322397, 48.866176 ], [ 2.3251637, 48.87006435 ] ], [ [ 2.3323524, 48.87063595 ], [ 2.338741422, 48.87198735 ] ], [ [ 2.338741422, 48.87198735 ], [ 2.344341874, 48.87142633 ] ], [ [ 2.344341874, 48.87142633 ], [ 2.348874807, 48.87063948 ] ], [ [ 2.348874807, 48.87063948 ], [ 2.354008555, 48.8695915 ] ], [ [ 2.363811, 48.867503 ], [ 2.366121411, 48.86407249 ] ], [ [ 2.366121411, 48.86407249 ], [ 2.36735791, 48.86047987 ] ], [ [ 2.36735791, 48.86047987 ], [ 2.368347645, 48.85677758 ] ], [ [ 2.368347645, 48.85677758 ], [ 2.369077, 48.853082 ] ], [ [ 2.369077, 48.853082 ], [ 2.376121, 48.851346 ] ], [ [ 2.376121, 48.851346 ], [ 2.38339752, 48.8501576 ] ], [ [ 2.38339752, 48.8501576 ], [ 2.386702, 48.847265 ] ], [ [ 2.386702, 48.847265 ], [ 2.389974296, 48.84427635 ] ], [ [ 2.389974296, 48.84427635 ], [ 2.395792007, 48.8396443 ] ], [ [ 2.395792007, 48.8396443 ], [ 2.40123421, 48.83748523 ] ], [ [ 2.40123421, 48.83748523 ], [ 2.406099737, 48.83548144 ] ], [ [ 2.406099737, 48.83548144 ], [ 2.400400043, 48.83278016 ] ], [ [ 2.298089862, 48.84914273 ], [ 2.294215, 48.845093 ] ], [ [ 2.294215, 48.845093 ], [ 2.291004, 48.842351 ] ], [ [ 2.291004, 48.842351 ], [ 2.287817, 48.841101 ] ], [ [ 2.287817, 48.841101 ], [ 2.2818169, 48.8386045 ] ], [ [ 2.2818169, 48.8386045 ], [ 2.278218327, 48.83627546 ] ], [ [ 2.298089862, 48.84914273 ], [ 2.306737304, 48.85510987 ] ], [ [ 2.354008555, 48.8695915 ], [ 2.363811, 48.867503 ] ], [ [ 2.400400043, 48.83278016 ], [ 2.407022, 48.825882 ] ], [ [ 2.407022, 48.825882 ], [ 2.41386205, 48.82148972 ] ], [ [ 2.41386205, 48.82148972 ], [ 2.421881855, 48.81519006 ] ], [ [ 2.421881855, 48.81519006 ], [ 2.436073422, 48.80868116 ] ] ] } },
{ "type": "Feature", "properties": { "ligne": "Ligne 8", "couleur": "#E19BDF", "start_date": "1972-04-27", "end_date": "1973-09-24", "projet": false }, "geometry": { "type": "MultiLineString", "coordinates": [ [ [ 2.306737304, 48.85510987 ], [ 2.310398519, 48.857667 ] ], [ [ 2.3251637, 48.87006435 ], [ 2.3323524, 48.87063595 ] ], [ [ 2.310398519, 48.857667 ], [ 2.314457, 48.860907 ] ], [ [ 2.314457, 48.860907 ], [ 2.322397, 48.866176 ] ], [ [ 2.322397, 48.866176 ], [ 2.3251637, 48.87006435 ] ], [ [ 2.3323524, 48.87063595 ], [ 2.338741422, 48.87198735 ] ], [ [ 2.338741422, 48.87198735 ], [ 2.344341874, 48.87142633 ] ], [ [ 2.344341874, 48.87142633 ], [ 2.348874807, 48.87063948 ] ], [ [ 2.348874807, 48.87063948 ], [ 2.354008555, 48.8695915 ] ], [ [ 2.363811, 48.867503 ], [ 2.366121411, 48.86407249 ] ], [ [ 2.366121411, 48.86407249 ], [ 2.36735791, 48.86047987 ] ], [ [ 2.36735791, 48.86047987 ], [ 2.368347645, 48.85677758 ] ], [ [ 2.368347645, 48.85677758 ], [ 2.369077, 48.853082 ] ], [ [ 2.369077, 48.853082 ], [ 2.376121, 48.851346 ] ], [ [ 2.376121, 48.851346 ], [ 2.38339752, 48.8501576 ] ], [ [ 2.38339752, 48.8501576 ], [ 2.386702, 48.847265 ] ], [ [ 2.386702, 48.847265 ], [ 2.389974296, 48.84427635 ] ], [ [ 2.389974296, 48.84427635 ], [ 2.395792007, 48.8396443 ] ], [ [ 2.395792007, 48.8396443 ], [ 2.40123421, 48.83748523 ] ], [ [ 2.40123421, 48.83748523 ], [ 2.406099737, 48.83548144 ] ], [ [ 2.406099737, 48.83548144 ], [ 2.400400043, 48.83278016 ] ], [ [ 2.298089862, 48.84914273 ], [ 2.294215, 48.845093 ] ], [ [ 2.294215, 48.845093 ], [ 2.291004, 48.842351 ] ], [ [ 2.291004, 48.842351 ], [ 2.287817, 48.841101 ] ], [ [ 2.287817, 48.841101 ], [ 2.2818169, 48.8386045 ] ], [ [ 2.2818169, 48.8386045 ], [ 2.278218327, 48.83627546 ] ], [ [ 2.298089862, 48.84914273 ], [ 2.306737304, 48.85510987 ] ], [ [ 2.354008555, 48.8695915 ], [ 2.363811, 48.867503 ] ], [ [ 2.400400043, 48.83278016 ], [ 2.407022, 48.825882 ] ], [ [ 2.407022, 48.825882 ], [ 2.41386205, 48.82148972 ] ], [ [ 2.41386205, 48.82148972 ], [ 2.421881855, 48.81519006 ] ], [ [ 2.421881855, 48.81519006 ], [ 2.436073422, 48.80868116 ] ], [ [ 2.436073422, 48.80868116 ], [ 2.446432, 48.802567 ] ] ] } },
{ "type": "Feature", "properties": { "ligne": "Ligne 8", "couleur": "#E19BDF", "start_date": "1973-09-24", "end_date": "1974-09-10", "projet": false }, "geometry": { "type": "MultiLineString", "coordinates": [ [ [ 2.306737304, 48.85510987 ], [ 2.310398519, 48.857667 ] ], [ [ 2.3251637, 48.87006435 ], [ 2.3323524, 48.87063595 ] ], [ [ 2.310398519, 48.857667 ], [ 2.314457, 48.860907 ] ], [ [ 2.314457, 48.860907 ], [ 2.322397, 48.866176 ] ], [ [ 2.322397, 48.866176 ], [ 2.3251637, 48.87006435 ] ], [ [ 2.3323524, 48.87063595 ], [ 2.338741422, 48.87198735 ] ], [ [ 2.338741422, 48.87198735 ], [ 2.344341874, 48.87142633 ] ], [ [ 2.344341874, 48.87142633 ], [ 2.348874807, 48.87063948 ] ], [ [ 2.348874807, 48.87063948 ], [ 2.354008555, 48.8695915 ] ], [ [ 2.363811, 48.867503 ], [ 2.366121411, 48.86407249 ] ], [ [ 2.366121411, 48.86407249 ], [ 2.36735791, 48.86047987 ] ], [ [ 2.36735791, 48.86047987 ], [ 2.368347645, 48.85677758 ] ], [ [ 2.368347645, 48.85677758 ], [ 2.369077, 48.853082 ] ], [ [ 2.369077, 48.853082 ], [ 2.376121, 48.851346 ] ], [ [ 2.376121, 48.851346 ], [ 2.38339752, 48.8501576 ] ], [ [ 2.38339752, 48.8501576 ], [ 2.386702, 48.847265 ] ], [ [ 2.386702, 48.847265 ], [ 2.389974296, 48.84427635 ] ], [ [ 2.389974296, 48.84427635 ], [ 2.395792007, 48.8396443 ] ], [ [ 2.395792007, 48.8396443 ], [ 2.40123421, 48.83748523 ] ], [ [ 2.40123421, 48.83748523 ], [ 2.406099737, 48.83548144 ] ], [ [ 2.406099737, 48.83548144 ], [ 2.400400043, 48.83278016 ] ], [ [ 2.298089862, 48.84914273 ], [ 2.294215, 48.845093 ] ], [ [ 2.294215, 48.845093 ], [ 2.291004, 48.842351 ] ], [ [ 2.291004, 48.842351 ], [ 2.287817, 48.841101 ] ], [ [ 2.287817, 48.841101 ], [ 2.2818169, 48.8386045 ] ], [ [ 2.2818169, 48.8386045 ], [ 2.278218327, 48.83627546 ] ], [ [ 2.298089862, 48.84914273 ], [ 2.306737304, 48.85510987 ] ], [ [ 2.354008555, 48.8695915 ], [ 2.363811, 48.867503 ] ], [ [ 2.400400043, 48.83278016 ], [ 2.407022, 48.825882 ] ], [ [ 2.407022, 48.825882 ], [ 2.41386205, 48.82148972 ] ], [ [ 2.41386205, 48.82148972 ], [ 2.421881855, 48.81519006 ] ], [ [ 2.421881855, 48.81519006 ], [ 2.436073422, 48.80868116 ] ], [ [ 2.436073422, 48.80868116 ], [ 2.446432, 48.802567 ] ], [ [ 2.446432, 48.802567 ], [ 2.449355721, 48.79596297 ] ] ] } },
{ "type": "Feature", "properties": { "ligne": "Ligne 8", "couleur": "#E19BDF", "start_date": "1974-09-10", "end_date": "2011-10-08", "projet": false }, "geometry": { "type": "MultiLineString", "coordinates": [ [ [ 2.306737304, 48.85510987 ], [ 2.310398519, 48.857667 ] ], [ [ 2.3251637, 48.87006435 ], [ 2.3323524, 48.87063595 ] ], [ [ 2.310398519, 48.857667 ], [ 2.314457, 48.860907 ] ], [ [ 2.314457, 48.860907 ], [ 2.322397, 48.866176 ] ], [ [ 2.322397, 48.866176 ], [ 2.3251637, 48.87006435 ] ], [ [ 2.3323524, 48.87063595 ], [ 2.338741422, 48.87198735 ] ], [ [ 2.338741422, 48.87198735 ], [ 2.344341874, 48.87142633 ] ], [ [ 2.344341874, 48.87142633 ], [ 2.348874807, 48.87063948 ] ], [ [ 2.348874807, 48.87063948 ], [ 2.354008555, 48.8695915 ] ], [ [ 2.363811, 48.867503 ], [ 2.366121411, 48.86407249 ] ], [ [ 2.366121411, 48.86407249 ], [ 2.36735791, 48.86047987 ] ], [ [ 2.36735791, 48.86047987 ], [ 2.368347645, 48.85677758 ] ], [ [ 2.368347645, 48.85677758 ], [ 2.369077, 48.853082 ] ], [ [ 2.369077, 48.853082 ], [ 2.376121, 48.851346 ] ], [ [ 2.376121, 48.851346 ], [ 2.38339752, 48.8501576 ] ], [ [ 2.38339752, 48.8501576 ], [ 2.386702, 48.847265 ] ], [ [ 2.386702, 48.847265 ], [ 2.389974296, 48.84427635 ] ], [ [ 2.389974296, 48.84427635 ], [ 2.395792007, 48.8396443 ] ], [ [ 2.395792007, 48.8396443 ], [ 2.40123421, 48.83748523 ] ], [ [ 2.40123421, 48.83748523 ], [ 2.406099737, 48.83548144 ] ], [ [ 2.406099737, 48.83548144 ], [ 2.400400043, 48.83278016 ] ], [ [ 2.298089862, 48.84914273 ], [ 2.294215, 48.845093 ] ], [ [ 2.294215, 48.845093 ], [ 2.291004, 48.842351 ] ], [ [ 2.291004, 48.842351 ], [ 2.287817, 48.841101 ] ], [ [ 2.287817, 48.841101 ], [ 2.2818169, 48.8386045 ] ], [ [ 2.2818169, 48.8386045 ], [ 2.278218327, 48.83627546 ] ], [ [ 2.298089862, 48.84914273 ], [ 2.306737304, 48.85510987 ] ], [ [ 2.354008555, 48.8695915 ], [ 2.363811, 48.867503 ] ], [ [ 2.400400043, 48.83278016 ], [ 2.407022, 48.825882 ] ], [ [ 2.407022, 48.825882 ], [ 2.41386205, 48.82148972 ] ], [ [ 2.41386205, 48.82148972 ], [ 2.421881855, 48.81519006 ] ], [ [ 2.421881855, 48.81519006 ], [ 2.436073422, 48.80868116 ] ], [ [ 2.436073422, 48.80868116 ], [ 2.446432, 48.802567 ] ], [ [ 2.446432, 48.802567 ], [ 2.449355721, 48.79596297 ] ], [ [ 2.449355721, 48.79596297 ], [ 2.450785339, 48.78975375 ] ], [ [ 2.450785339, 48.78975375 ], [ 2.459317446, 48.77977215 ] ] ] } },
{ "type": "Feature", "properties": { "ligne": "Ligne 8", "couleur": "#E19BDF", "start_date": "2011-10-08", "end_date": "2028-12-02", "projet": false }, "geometry": { "type": "MultiLineString", "coordinates": [ [ [ 2.306737304, 48.85510987 ], [ 2.310398519, 48.857667 ] ], [ [ 2.3251637, 48.87006435 ], [ 2.3323524, 48.87063595 ] ], [ [ 2.310398519, 48.857667 ], [ 2.314457, 48.860907 ] ], [ [ 2.314457, 48.860907 ], [ 2.322397, 48.866176 ] ], [ [ 2.322397, 48.866176 ], [ 2.3251637, 48.87006435 ] ], [ [ 2.3323524, 48.87063595 ], [ 2.338741422, 48.87198735 ] ], [ [ 2.338741422, 48.87198735 ], [ 2.344341874, 48.87142633 ] ], [ [ 2.344341874, 48.87142633 ], [ 2.348874807, 48.87063948 ] ], [ [ 2.348874807, 48.87063948 ], [ 2.354008555, 48.8695915 ] ], [ [ 2.363811, 48.867503 ], [ 2.366121411, 48.86407249 ] ], [ [ 2.366121411, 48.86407249 ], [ 2.36735791, 48.86047987 ] ], [ [ 2.36735791, 48.86047987 ], [ 2.368347645, 48.85677758 ] ], [ [ 2.368347645, 48.85677758 ], [ 2.369077, 48.853082 ] ], [ [ 2.369077, 48.853082 ], [ 2.376121, 48.851346 ] ], [ [ 2.376121, 48.851346 ], [ 2.38339752, 48.8501576 ] ], [ [ 2.38339752, 48.8501576 ], [ 2.386702, 48.847265 ] ], [ [ 2.386702, 48.847265 ], [ 2.389974296, 48.84427635 ] ], [ [ 2.389974296, 48.84427635 ], [ 2.395792007, 48.8396443 ] ], [ [ 2.395792007, 48.8396443 ], [ 2.40123421, 48.83748523 ] ], [ [ 2.40123421, 48.83748523 ], [ 2.406099737, 48.83548144 ] ], [ [ 2.406099737, 48.83548144 ], [ 2.400400043, 48.83278016 ] ], [ [ 2.298089862, 48.84914273 ], [ 2.294215, 48.845093 ] ], [ [ 2.294215, 48.845093 ], [ 2.291004, 48.842351 ] ], [ [ 2.291004, 48.842351 ], [ 2.287817, 48.841101 ] ], [ [ 2.287817, 48.841101 ], [ 2.2818169, 48.8386045 ] ], [ [ 2.2818169, 48.8386045 ], [ 2.278218327, 48.83627546 ] ], [ [ 2.298089862, 48.84914273 ], [ 2.306737304, 48.85510987 ] ], [ [ 2.354008555, 48.8695915 ], [ 2.363811, 48.867503 ] ], [ [ 2.400400043, 48.83278016 ], [ 2.407022, 48.825882 ] ], [ [ 2.407022, 48.825882 ], [ 2.41386205, 48.82148972 ] ], [ [ 2.41386205, 48.82148972 ], [ 2.421881855, 48.81519006 ] ], [ [ 2.421881855, 48.81519006 ], [ 2.436073422, 48.80868116 ] ], [ [ 2.436073422, 48.80868116 ], [ 2.446432, 48.802567 ] ], [ [ 2.446432, 48.802567 ], [ 2.449355721, 48.79596297 ] ], [ [ 2.449355721, 48.79596297 ], [ 2.450785339, 48.78975375 ] ], [ [ 2.450785339, 48.78975375 ], [ 2.459317446, 48.77977215 ] ], [ [ 2.459317446, 48.77977215 ], [ 2.46481061, 48.76878622 ] ] ] } },
{ "type": "Feature", "properties": { "ligne": "Ligne 9", "couleur": "#B6BD00", "start_date": "1922-11-08", "end_date": "1923-05-27", "projet": false }, "geometry": { "type": "MultiLineString", "coordinates": [ [ [ 2.259549201, 48.84240522 ], [ 2.261194, 48.84496 ] ], [ [ 2.261194, 48.84496 ], [ 2.263870239, 48.84777129 ] ], [ [ 2.263870239, 48.84777129 ], [ 2.267856002, 48.85189783 ] ], [ [ 2.267856002, 48.85189783 ], [ 2.269634306, 48.85501987 ] ], [ [ 2.269634306, 48.85501987 ], [ 2.273719311, 48.85771818 ] ], [ [ 2.273719311, 48.85771818 ], [ 2.279051542, 48.86391193 ] ], [ [ 2.279051542, 48.86391193 ], [ 2.287060618, 48.86330141 ] ] ] } },
{ "type": "Feature", "properties": { "ligne": "Ligne 9", "couleur": "#B6BD00", "start_date": "1923-05-27", "end_date": "1923-06-03", "projet": false }, "geometry": { "type": "MultiLineString", "coordinates": [ [ [ 2.259549201, 48.84240522 ], [ 2.261194, 48.84496 ] ], [ [ 2.261194, 48.84496 ], [ 2.263870239, 48.84777129 ] ], [ [ 2.263870239, 48.84777129 ], [ 2.267856002, 48.85189783 ] ], [ [ 2.267856002, 48.85189783 ], [ 2.269634306, 48.85501987 ] ], [ [ 2.269634306, 48.85501987 ], [ 2.273719311, 48.85771818 ] ], [ [ 2.273719311, 48.85771818 ], [ 2.279051542, 48.86391193 ] ], [ [ 2.279051542, 48.86391193 ], [ 2.287060618, 48.86330141 ] ], [ [ 2.287060618, 48.86330141 ], [ 2.293379903, 48.86446597 ] ], [ [ 2.293379903, 48.86446597 ], [ 2.300234, 48.864904 ] ], [ [ 2.300234, 48.864904 ], [ 2.309191, 48.868507 ] ], [ [ 2.309191, 48.868507 ], [ 2.310036421, 48.87194148 ] ], [ [ 2.310036421, 48.87194148 ], [ 2.314464748, 48.87366684 ] ], [ [ 2.314464748, 48.87366684 ], [ 2.322133183, 48.8744413 ] ] ] } },
{ "type": "Feature", "properties": { "ligne": "Ligne 9", "couleur": "#B6BD00", "start_date": "1923-06-03", "end_date": "1923-09-29", "projet": false }, "geometry": { "type": "MultiLineString", "coordinates": [ [ [ 2.259549201, 48.84240522 ], [ 2.261194, 48.84496 ] ], [ [ 2.261194, 48.84496 ], [ 2.263870239, 48.84777129 ] ], [ [ 2.263870239, 48.84777129 ], [ 2.267856002, 48.85189783 ] ], [ [ 2.267856002, 48.85189783 ], [ 2.269634306, 48.85501987 ] ], [ [ 2.269634306, 48.85501987 ], [ 2.273719311, 48.85771818 ] ], [ [ 2.273719311, 48.85771818 ], [ 2.279051542, 48.86391193 ] ], [ [ 2.279051542, 48.86391193 ], [ 2.287060618, 48.86330141 ] ], [ [ 2.287060618, 48.86330141 ], [ 2.293379903, 48.86446597 ] ], [ [ 2.293379903, 48.86446597 ], [ 2.300234, 48.864904 ] ], [ [ 2.300234, 48.864904 ], [ 2.309191, 48.868507 ] ], [ [ 2.309191, 48.868507 ], [ 2.310036421, 48.87194148 ] ], [ [ 2.310036421, 48.87194148 ], [ 2.314464748, 48.87366684 ] ], [ [ 2.314464748, 48.87366684 ], [ 2.322133183, 48.8744413 ] ], [ [ 2.322133183, 48.8744413 ], [ 2.328325, 48.873608 ] ], [ [ 2.328325, 48.873608 ], [ 2.333932221, 48.87307232 ] ] ] } },
{ "type": "Feature", "properties": { "ligne": "Ligne 9", "couleur": "#B6BD00", "start_date": "1923-09-29", "end_date": "1928-06-30", "projet": false }, "geometry": { "type": "MultiLineString", "coordinates": [ [ [ 2.259549201, 48.84240522 ], [ 2.261194, 48.84496 ] ], [ [ 2.261194, 48.84496 ], [ 2.263870239, 48.84777129 ] ], [ [ 2.263870239, 48.84777129 ], [ 2.267856002, 48.85189783 ] ], [ [ 2.267856002, 48.85189783 ], [ 2.269634306, 48.85501987 ] ], [ [ 2.269634306, 48.85501987 ], [ 2.273719311, 48.85771818 ] ], [ [ 2.273719311, 48.85771818 ], [ 2.279051542, 48.86391193 ] ], [ [ 2.279051542, 48.86391193 ], [ 2.287060618, 48.86330141 ] ], [ [ 2.287060618, 48.86330141 ], [ 2.293379903, 48.86446597 ] ], [ [ 2.293379903, 48.86446597 ], [ 2.300234, 48.864904 ] ], [ [ 2.300234, 48.864904 ], [ 2.309191, 48.868507 ] ], [ [ 2.309191, 48.868507 ], [ 2.310036421, 48.87194148 ] ], [ [ 2.310036421, 48.87194148 ], [ 2.314464748, 48.87366684 ] ], [ [ 2.314464748, 48.87366684 ], [ 2.322133183, 48.8744413 ] ], [ [ 2.322133183, 48.8744413 ], [ 2.328325, 48.873608 ] ], [ [ 2.328325, 48.873608 ], [ 2.333932221, 48.87307232 ] ], [ [ 2.259549201, 48.84240522 ], [ 2.256956, 48.838082 ] ] ] } },
{ "type": "Feature", "properties": { "ligne": "Ligne 9", "couleur": "#B6BD00", "start_date": "1928-06-30", "end_date": "1933-12-10", "projet": false }, "geometry": { "type": "MultiLineString", "coordinates": [ [ [ 2.259549201, 48.84240522 ], [ 2.261194, 48.84496 ] ], [ [ 2.261194, 48.84496 ], [ 2.263870239, 48.84777129 ] ], [ [ 2.263870239, 48.84777129 ], [ 2.267856002, 48.85189783 ] ], [ [ 2.267856002, 48.85189783 ], [ 2.269634306, 48.85501987 ] ], [ [ 2.269634306, 48.85501987 ], [ 2.273719311, 48.85771818 ] ], [ [ 2.273719311, 48.85771818 ], [ 2.279051542, 48.86391193 ] ], [ [ 2.279051542, 48.86391193 ], [ 2.287060618, 48.86330141 ] ], [ [ 2.287060618, 48.86330141 ], [ 2.293379903, 48.86446597 ] ], [ [ 2.293379903, 48.86446597 ], [ 2.300234, 48.864904 ] ], [ [ 2.300234, 48.864904 ], [ 2.309191, 48.868507 ] ], [ [ 2.309191, 48.868507 ], [ 2.310036421, 48.87194148 ] ], [ [ 2.310036421, 48.87194148 ], [ 2.314464748, 48.87366684 ] ], [ [ 2.314464748, 48.87366684 ], [ 2.322133183, 48.8744413 ] ], [ [ 2.322133183, 48.8744413 ], [ 2.328325, 48.873608 ] ], [ [ 2.328325, 48.873608 ], [ 2.333932221, 48.87307232 ] ], [ [ 2.259549201, 48.84240522 ], [ 2.256956, 48.838082 ] ], [ [ 2.333932221, 48.87307232 ], [ 2.338741422, 48.87198735 ] ] ] } },
{ "type": "Feature", "properties": { "ligne": "Ligne 9", "couleur": "#B6BD00", "start_date": "1933-12-10", "end_date": "1934-02-03", "projet": false }, "geometry": { "type": "MultiLineString", "coordinates": [ [ [ 2.259549201, 48.84240522 ], [ 2.261194, 48.84496 ] ], [ [ 2.261194, 48.84496 ], [ 2.263870239, 48.84777129 ] ], [ [ 2.263870239, 48.84777129 ], [ 2.267856002, 48.85189783 ] ], [ [ 2.267856002, 48.85189783 ], [ 2.269634306, 48.85501987 ] ], [ [ 2.269634306, 48.85501987 ], [ 2.273719311, 48.85771818 ] ], [ [ 2.273719311, 48.85771818 ], [ 2.279051542, 48.86391193 ] ], [ [ 2.279051542, 48.86391193 ], [ 2.287060618, 48.86330141 ] ], [ [ 2.287060618, 48.86330141 ], [ 2.293379903, 48.86446597 ] ], [ [ 2.293379903, 48.86446597 ], [ 2.300234, 48.864904 ] ], [ [ 2.300234, 48.864904 ], [ 2.309191, 48.868507 ] ], [ [ 2.309191, 48.868507 ], [ 2.310036421, 48.87194148 ] ], [ [ 2.310036421, 48.87194148 ], [ 2.314464748, 48.87366684 ] ], [ [ 2.314464748, 48.87366684 ], [ 2.322133183, 48.8744413 ] ], [ [ 2.322133183, 48.8744413 ], [ 2.328325, 48.873608 ] ], [ [ 2.328325, 48.873608 ], [ 2.333932221, 48.87307232 ] ], [ [ 2.259549201, 48.84240522 ], [ 2.256956, 48.838082 ] ], [ [ 2.333932221, 48.87307232 ], [ 2.338741422, 48.87198735 ] ], [ [ 2.338741422, 48.87198735 ], [ 2.344341874, 48.87142633 ] ], [ [ 2.344341874, 48.87142633 ], [ 2.348874807, 48.87063948 ] ], [ [ 2.348874807, 48.87063948 ], [ 2.354008555, 48.8695915 ] ], [ [ 2.354008555, 48.8695915 ], [ 2.358661, 48.86844 ] ], [ [ 2.358661, 48.86844 ], [ 2.363811, 48.867503 ] ], [ [ 2.363811, 48.867503 ], [ 2.368877, 48.864545 ] ], [ [ 2.368877, 48.864545 ], [ 2.374210954, 48.86129512 ] ], [ [ 2.374210954, 48.86129512 ], [ 2.380106449, 48.85780289 ] ], [ [ 2.380106449, 48.85780289 ], [ 2.384639382, 48.85510281 ] ], [ [ 2.384639382, 48.85510281 ], [ 2.390151322, 48.85181135 ] ], [ [ 2.390151322, 48.85181135 ], [ 2.395905745, 48.84846575 ] ], [ [ 2.395905745, 48.84846575 ], [ 2.402045, 48.851976 ] ], [ [ 2.402045, 48.851976 ], [ 2.40699023, 48.85285088 ] ], [ [ 2.40699023, 48.85285088 ], [ 2.412244678, 48.85379155 ] ] ] } },
{ "type": "Feature", "properties": { "ligne": "Ligne 9", "couleur": "#B6BD00", "start_date": "1934-02-03", "end_date": "1937-10-14", "projet": false }, "geometry": { "type": "MultiLineString", "coordinates": [ [ [ 2.259549201, 48.84240522 ], [ 2.261194, 48.84496 ] ], [ [ 2.261194, 48.84496 ], [ 2.263870239, 48.84777129 ] ], [ [ 2.263870239, 48.84777129 ], [ 2.267856002, 48.85189783 ] ], [ [ 2.267856002, 48.85189783 ], [ 2.269634306, 48.85501987 ] ], [ [ 2.269634306, 48.85501987 ], [ 2.273719311, 48.85771818 ] ], [ [ 2.273719311, 48.85771818 ], [ 2.279051542, 48.86391193 ] ], [ [ 2.279051542, 48.86391193 ], [ 2.287060618, 48.86330141 ] ], [ [ 2.287060618, 48.86330141 ], [ 2.293379903, 48.86446597 ] ], [ [ 2.293379903, 48.86446597 ], [ 2.300234, 48.864904 ] ], [ [ 2.300234, 48.864904 ], [ 2.309191, 48.868507 ] ], [ [ 2.309191, 48.868507 ], [ 2.310036421, 48.87194148 ] ], [ [ 2.310036421, 48.87194148 ], [ 2.314464748, 48.87366684 ] ], [ [ 2.314464748, 48.87366684 ], [ 2.322133183, 48.8744413 ] ], [ [ 2.322133183, 48.8744413 ], [ 2.328325, 48.873608 ] ], [ [ 2.328325, 48.873608 ], [ 2.333932221, 48.87307232 ] ], [ [ 2.259549201, 48.84240522 ], [ 2.256956, 48.838082 ] ], [ [ 2.333932221, 48.87307232 ], [ 2.338741422, 48.87198735 ] ], [ [ 2.338741422, 48.87198735 ], [ 2.344341874, 48.87142633 ] ], [ [ 2.344341874, 48.87142633 ], [ 2.348874807, 48.87063948 ] ], [ [ 2.348874807, 48.87063948 ], [ 2.354008555, 48.8695915 ] ], [ [ 2.354008555, 48.8695915 ], [ 2.358661, 48.86844 ] ], [ [ 2.358661, 48.86844 ], [ 2.363811, 48.867503 ] ], [ [ 2.363811, 48.867503 ], [ 2.368877, 48.864545 ] ], [ [ 2.368877, 48.864545 ], [ 2.374210954, 48.86129512 ] ], [ [ 2.374210954, 48.86129512 ], [ 2.380106449, 48.85780289 ] ], [ [ 2.380106449, 48.85780289 ], [ 2.384639382, 48.85510281 ] ], [ [ 2.384639382, 48.85510281 ], [ 2.390151322, 48.85181135 ] ], [ [ 2.390151322, 48.85181135 ], [ 2.395905745, 48.84846575 ] ], [ [ 2.395905745, 48.84846575 ], [ 2.402045, 48.851976 ] ], [ [ 2.402045, 48.851976 ], [ 2.40699023, 48.85285088 ] ], [ [ 2.40699023, 48.85285088 ], [ 2.412244678, 48.85379155 ] ], [ [ 2.256956, 48.838082 ], [ 2.243579328, 48.83367001 ] ], [ [ 2.243579328, 48.83367001 ], [ 2.238177359, 48.83208981 ] ], [ [ 2.238177359, 48.83208981 ], [ 2.231034636, 48.82974679 ] ] ] } },
{ "type": "Feature", "properties": { "ligne": "Ligne 9", "couleur": "#B6BD00", "start_date": "1937-10-14", "end_date": "1939-09-02", "projet": false }, "geometry": { "type": "MultiLineString", "coordinates": [ [ [ 2.259549201, 48.84240522 ], [ 2.261194, 48.84496 ] ], [ [ 2.261194, 48.84496 ], [ 2.263870239, 48.84777129 ] ], [ [ 2.263870239, 48.84777129 ], [ 2.267856002, 48.85189783 ] ], [ [ 2.267856002, 48.85189783 ], [ 2.269634306, 48.85501987 ] ], [ [ 2.269634306, 48.85501987 ], [ 2.273719311, 48.85771818 ] ], [ [ 2.273719311, 48.85771818 ], [ 2.279051542, 48.86391193 ] ], [ [ 2.279051542, 48.86391193 ], [ 2.287060618, 48.86330141 ] ], [ [ 2.287060618, 48.86330141 ], [ 2.293379903, 48.86446597 ] ], [ [ 2.293379903, 48.86446597 ], [ 2.300234, 48.864904 ] ], [ [ 2.300234, 48.864904 ], [ 2.309191, 48.868507 ] ], [ [ 2.309191, 48.868507 ], [ 2.310036421, 48.87194148 ] ], [ [ 2.310036421, 48.87194148 ], [ 2.314464748, 48.87366684 ] ], [ [ 2.314464748, 48.87366684 ], [ 2.322133183, 48.8744413 ] ], [ [ 2.322133183, 48.8744413 ], [ 2.328325, 48.873608 ] ], [ [ 2.328325, 48.873608 ], [ 2.333932221, 48.87307232 ] ], [ [ 2.259549201, 48.84240522 ], [ 2.256956, 48.838082 ] ], [ [ 2.333932221, 48.87307232 ], [ 2.338741422, 48.87198735 ] ], [ [ 2.338741422, 48.87198735 ], [ 2.344341874, 48.87142633 ] ], [ [ 2.344341874, 48.87142633 ], [ 2.348874807, 48.87063948 ] ], [ [ 2.348874807, 48.87063948 ], [ 2.354008555, 48.8695915 ] ], [ [ 2.354008555, 48.8695915 ], [ 2.358661, 48.86844 ] ], [ [ 2.358661, 48.86844 ], [ 2.363811, 48.867503 ] ], [ [ 2.363811, 48.867503 ], [ 2.368877, 48.864545 ] ], [ [ 2.368877, 48.864545 ], [ 2.374210954, 48.86129512 ] ], [ [ 2.374210954, 48.86129512 ], [ 2.380106449, 48.85780289 ] ], [ [ 2.380106449, 48.85780289 ], [ 2.384639382, 48.85510281 ] ], [ [ 2.384639382, 48.85510281 ], [ 2.390151322, 48.85181135 ] ], [ [ 2.390151322, 48.85181135 ], [ 2.395905745, 48.84846575 ] ], [ [ 2.395905745, 48.84846575 ], [ 2.402045, 48.851976 ] ], [ [ 2.402045, 48.851976 ], [ 2.40699023, 48.85285088 ] ], [ [ 2.40699023, 48.85285088 ], [ 2.412244678, 48.85379155 ] ], [ [ 2.256956, 48.838082 ], [ 2.243579328, 48.83367001 ] ], [ [ 2.243579328, 48.83367001 ], [ 2.238177359, 48.83208981 ] ], [ [ 2.238177359, 48.83208981 ], [ 2.231034636, 48.82974679 ] ], [ [ 2.412244678, 48.85379155 ], [ 2.423678, 48.855683 ] ], [ [ 2.423678, 48.855683 ], [ 2.435764, 48.858055 ] ], [ [ 2.435764, 48.858055 ], [ 2.441847, 48.862283 ] ] ] } },
{ "type": "Feature", "properties": { "ligne": "Ligne 9", "couleur": "#B6BD00", "start_date": "1939-09-02", "end_date": "2028-12-02", "projet": false }, "geometry": { "type": "MultiLineString", "coordinates": [ [ [ 2.259549201, 48.84240522 ], [ 2.261194, 48.84496 ] ], [ [ 2.261194, 48.84496 ], [ 2.263870239, 48.84777129 ] ], [ [ 2.263870239, 48.84777129 ], [ 2.267856002, 48.85189783 ] ], [ [ 2.267856002, 48.85189783 ], [ 2.269634306, 48.85501987 ] ], [ [ 2.269634306, 48.85501987 ], [ 2.273719311, 48.85771818 ] ], [ [ 2.273719311, 48.85771818 ], [ 2.279051542, 48.86391193 ] ], [ [ 2.279051542, 48.86391193 ], [ 2.287060618, 48.86330141 ] ], [ [ 2.287060618, 48.86330141 ], [ 2.293379903, 48.86446597 ] ], [ [ 2.293379903, 48.86446597 ], [ 2.300234, 48.864904 ] ], [ [ 2.300234, 48.864904 ], [ 2.309191, 48.868507 ] ], [ [ 2.309191, 48.868507 ], [ 2.310036421, 48.87194148 ] ], [ [ 2.310036421, 48.87194148 ], [ 2.314464748, 48.87366684 ] ], [ [ 2.314464748, 48.87366684 ], [ 2.322133183, 48.8744413 ] ], [ [ 2.322133183, 48.8744413 ], [ 2.328325, 48.873608 ] ], [ [ 2.328325, 48.873608 ], [ 2.333932221, 48.87307232 ] ], [ [ 2.259549201, 48.84240522 ], [ 2.256956, 48.838082 ] ], [ [ 2.333932221, 48.87307232 ], [ 2.338741422, 48.87198735 ] ], [ [ 2.338741422, 48.87198735 ], [ 2.344341874, 48.87142633 ] ], [ [ 2.344341874, 48.87142633 ], [ 2.348874807, 48.87063948 ] ], [ [ 2.348874807, 48.87063948 ], [ 2.354008555, 48.8695915 ] ], [ [ 2.363811, 48.867503 ], [ 2.368877, 48.864545 ] ], [ [ 2.368877, 48.864545 ], [ 2.374210954, 48.86129512 ] ], [ [ 2.374210954, 48.86129512 ], [ 2.380106449, 48.85780289 ] ], [ [ 2.380106449, 48.85780289 ], [ 2.384639382, 48.85510281 ] ], [ [ 2.384639382, 48.85510281 ], [ 2.390151322, 48.85181135 ] ], [ [ 2.390151322, 48.85181135 ], [ 2.395905745, 48.84846575 ] ], [ [ 2.395905745, 48.84846575 ], [ 2.402045, 48.851976 ] ], [ [ 2.402045, 48.851976 ], [ 2.40699023, 48.85285088 ] ], [ [ 2.40699023, 48.85285088 ], [ 2.412244678, 48.85379155 ] ], [ [ 2.256956, 48.838082 ], [ 2.243579328, 48.83367001 ] ], [ [ 2.243579328, 48.83367001 ], [ 2.238177359, 48.83208981 ] ], [ [ 2.238177359, 48.83208981 ], [ 2.231034636, 48.82974679 ] ], [ [ 2.412244678, 48.85379155 ], [ 2.423678, 48.855683 ] ], [ [ 2.423678, 48.855683 ], [ 2.435764, 48.858055 ] ], [ [ 2.435764, 48.858055 ], [ 2.441847, 48.862283 ] ], [ [ 2.354008555, 48.8695915 ], [ 2.363811, 48.867503 ] ] ] } },
{ "type": "Feature", "properties": { "ligne": "Ligne 10", "couleur": "#C9910D", "start_date": "1923-12-30", "end_date": "1925-03-10", "projet": false }, "geometry": { "type": "MultiLineString", "coordinates": [ [ [ 2.314457, 48.860907 ], [ 2.314920723, 48.85623757 ] ], [ [ 2.314920723, 48.85623757 ], [ 2.314475477, 48.85195078 ] ], [ [ 2.314475477, 48.85195078 ], [ 2.316479087, 48.84682874 ] ], [ [ 2.316479087, 48.84682874 ], [ 2.321205, 48.848811 ] ], [ [ 2.321205, 48.848811 ], [ 2.326655388, 48.85150955 ] ], [ [ 2.326655388, 48.85150955 ], [ 2.329503894, 48.8518943 ] ] ] } },
{ "type": "Feature", "properties": { "ligne": "Ligne 10", "couleur": "#C9910D", "start_date": "1925-03-10", "end_date": "1926-02-14", "projet": false }, "geometry": { "type": "MultiLineString", "coordinates": [ [ [ 2.314457, 48.860907 ], [ 2.314920723, 48.85623757 ] ], [ [ 2.314920723, 48.85623757 ], [ 2.314475477, 48.85195078 ] ], [ [ 2.314475477, 48.85195078 ], [ 2.316479087, 48.84682874 ] ], [ [ 2.316479087, 48.84682874 ], [ 2.321205, 48.848811 ] ], [ [ 2.321205, 48.848811 ], [ 2.326655388, 48.85150955 ] ], [ [ 2.326655388, 48.85150955 ], [ 2.329503894, 48.8518943 ] ], [ [ 2.329503894, 48.8518943 ], [ 2.335321605, 48.85277499 ] ] ] } },
{ "type": "Feature", "properties": { "ligne": "Ligne 10", "couleur": "#C9910D", "start_date": "1926-02-14", "end_date": "1930-02-15", "projet": false }, "geometry": { "type": "MultiLineString", "coordinates": [ [ [ 2.314457, 48.860907 ], [ 2.314920723, 48.85623757 ] ], [ [ 2.314920723, 48.85623757 ], [ 2.314475477, 48.85195078 ] ], [ [ 2.314475477, 48.85195078 ], [ 2.316479087, 48.84682874 ] ], [ [ 2.316479087, 48.84682874 ], [ 2.321205, 48.848811 ] ], [ [ 2.321205, 48.848811 ], [ 2.326655388, 48.85150955 ] ], [ [ 2.326655388, 48.85150955 ], [ 2.329503894, 48.8518943 ] ], [ [ 2.329503894, 48.8518943 ], [ 2.335321605, 48.85277499 ] ], [ [ 2.335321605, 48.85277499 ], [ 2.338951, 48.852066 ] ] ] } },
{ "type": "Feature", "properties": { "ligne": "Ligne 10", "couleur": "#C9910D", "start_date": "1930-02-15", "end_date": "1930-03-07", "projet": false }, "geometry": { "type": "MultiLineString", "coordinates": [ [ [ 2.314457, 48.860907 ], [ 2.314920723, 48.85623757 ] ], [ [ 2.314920723, 48.85623757 ], [ 2.314475477, 48.85195078 ] ], [ [ 2.314475477, 48.85195078 ], [ 2.316479087, 48.84682874 ] ], [ [ 2.316479087, 48.84682874 ], [ 2.321205, 48.848811 ] ], [ [ 2.321205, 48.848811 ], [ 2.326655388, 48.85150955 ] ], [ [ 2.326655388, 48.85150955 ], [ 2.329503894, 48.8518943 ] ], [ [ 2.329503894, 48.8518943 ], [ 2.335321605, 48.85277499 ] ], [ [ 2.335321605, 48.85277499 ], [ 2.338951, 48.852066 ] ], [ [ 2.338951, 48.852066 ], [ 2.344273345, 48.85105028 ] ], [ [ 2.344273345, 48.85105028 ], [ 2.347936034, 48.8501929 ] ], [ [ 2.347936034, 48.8501929 ], [ 2.352279, 48.84359 ] ], [ [ 2.352279, 48.84359 ], [ 2.351774, 48.840597 ] ], [ [ 2.351774, 48.840597 ], [ 2.35225, 48.8364 ] ], [ [ 2.35225, 48.8364 ], [ 2.355692, 48.831483 ] ] ] } },
{ "type": "Feature", "properties": { "ligne": "Ligne 10", "couleur": "#C9910D", "start_date": "1930-03-07", "end_date": "1931-04-26", "projet": false }, "geometry": { "type": "MultiLineString", "coordinates": [ [ [ 2.314457, 48.860907 ], [ 2.314920723, 48.85623757 ] ], [ [ 2.314920723, 48.85623757 ], [ 2.314475477, 48.85195078 ] ], [ [ 2.314475477, 48.85195078 ], [ 2.316479087, 48.84682874 ] ], [ [ 2.316479087, 48.84682874 ], [ 2.321205, 48.848811 ] ], [ [ 2.321205, 48.848811 ], [ 2.326655388, 48.85150955 ] ], [ [ 2.326655388, 48.85150955 ], [ 2.329503894, 48.8518943 ] ], [ [ 2.329503894, 48.8518943 ], [ 2.335321605, 48.85277499 ] ], [ [ 2.335321605, 48.85277499 ], [ 2.338951, 48.852066 ] ], [ [ 2.338951, 48.852066 ], [ 2.344273345, 48.85105028 ] ], [ [ 2.344273345, 48.85105028 ], [ 2.347936034, 48.8501929 ] ], [ [ 2.347936034, 48.8501929 ], [ 2.352279, 48.84359 ] ], [ [ 2.352279, 48.84359 ], [ 2.351774, 48.840597 ] ], [ [ 2.351774, 48.840597 ], [ 2.35225, 48.8364 ] ], [ [ 2.35225, 48.8364 ], [ 2.355692, 48.831483 ] ], [ [ 2.355692, 48.831483 ], [ 2.357678, 48.826665 ] ], [ [ 2.357678, 48.826665 ], [ 2.358531, 48.822155 ] ], [ [ 2.358531, 48.822155 ], [ 2.360805, 48.819196 ] ], [ [ 2.360805, 48.819196 ], [ 2.365292609, 48.82031533 ] ] ] } },
{ "type": "Feature", "properties": { "ligne": "Ligne 10", "couleur": "#C9910D", "start_date": "1931-04-26", "end_date": "1937-07-27", "projet": false }, "geometry": { "type": "MultiLineString", "coordinates": [ [ [ 2.314457, 48.860907 ], [ 2.314920723, 48.85623757 ] ], [ [ 2.314920723, 48.85623757 ], [ 2.314475477, 48.85195078 ] ], [ [ 2.314475477, 48.85195078 ], [ 2.316479087, 48.84682874 ] ], [ [ 2.316479087, 48.84682874 ], [ 2.321205, 48.848811 ] ], [ [ 2.321205, 48.848811 ], [ 2.326655388, 48.85150955 ] ], [ [ 2.326655388, 48.85150955 ], [ 2.329503894, 48.8518943 ] ], [ [ 2.329503894, 48.8518943 ], [ 2.335321605, 48.85277499 ] ], [ [ 2.335321605, 48.85277499 ], [ 2.338951, 48.852066 ] ], [ [ 2.338951, 48.852066 ], [ 2.344273345, 48.85105028 ] ], [ [ 2.344273345, 48.85105028 ], [ 2.347936034, 48.8501929 ] ], [ [ 2.347936034, 48.8501929 ], [ 2.351202965, 48.8471394 ] ], [ [ 2.351202965, 48.8471394 ], [ 2.355738, 48.846052 ] ] ] } },
{ "type": "Feature", "properties": { "ligne": "Ligne 10", "couleur": "#C9910D", "start_date": "1937-07-27", "end_date": "1937-07-29", "projet": false }, "geometry": { "type": "MultiLineString", "coordinates": [ [ [ 2.316479087, 48.84682874 ], [ 2.321205, 48.848811 ] ], [ [ 2.321205, 48.848811 ], [ 2.326655388, 48.85150955 ] ], [ [ 2.326655388, 48.85150955 ], [ 2.329503894, 48.8518943 ] ], [ [ 2.329503894, 48.8518943 ], [ 2.335321605, 48.85277499 ] ], [ [ 2.335321605, 48.85277499 ], [ 2.338951, 48.852066 ] ], [ [ 2.338951, 48.852066 ], [ 2.344273345, 48.85105028 ] ], [ [ 2.344273345, 48.85105028 ], [ 2.347936034, 48.8501929 ] ], [ [ 2.347936034, 48.8501929 ], [ 2.351202965, 48.8471394 ] ], [ [ 2.351202965, 48.8471394 ], [ 2.355738, 48.846052 ] ], [ [ 2.286942, 48.846591 ], [ 2.294511795, 48.84697701 ] ], [ [ 2.294511795, 48.84697701 ], [ 2.298089862, 48.84914273 ] ], [ [ 2.286942, 48.846591 ], [ 2.278716266, 48.84616506 ] ], [ [ 2.278716266, 48.84616506 ], [ 2.269020081, 48.8471694 ] ], [ [ 2.269020081, 48.8471694 ], [ 2.263870239, 48.84777129 ] ], [ [ 2.263870239, 48.84777129 ], [ 2.25875, 48.848025 ] ], [ [ 2.271707654, 48.84673872 ], [ 2.278716266, 48.84616506 ] ], [ [ 2.26621449, 48.84513775 ], [ 2.271707654, 48.84673872 ] ], [ [ 2.261194, 48.84496 ], [ 2.26621449, 48.84513775 ] ], [ [ 2.25875, 48.848025 ], [ 2.261194, 48.84496 ] ] ] } },
{ "type": "Feature", "properties": { "ligne": "Ligne 10", "couleur": "#C9910D", "start_date": "1937-07-29", "end_date": "1937-09-29", "projet": false }, "geometry": { "type": "MultiLineString", "coordinates": [ [ [ 2.316479087, 48.84682874 ], [ 2.321205, 48.848811 ] ], [ [ 2.321205, 48.848811 ], [ 2.326655388, 48.85150955 ] ], [ [ 2.326655388, 48.85150955 ], [ 2.329503894, 48.8518943 ] ], [ [ 2.329503894, 48.8518943 ], [ 2.335321605, 48.85277499 ] ], [ [ 2.335321605, 48.85277499 ], [ 2.338951, 48.852066 ] ], [ [ 2.338951, 48.852066 ], [ 2.344273345, 48.85105028 ] ], [ [ 2.344273345, 48.85105028 ], [ 2.347936034, 48.8501929 ] ], [ [ 2.347936034, 48.8501929 ], [ 2.351202965, 48.8471394 ] ], [ [ 2.351202965, 48.8471394 ], [ 2.355738, 48.846052 ] ], [ [ 2.286942, 48.846591 ], [ 2.294511795, 48.84697701 ] ], [ [ 2.294511795, 48.84697701 ], [ 2.298089862, 48.84914273 ] ], [ [ 2.286942, 48.846591 ], [ 2.278716266, 48.84616506 ] ], [ [ 2.278716266, 48.84616506 ], [ 2.269020081, 48.8471694 ] ], [ [ 2.269020081, 48.8471694 ], [ 2.263870239, 48.84777129 ] ], [ [ 2.263870239, 48.84777129 ], [ 2.25875, 48.848025 ] ], [ [ 2.271707654, 48.84673872 ], [ 2.278716266, 48.84616506 ] ], [ [ 2.26621449, 48.84513775 ], [ 2.271707654, 48.84673872 ] ], [ [ 2.261194, 48.84496 ], [ 2.26621449, 48.84513775 ] ], [ [ 2.25875, 48.848025 ], [ 2.261194, 48.84496 ] ], [ [ 2.316479087, 48.84682874 ], [ 2.298089862, 48.84914273 ] ] ] } },
{ "type": "Feature", "properties": { "ligne": "Ligne 10", "couleur": "#C9910D", "start_date": "1937-09-29", "end_date": "1939-07-12", "projet": false }, "geometry": { "type": "MultiLineString", "coordinates": [ [ [ 2.316479087, 48.84682874 ], [ 2.321205, 48.848811 ] ], [ [ 2.321205, 48.848811 ], [ 2.326655388, 48.85150955 ] ], [ [ 2.326655388, 48.85150955 ], [ 2.329503894, 48.8518943 ] ], [ [ 2.329503894, 48.8518943 ], [ 2.335321605, 48.85277499 ] ], [ [ 2.335321605, 48.85277499 ], [ 2.338951, 48.852066 ] ], [ [ 2.338951, 48.852066 ], [ 2.344273345, 48.85105028 ] ], [ [ 2.344273345, 48.85105028 ], [ 2.347936034, 48.8501929 ] ], [ [ 2.347936034, 48.8501929 ], [ 2.351202965, 48.8471394 ] ], [ [ 2.351202965, 48.8471394 ], [ 2.355738, 48.846052 ] ], [ [ 2.286942, 48.846591 ], [ 2.294511795, 48.84697701 ] ], [ [ 2.294511795, 48.84697701 ], [ 2.298089862, 48.84914273 ] ], [ [ 2.286942, 48.846591 ], [ 2.278716266, 48.84616506 ] ], [ [ 2.278716266, 48.84616506 ], [ 2.269020081, 48.8471694 ] ], [ [ 2.269020081, 48.8471694 ], [ 2.263870239, 48.84777129 ] ], [ [ 2.263870239, 48.84777129 ], [ 2.25875, 48.848025 ] ], [ [ 2.271707654, 48.84673872 ], [ 2.278716266, 48.84616506 ] ], [ [ 2.26621449, 48.84513775 ], [ 2.271707654, 48.84673872 ] ], [ [ 2.261194, 48.84496 ], [ 2.26621449, 48.84513775 ] ], [ [ 2.25875, 48.848025 ], [ 2.261194, 48.84496 ] ], [ [ 2.316479087, 48.84682874 ], [ 2.306852639, 48.84743417 ] ], [ [ 2.298089862, 48.84914273 ], [ 2.306852639, 48.84743417 ] ] ] } },
{ "type": "Feature", "properties": { "ligne": "Ligne 10", "couleur": "#C9910D", "start_date": "1939-07-12", "end_date": "1939-09-03", "projet": false }, "geometry": { "type": "MultiLineString", "coordinates": [ [ [ 2.316479087, 48.84682874 ], [ 2.321205, 48.848811 ] ], [ [ 2.321205, 48.848811 ], [ 2.326655388, 48.85150955 ] ], [ [ 2.326655388, 48.85150955 ], [ 2.329503894, 48.8518943 ] ], [ [ 2.329503894, 48.8518943 ], [ 2.335321605, 48.85277499 ] ], [ [ 2.335321605, 48.85277499 ], [ 2.338951, 48.852066 ] ], [ [ 2.338951, 48.852066 ], [ 2.344273345, 48.85105028 ] ], [ [ 2.344273345, 48.85105028 ], [ 2.347936034, 48.8501929 ] ], [ [ 2.347936034, 48.8501929 ], [ 2.351202965, 48.8471394 ] ], [ [ 2.351202965, 48.8471394 ], [ 2.355738, 48.846052 ] ], [ [ 2.286942, 48.846591 ], [ 2.294511795, 48.84697701 ] ], [ [ 2.294511795, 48.84697701 ], [ 2.298089862, 48.84914273 ] ], [ [ 2.286942, 48.846591 ], [ 2.278716266, 48.84616506 ] ], [ [ 2.278716266, 48.84616506 ], [ 2.269020081, 48.8471694 ] ], [ [ 2.269020081, 48.8471694 ], [ 2.263870239, 48.84777129 ] ], [ [ 2.263870239, 48.84777129 ], [ 2.25875, 48.848025 ] ], [ [ 2.271707654, 48.84673872 ], [ 2.278716266, 48.84616506 ] ], [ [ 2.26621449, 48.84513775 ], [ 2.271707654, 48.84673872 ] ], [ [ 2.261194, 48.84496 ], [ 2.26621449, 48.84513775 ] ], [ [ 2.25875, 48.848025 ], [ 2.261194, 48.84496 ] ], [ [ 2.316479087, 48.84682874 ], [ 2.306852639, 48.84743417 ] ], [ [ 2.298089862, 48.84914273 ], [ 2.306852639, 48.84743417 ] ], [ [ 2.364970744, 48.84262588 ], [ 2.355738, 48.846052 ] ] ] } },
{ "type": "Feature", "properties": { "ligne": "Ligne 10", "couleur": "#C9910D", "start_date": "1939-09-03", "end_date": "1980-10-03", "projet": false }, "geometry": { "type": "MultiLineString", "coordinates": [ [ [ 2.316479087, 48.84682874 ], [ 2.321205, 48.848811 ] ], [ [ 2.321205, 48.848811 ], [ 2.326655388, 48.85150955 ] ], [ [ 2.335321605, 48.85277499 ], [ 2.338951, 48.852066 ] ], [ [ 2.347936034, 48.8501929 ], [ 2.351202965, 48.8471394 ] ], [ [ 2.351202965, 48.8471394 ], [ 2.355738, 48.846052 ] ], [ [ 2.286942, 48.846591 ], [ 2.294511795, 48.84697701 ] ], [ [ 2.294511795, 48.84697701 ], [ 2.298089862, 48.84914273 ] ], [ [ 2.286942, 48.846591 ], [ 2.278716266, 48.84616506 ] ], [ [ 2.278716266, 48.84616506 ], [ 2.269020081, 48.8471694 ] ], [ [ 2.269020081, 48.8471694 ], [ 2.263870239, 48.84777129 ] ], [ [ 2.263870239, 48.84777129 ], [ 2.25875, 48.848025 ] ], [ [ 2.271707654, 48.84673872 ], [ 2.278716266, 48.84616506 ] ], [ [ 2.26621449, 48.84513775 ], [ 2.271707654, 48.84673872 ] ], [ [ 2.261194, 48.84496 ], [ 2.26621449, 48.84513775 ] ], [ [ 2.25875, 48.848025 ], [ 2.261194, 48.84496 ] ], [ [ 2.316479087, 48.84682874 ], [ 2.306852639, 48.84743417 ] ], [ [ 2.298089862, 48.84914273 ], [ 2.306852639, 48.84743417 ] ], [ [ 2.364970744, 48.84262588 ], [ 2.355738, 48.846052 ] ], [ [ 2.338951, 48.852066 ], [ 2.347936034, 48.8501929 ] ], [ [ 2.326655388, 48.85150955 ], [ 2.335321605, 48.85277499 ] ] ] } },
{ "type": "Feature", "properties": { "ligne": "Ligne 10", "couleur": "#C9910D", "start_date": "1980-10-03", "end_date": "1981-10-02", "projet": false }, "geometry": { "type": "MultiLineString", "coordinates": [ [ [ 2.316479087, 48.84682874 ], [ 2.321205, 48.848811 ] ], [ [ 2.321205, 48.848811 ], [ 2.326655388, 48.85150955 ] ], [ [ 2.335321605, 48.85277499 ], [ 2.338951, 48.852066 ] ], [ [ 2.347936034, 48.8501929 ], [ 2.351202965, 48.8471394 ] ], [ [ 2.351202965, 48.8471394 ], [ 2.355738, 48.846052 ] ], [ [ 2.286942, 48.846591 ], [ 2.294511795, 48.84697701 ] ], [ [ 2.294511795, 48.84697701 ], [ 2.298089862, 48.84914273 ] ], [ [ 2.286942, 48.846591 ], [ 2.278716266, 48.84616506 ] ], [ [ 2.278716266, 48.84616506 ], [ 2.269020081, 48.8471694 ] ], [ [ 2.269020081, 48.8471694 ], [ 2.263870239, 48.84777129 ] ], [ [ 2.263870239, 48.84777129 ], [ 2.25875, 48.848025 ] ], [ [ 2.271707654, 48.84673872 ], [ 2.278716266, 48.84616506 ] ], [ [ 2.26621449, 48.84513775 ], [ 2.271707654, 48.84673872 ] ], [ [ 2.261194, 48.84496 ], [ 2.26621449, 48.84513775 ] ], [ [ 2.316479087, 48.84682874 ], [ 2.306852639, 48.84743417 ] ], [ [ 2.298089862, 48.84914273 ], [ 2.306852639, 48.84743417 ] ], [ [ 2.364970744, 48.84262588 ], [ 2.355738, 48.846052 ] ], [ [ 2.338951, 48.852066 ], [ 2.347936034, 48.8501929 ] ], [ [ 2.326655388, 48.85150955 ], [ 2.335321605, 48.85277499 ] ], [ [ 2.238877416, 48.84227813 ], [ 2.261194, 48.84496 ] ], [ [ 2.25875, 48.848025 ], [ 2.238877416, 48.84227813 ] ] ] } },
{ "type": "Feature", "properties": { "ligne": "Ligne 10", "couleur": "#C9910D", "start_date": "1981-10-02", "end_date": "1988-12-15", "projet": false }, "geometry": { "type": "MultiLineString", "coordinates": [ [ [ 2.316479087, 48.84682874 ], [ 2.321205, 48.848811 ] ], [ [ 2.321205, 48.848811 ], [ 2.326655388, 48.85150955 ] ], [ [ 2.335321605, 48.85277499 ], [ 2.338951, 48.852066 ] ], [ [ 2.347936034, 48.8501929 ], [ 2.351202965, 48.8471394 ] ], [ [ 2.351202965, 48.8471394 ], [ 2.355738, 48.846052 ] ], [ [ 2.286942, 48.846591 ], [ 2.294511795, 48.84697701 ] ], [ [ 2.294511795, 48.84697701 ], [ 2.298089862, 48.84914273 ] ], [ [ 2.286942, 48.846591 ], [ 2.278716266, 48.84616506 ] ], [ [ 2.278716266, 48.84616506 ], [ 2.269020081, 48.8471694 ] ], [ [ 2.269020081, 48.8471694 ], [ 2.263870239, 48.84777129 ] ], [ [ 2.263870239, 48.84777129 ], [ 2.25875, 48.848025 ] ], [ [ 2.271707654, 48.84673872 ], [ 2.278716266, 48.84616506 ] ], [ [ 2.26621449, 48.84513775 ], [ 2.271707654, 48.84673872 ] ], [ [ 2.261194, 48.84496 ], [ 2.26621449, 48.84513775 ] ], [ [ 2.316479087, 48.84682874 ], [ 2.306852639, 48.84743417 ] ], [ [ 2.298089862, 48.84914273 ], [ 2.306852639, 48.84743417 ] ], [ [ 2.364970744, 48.84262588 ], [ 2.355738, 48.846052 ] ], [ [ 2.338951, 48.852066 ], [ 2.347936034, 48.8501929 ] ], [ [ 2.326655388, 48.85150955 ], [ 2.335321605, 48.85277499 ] ], [ [ 2.238877416, 48.84227813 ], [ 2.261194, 48.84496 ] ], [ [ 2.25875, 48.848025 ], [ 2.238877416, 48.84227813 ] ], [ [ 2.238877416, 48.84227813 ], [ 2.228331, 48.840684 ] ] ] } },
{ "type": "Feature", "properties": { "ligne": "Ligne 10", "couleur": "#C9910D", "start_date": "1988-12-15", "end_date": "2028-12-02", "projet": false }, "geometry": { "type": "MultiLineString", "coordinates": [ [ [ 2.316479087, 48.84682874 ], [ 2.321205, 48.848811 ] ], [ [ 2.321205, 48.848811 ], [ 2.326655388, 48.85150955 ] ], [ [ 2.335321605, 48.85277499 ], [ 2.338951, 48.852066 ] ], [ [ 2.347936034, 48.8501929 ], [ 2.351202965, 48.8471394 ] ], [ [ 2.351202965, 48.8471394 ], [ 2.355738, 48.846052 ] ], [ [ 2.286942, 48.846591 ], [ 2.294511795, 48.84697701 ] ], [ [ 2.294511795, 48.84697701 ], [ 2.298089862, 48.84914273 ] ], [ [ 2.286942, 48.846591 ], [ 2.278716266, 48.84616506 ] ], [ [ 2.278716266, 48.84616506 ], [ 2.269020081, 48.8471694 ] ], [ [ 2.269020081, 48.8471694 ], [ 2.263870239, 48.84777129 ] ], [ [ 2.263870239, 48.84777129 ], [ 2.25875, 48.848025 ] ], [ [ 2.271707654, 48.84673872 ], [ 2.278716266, 48.84616506 ] ], [ [ 2.26621449, 48.84513775 ], [ 2.271707654, 48.84673872 ] ], [ [ 2.261194, 48.84496 ], [ 2.26621449, 48.84513775 ] ], [ [ 2.316479087, 48.84682874 ], [ 2.306852639, 48.84743417 ] ], [ [ 2.298089862, 48.84914273 ], [ 2.306852639, 48.84743417 ] ], [ [ 2.364970744, 48.84262588 ], [ 2.355738, 48.846052 ] ], [ [ 2.326655388, 48.85150955 ], [ 2.335321605, 48.85277499 ] ], [ [ 2.238877416, 48.84227813 ], [ 2.261194, 48.84496 ] ], [ [ 2.25875, 48.848025 ], [ 2.238877416, 48.84227813 ] ], [ [ 2.238877416, 48.84227813 ], [ 2.228331, 48.840684 ] ], [ [ 2.338951, 48.852066 ], [ 2.344273345, 48.85105028 ] ], [ [ 2.344273345, 48.85105028 ], [ 2.347936034, 48.8501929 ] ] ] } },
{ "type": "Feature", "properties": { "ligne": "Ligne 11", "couleur": "#704B1C", "start_date": "1935-04-28", "end_date": "1937-02-17", "projet": false }, "geometry": { "type": "MultiLineString", "coordinates": [ [ [ 2.347119401, 48.85851952 ], [ 2.35149454, 48.85676953 ] ], [ [ 2.35149454, 48.85676953 ], [ 2.353905, 48.861951 ] ], [ [ 2.353905, 48.861951 ], [ 2.3561, 48.8655 ] ], [ [ 2.3561, 48.8655 ], [ 2.363811, 48.867503 ] ], [ [ 2.363811, 48.867503 ], [ 2.370686531, 48.86983144 ] ], [ [ 2.370686531, 48.86983144 ], [ 2.376946807, 48.87208261 ] ], [ [ 2.376946807, 48.87208261 ], [ 2.385258973, 48.87387501 ] ], [ [ 2.385258973, 48.87387501 ], [ 2.389507592, 48.87519986 ] ], [ [ 2.389507592, 48.87519986 ], [ 2.392959595, 48.87684044 ] ], [ [ 2.392959595, 48.87684044 ], [ 2.398433983, 48.87546271 ] ], [ [ 2.398433983, 48.87546271 ], [ 2.406655, 48.877183 ] ] ] } },
{ "type": "Feature", "properties": { "ligne": "Ligne 11", "couleur": "#704B1C", "start_date": "1937-02-17", "end_date": "2024-06-13", "projet": false }, "geometry": { "type": "MultiLineString", "coordinates": [ [ [ 2.347119401, 48.85851952 ], [ 2.35149454, 48.85676953 ] ], [ [ 2.35149454, 48.85676953 ], [ 2.353905, 48.861951 ] ], [ [ 2.353905, 48.861951 ], [ 2.3561, 48.8655 ] ], [ [ 2.3561, 48.8655 ], [ 2.363811, 48.867503 ] ], [ [ 2.363811, 48.867503 ], [ 2.370686531, 48.86983144 ] ], [ [ 2.370686531, 48.86983144 ], [ 2.376946807, 48.87208261 ] ], [ [ 2.376946807, 48.87208261 ], [ 2.385258973, 48.87387501 ] ], [ [ 2.385258973, 48.87387501 ], [ 2.389507592, 48.87519986 ] ], [ [ 2.389507592, 48.87519986 ], [ 2.392959595, 48.87684044 ] ], [ [ 2.392959595, 48.87684044 ], [ 2.398433983, 48.87546271 ] ], [ [ 2.398433983, 48.87546271 ], [ 2.406655, 48.877183 ] ], [ [ 2.406655, 48.877183 ], [ 2.416289449, 48.87978806 ] ] ] } },
{ "type": "Feature", "properties": { "ligne": "Ligne 11", "couleur": "#704B1C", "start_date": "2024-06-13", "end_date": "2028-12-02", "projet": false }, "geometry": { "type": "MultiLineString", "coordinates": [ [ [ 2.347119401, 48.85851952 ], [ 2.35149454, 48.85676953 ] ], [ [ 2.35149454, 48.85676953 ], [ 2.353905, 48.861951 ] ], [ [ 2.353905, 48.861951 ], [ 2.3561, 48.8655 ] ], [ [ 2.3561, 48.8655 ], [ 2.363811, 48.867503 ] ], [ [ 2.363811, 48.867503 ], [ 2.370686531, 48.86983144 ] ], [ [ 2.370686531, 48.86983144 ], [ 2.376946807, 48.87208261 ] ], [ [ 2.376946807, 48.87208261 ], [ 2.385258973, 48.87387501 ] ], [ [ 2.385258973, 48.87387501 ], [ 2.389507592, 48.87519986 ] ], [ [ 2.389507592, 48.87519986 ], [ 2.392959595, 48.87684044 ] ], [ [ 2.392959595, 48.87684044 ], [ 2.398433983, 48.87546271 ] ], [ [ 2.398433983, 48.87546271 ], [ 2.406655, 48.877183 ] ], [ [ 2.406655, 48.877183 ], [ 2.416289449, 48.87978806 ] ], [ [ 2.416289449, 48.87978806 ], [ 2.42743, 48.88136 ] ], [ [ 2.42743, 48.88136 ], [ 2.44052, 48.88317 ] ], [ [ 2.44052, 48.88317 ], [ 2.45456, 48.8783 ] ], [ [ 2.45456, 48.8783 ], [ 2.46549, 48.87811 ] ], [ [ 2.46549, 48.87811 ], [ 2.46735, 48.88224 ] ], [ [ 2.46735, 48.88224 ], [ 2.48083, 48.88242 ] ] ] } },
{ "type": "Feature", "properties": { "ligne": "Ligne A", "couleur": "#2b5439", "start_date": "1910-11-05", "end_date": "1911-04-08", "projet": false }, "geometry": { "type": "MultiLineString", "coordinates": [ [ [ 2.338586, 48.876084 ], [ 2.333197296, 48.87630241 ] ], [ [ 2.333197296, 48.87630241 ], [ 2.326185659, 48.87557787 ] ], [ [ 2.326185659, 48.87557787 ], [ 2.3251637, 48.87006435 ] ], [ [ 2.3251637, 48.87006435 ], [ 2.322397, 48.866176 ] ], [ [ 2.322397, 48.866176 ], [ 2.321130037, 48.86065457 ] ], [ [ 2.321130037, 48.86065457 ], [ 2.323224843, 48.85824935 ] ], [ [ 2.323224843, 48.85824935 ], [ 2.325606644, 48.85569049 ] ], [ [ 2.325606644, 48.85569049 ], [ 2.326655388, 48.85150955 ] ], [ [ 2.326655388, 48.85150955 ], [ 2.32776314, 48.84819314 ] ], [ [ 2.32776314, 48.84819314 ], [ 2.328787744, 48.84456761 ] ], [ [ 2.328787744, 48.84456761 ], [ 2.323934, 48.843826 ] ], [ [ 2.323934, 48.843826 ], [ 2.317954, 48.84449 ] ], [ [ 2.317954, 48.84449 ], [ 2.312681079, 48.84283594 ] ], [ [ 2.312681079, 48.84283594 ], [ 2.307504416, 48.84134253 ] ], [ [ 2.307504416, 48.84134253 ], [ 2.301491, 48.839649 ] ], [ [ 2.301491, 48.839649 ], [ 2.296795, 48.837419 ] ], [ [ 2.296795, 48.837419 ], [ 2.291597, 48.832639 ] ] ] } },
{ "type": "Feature", "properties": { "ligne": "Ligne A", "couleur": "#2b5439", "start_date": "1911-04-08", "end_date": "1912-10-31", "projet": false }, "geometry": { "type": "MultiLineString", "coordinates": [ [ [ 2.338586, 48.876084 ], [ 2.333197296, 48.87630241 ] ], [ [ 2.333197296, 48.87630241 ], [ 2.326185659, 48.87557787 ] ], [ [ 2.326185659, 48.87557787 ], [ 2.3251637, 48.87006435 ] ], [ [ 2.3251637, 48.87006435 ], [ 2.322397, 48.866176 ] ], [ [ 2.322397, 48.866176 ], [ 2.321130037, 48.86065457 ] ], [ [ 2.321130037, 48.86065457 ], [ 2.323224843, 48.85824935 ] ], [ [ 2.323224843, 48.85824935 ], [ 2.325606644, 48.85569049 ] ], [ [ 2.325606644, 48.85569049 ], [ 2.326655388, 48.85150955 ] ], [ [ 2.326655388, 48.85150955 ], [ 2.32776314, 48.84819314 ] ], [ [ 2.32776314, 48.84819314 ], [ 2.328787744, 48.84456761 ] ], [ [ 2.328787744, 48.84456761 ], [ 2.323934, 48.843826 ] ], [ [ 2.323934, 48.843826 ], [ 2.317954, 48.84449 ] ], [ [ 2.317954, 48.84449 ], [ 2.312681079, 48.84283594 ] ], [ [ 2.312681079, 48.84283594 ], [ 2.307504416, 48.84134253 ] ], [ [ 2.307504416, 48.84134253 ], [ 2.301491, 48.839649 ] ], [ [ 2.301491, 48.839649 ], [ 2.296795, 48.837419 ] ], [ [ 2.296795, 48.837419 ], [ 2.291597, 48.832639 ] ], [ [ 2.338586, 48.876084 ], [ 2.337381542, 48.87844922 ] ], [ [ 2.337381542, 48.87844922 ], [ 2.337573, 48.882255 ] ] ] } },
{ "type": "Feature", "properties": { "ligne": "Ligne A", "couleur": "#2b5439", "start_date": "1912-10-31", "end_date": "1913-01-30", "projet": false }, "geometry": { "type": "MultiLineString", "coordinates": [ [ [ 2.338586, 48.876084 ], [ 2.333197296, 48.87630241 ] ], [ [ 2.333197296, 48.87630241 ], [ 2.326185659, 48.87557787 ] ], [ [ 2.326185659, 48.87557787 ], [ 2.3251637, 48.87006435 ] ], [ [ 2.3251637, 48.87006435 ], [ 2.322397, 48.866176 ] ], [ [ 2.322397, 48.866176 ], [ 2.321130037, 48.86065457 ] ], [ [ 2.321130037, 48.86065457 ], [ 2.323224843, 48.85824935 ] ], [ [ 2.323224843, 48.85824935 ], [ 2.325606644, 48.85569049 ] ], [ [ 2.325606644, 48.85569049 ], [ 2.326655388, 48.85150955 ] ], [ [ 2.326655388, 48.85150955 ], [ 2.32776314, 48.84819314 ] ], [ [ 2.32776314, 48.84819314 ], [ 2.328787744, 48.84456761 ] ], [ [ 2.328787744, 48.84456761 ], [ 2.323934, 48.843826 ] ], [ [ 2.323934, 48.843826 ], [ 2.317954, 48.84449 ] ], [ [ 2.317954, 48.84449 ], [ 2.312681079, 48.84283594 ] ], [ [ 2.312681079, 48.84283594 ], [ 2.307504416, 48.84134253 ] ], [ [ 2.307504416, 48.84134253 ], [ 2.301491, 48.839649 ] ], [ [ 2.301491, 48.839649 ], [ 2.296795, 48.837419 ] ], [ [ 2.296795, 48.837419 ], [ 2.291597, 48.832639 ] ], [ [ 2.338586, 48.876084 ], [ 2.337381542, 48.87844922 ] ], [ [ 2.337381542, 48.87844922 ], [ 2.337573, 48.882255 ] ], [ [ 2.337573, 48.882255 ], [ 2.338693, 48.889849 ] ], [ [ 2.338693, 48.889849 ], [ 2.344781756, 48.89243737 ] ] ] } },
{ "type": "Feature", "properties": { "ligne": "Ligne A", "couleur": "#2b5439", "start_date": "1913-01-30", "end_date": "1916-08-23", "projet": false }, "geometry": { "type": "MultiLineString", "coordinates": [ [ [ 2.338586, 48.876084 ], [ 2.333197296, 48.87630241 ] ], [ [ 2.333197296, 48.87630241 ], [ 2.326185659, 48.87557787 ] ], [ [ 2.326185659, 48.87557787 ], [ 2.3251637, 48.87006435 ] ], [ [ 2.3251637, 48.87006435 ], [ 2.322397, 48.866176 ] ], [ [ 2.322397, 48.866176 ], [ 2.321130037, 48.86065457 ] ], [ [ 2.321130037, 48.86065457 ], [ 2.323224843, 48.85824935 ] ], [ [ 2.323224843, 48.85824935 ], [ 2.325606644, 48.85569049 ] ], [ [ 2.325606644, 48.85569049 ], [ 2.326655388, 48.85150955 ] ], [ [ 2.326655388, 48.85150955 ], [ 2.32776314, 48.84819314 ] ], [ [ 2.32776314, 48.84819314 ], [ 2.328787744, 48.84456761 ] ], [ [ 2.328787744, 48.84456761 ], [ 2.323934, 48.843826 ] ], [ [ 2.323934, 48.843826 ], [ 2.317954, 48.84449 ] ], [ [ 2.317954, 48.84449 ], [ 2.312681079, 48.84283594 ] ], [ [ 2.312681079, 48.84283594 ], [ 2.307504416, 48.84134253 ] ], [ [ 2.307504416, 48.84134253 ], [ 2.301491, 48.839649 ] ], [ [ 2.301491, 48.839649 ], [ 2.296795, 48.837419 ] ], [ [ 2.296795, 48.837419 ], [ 2.291597, 48.832639 ] ], [ [ 2.338586, 48.876084 ], [ 2.337381542, 48.87844922 ] ], [ [ 2.337381542, 48.87844922 ], [ 2.337573, 48.882255 ] ], [ [ 2.338693, 48.889849 ], [ 2.344781756, 48.89243737 ] ], [ [ 2.337573, 48.882255 ], [ 2.338712812, 48.88441765 ] ], [ [ 2.338712812, 48.88441765 ], [ 2.338693, 48.889849 ] ] ] } },
{ "type": "Feature", "properties": { "ligne": "Ligne A", "couleur": "#2b5439", "start_date": "1916-08-23", "end_date": "1931-03-27", "projet": false }, "geometry": { "type": "MultiLineString", "coordinates": [ [ [ 2.338586, 48.876084 ], [ 2.333197296, 48.87630241 ] ], [ [ 2.333197296, 48.87630241 ], [ 2.326185659, 48.87557787 ] ], [ [ 2.326185659, 48.87557787 ], [ 2.3251637, 48.87006435 ] ], [ [ 2.3251637, 48.87006435 ], [ 2.322397, 48.866176 ] ], [ [ 2.322397, 48.866176 ], [ 2.321130037, 48.86065457 ] ], [ [ 2.321130037, 48.86065457 ], [ 2.323224843, 48.85824935 ] ], [ [ 2.323224843, 48.85824935 ], [ 2.325606644, 48.85569049 ] ], [ [ 2.325606644, 48.85569049 ], [ 2.326655388, 48.85150955 ] ], [ [ 2.326655388, 48.85150955 ], [ 2.32776314, 48.84819314 ] ], [ [ 2.32776314, 48.84819314 ], [ 2.328787744, 48.84456761 ] ], [ [ 2.328787744, 48.84456761 ], [ 2.323934, 48.843826 ] ], [ [ 2.323934, 48.843826 ], [ 2.317954, 48.84449 ] ], [ [ 2.317954, 48.84449 ], [ 2.312681079, 48.84283594 ] ], [ [ 2.312681079, 48.84283594 ], [ 2.307504416, 48.84134253 ] ], [ [ 2.307504416, 48.84134253 ], [ 2.301491, 48.839649 ] ], [ [ 2.301491, 48.839649 ], [ 2.296795, 48.837419 ] ], [ [ 2.296795, 48.837419 ], [ 2.291597, 48.832639 ] ], [ [ 2.338586, 48.876084 ], [ 2.337381542, 48.87844922 ] ], [ [ 2.337381542, 48.87844922 ], [ 2.337573, 48.882255 ] ], [ [ 2.338693, 48.889849 ], [ 2.344781756, 48.89243737 ] ], [ [ 2.337573, 48.882255 ], [ 2.338712812, 48.88441765 ] ], [ [ 2.338712812, 48.88441765 ], [ 2.338693, 48.889849 ] ], [ [ 2.344781756, 48.89243737 ], [ 2.350319, 48.891478 ] ], [ [ 2.350319, 48.891478 ], [ 2.359968, 48.890483 ] ], [ [ 2.359968, 48.890483 ], [ 2.359190583, 48.89727437 ] ] ] } },
{ "type": "Feature", "properties": { "ligne": "Ligne 12", "couleur": "#007852", "start_date": "1931-03-27", "end_date": "1934-03-24", "projet": false }, "geometry": { "type": "MultiLineString", "coordinates": [ [ [ 2.338586, 48.876084 ], [ 2.333197296, 48.87630241 ] ], [ [ 2.333197296, 48.87630241 ], [ 2.326185659, 48.87557787 ] ], [ [ 2.326185659, 48.87557787 ], [ 2.3251637, 48.87006435 ] ], [ [ 2.3251637, 48.87006435 ], [ 2.322397, 48.866176 ] ], [ [ 2.322397, 48.866176 ], [ 2.321130037, 48.86065457 ] ], [ [ 2.321130037, 48.86065457 ], [ 2.323224843, 48.85824935 ] ], [ [ 2.323224843, 48.85824935 ], [ 2.325606644, 48.85569049 ] ], [ [ 2.325606644, 48.85569049 ], [ 2.326655388, 48.85150955 ] ], [ [ 2.326655388, 48.85150955 ], [ 2.32776314, 48.84819314 ] ], [ [ 2.32776314, 48.84819314 ], [ 2.328787744, 48.84456761 ] ], [ [ 2.328787744, 48.84456761 ], [ 2.323934, 48.843826 ] ], [ [ 2.323934, 48.843826 ], [ 2.317954, 48.84449 ] ], [ [ 2.317954, 48.84449 ], [ 2.312681079, 48.84283594 ] ], [ [ 2.312681079, 48.84283594 ], [ 2.307504416, 48.84134253 ] ], [ [ 2.307504416, 48.84134253 ], [ 2.301491, 48.839649 ] ], [ [ 2.301491, 48.839649 ], [ 2.296795, 48.837419 ] ], [ [ 2.296795, 48.837419 ], [ 2.287841, 48.832328 ] ], [ [ 2.338586, 48.876084 ], [ 2.337381542, 48.87844922 ] ], [ [ 2.337381542, 48.87844922 ], [ 2.337573, 48.882255 ] ], [ [ 2.338693, 48.889849 ], [ 2.344781756, 48.89243737 ] ], [ [ 2.337573, 48.882255 ], [ 2.338712812, 48.88441765 ] ], [ [ 2.338712812, 48.88441765 ], [ 2.338693, 48.889849 ] ], [ [ 2.344781756, 48.89243737 ], [ 2.350319, 48.891478 ] ], [ [ 2.350319, 48.891478 ], [ 2.359968, 48.890483 ] ], [ [ 2.359968, 48.890483 ], [ 2.359190583, 48.89727437 ] ] ] } },
{ "type": "Feature", "properties": { "ligne": "Ligne 12", "couleur": "#007852", "start_date": "1934-03-24", "end_date": "1939-09-02", "projet": false }, "geometry": { "type": "MultiLineString", "coordinates": [ [ [ 2.338586, 48.876084 ], [ 2.333197296, 48.87630241 ] ], [ [ 2.333197296, 48.87630241 ], [ 2.326185659, 48.87557787 ] ], [ [ 2.326185659, 48.87557787 ], [ 2.3251637, 48.87006435 ] ], [ [ 2.3251637, 48.87006435 ], [ 2.322397, 48.866176 ] ], [ [ 2.322397, 48.866176 ], [ 2.321130037, 48.86065457 ] ], [ [ 2.321130037, 48.86065457 ], [ 2.323224843, 48.85824935 ] ], [ [ 2.323224843, 48.85824935 ], [ 2.325606644, 48.85569049 ] ], [ [ 2.325606644, 48.85569049 ], [ 2.326655388, 48.85150955 ] ], [ [ 2.326655388, 48.85150955 ], [ 2.32776314, 48.84819314 ] ], [ [ 2.32776314, 48.84819314 ], [ 2.328787744, 48.84456761 ] ], [ [ 2.328787744, 48.84456761 ], [ 2.323934, 48.843826 ] ], [ [ 2.323934, 48.843826 ], [ 2.317954, 48.84449 ] ], [ [ 2.317954, 48.84449 ], [ 2.312681079, 48.84283594 ] ], [ [ 2.312681079, 48.84283594 ], [ 2.307504416, 48.84134253 ] ], [ [ 2.307504416, 48.84134253 ], [ 2.301491, 48.839649 ] ], [ [ 2.301491, 48.839649 ], [ 2.296795, 48.837419 ] ], [ [ 2.296795, 48.837419 ], [ 2.287841, 48.832328 ] ], [ [ 2.338586, 48.876084 ], [ 2.337381542, 48.87844922 ] ], [ [ 2.337381542, 48.87844922 ], [ 2.337573, 48.882255 ] ], [ [ 2.338693, 48.889849 ], [ 2.344781756, 48.89243737 ] ], [ [ 2.337573, 48.882255 ], [ 2.338712812, 48.88441765 ] ], [ [ 2.338712812, 48.88441765 ], [ 2.338693, 48.889849 ] ], [ [ 2.344781756, 48.89243737 ], [ 2.350319, 48.891478 ] ], [ [ 2.350319, 48.891478 ], [ 2.359968, 48.890483 ] ], [ [ 2.359968, 48.890483 ], [ 2.359190583, 48.89727437 ] ], [ [ 2.287841, 48.832328 ], [ 2.278985, 48.826833 ] ], [ [ 2.278985, 48.826833 ], [ 2.273434, 48.824152 ] ] ] } },
{ "type": "Feature", "properties": { "ligne": "Ligne 12", "couleur": "#007852", "start_date": "1939-09-02", "end_date": "1939-09-03", "projet": false }, "geometry": { "type": "MultiLineString", "coordinates": [ [ [ 2.338586, 48.876084 ], [ 2.333197296, 48.87630241 ] ], [ [ 2.333197296, 48.87630241 ], [ 2.326185659, 48.87557787 ] ], [ [ 2.326185659, 48.87557787 ], [ 2.3251637, 48.87006435 ] ], [ [ 2.3251637, 48.87006435 ], [ 2.322397, 48.866176 ] ], [ [ 2.322397, 48.866176 ], [ 2.321130037, 48.86065457 ] ], [ [ 2.321130037, 48.86065457 ], [ 2.323224843, 48.85824935 ] ], [ [ 2.323224843, 48.85824935 ], [ 2.325606644, 48.85569049 ] ], [ [ 2.325606644, 48.85569049 ], [ 2.326655388, 48.85150955 ] ], [ [ 2.326655388, 48.85150955 ], [ 2.32776314, 48.84819314 ] ], [ [ 2.32776314, 48.84819314 ], [ 2.328787744, 48.84456761 ] ], [ [ 2.328787744, 48.84456761 ], [ 2.323934, 48.843826 ] ], [ [ 2.323934, 48.843826 ], [ 2.317954, 48.84449 ] ], [ [ 2.317954, 48.84449 ], [ 2.312681079, 48.84283594 ] ], [ [ 2.312681079, 48.84283594 ], [ 2.307504416, 48.84134253 ] ], [ [ 2.307504416, 48.84134253 ], [ 2.301491, 48.839649 ] ], [ [ 2.301491, 48.839649 ], [ 2.296795, 48.837419 ] ], [ [ 2.296795, 48.837419 ], [ 2.287841, 48.832328 ] ], [ [ 2.338586, 48.876084 ], [ 2.337381542, 48.87844922 ] ], [ [ 2.337381542, 48.87844922 ], [ 2.337573, 48.882255 ] ], [ [ 2.338693, 48.889849 ], [ 2.344781756, 48.89243737 ] ], [ [ 2.337573, 48.882255 ], [ 2.338712812, 48.88441765 ] ], [ [ 2.338712812, 48.88441765 ], [ 2.338693, 48.889849 ] ], [ [ 2.344781756, 48.89243737 ], [ 2.350319, 48.891478 ] ], [ [ 2.350319, 48.891478 ], [ 2.359968, 48.890483 ] ], [ [ 2.359968, 48.890483 ], [ 2.359190583, 48.89727437 ] ], [ [ 2.287841, 48.832328 ], [ 2.278985, 48.826833 ] ], [ [ 2.278985, 48.826833 ], [ 2.273434, 48.824152 ] ], [ [ 2.326655388, 48.85150955 ], [ 2.328787744, 48.84456761 ] ] ] } },
{ "type": "Feature", "properties": { "ligne": "Ligne 12", "couleur": "#007852", "start_date": "1939-09-03", "end_date": "1968-05-20", "projet": false }, "geometry": { "type": "MultiLineString", "coordinates": [ [ [ 2.338586, 48.876084 ], [ 2.333197296, 48.87630241 ] ], [ [ 2.333197296, 48.87630241 ], [ 2.326185659, 48.87557787 ] ], [ [ 2.326185659, 48.87557787 ], [ 2.3251637, 48.87006435 ] ], [ [ 2.3251637, 48.87006435 ], [ 2.322397, 48.866176 ] ], [ [ 2.322397, 48.866176 ], [ 2.321130037, 48.86065457 ] ], [ [ 2.321130037, 48.86065457 ], [ 2.323224843, 48.85824935 ] ], [ [ 2.323224843, 48.85824935 ], [ 2.325606644, 48.85569049 ] ], [ [ 2.325606644, 48.85569049 ], [ 2.326655388, 48.85150955 ] ], [ [ 2.328787744, 48.84456761 ], [ 2.323934, 48.843826 ] ], [ [ 2.323934, 48.843826 ], [ 2.317954, 48.84449 ] ], [ [ 2.317954, 48.84449 ], [ 2.312681079, 48.84283594 ] ], [ [ 2.312681079, 48.84283594 ], [ 2.307504416, 48.84134253 ] ], [ [ 2.307504416, 48.84134253 ], [ 2.301491, 48.839649 ] ], [ [ 2.301491, 48.839649 ], [ 2.296795, 48.837419 ] ], [ [ 2.296795, 48.837419 ], [ 2.287841, 48.832328 ] ], [ [ 2.338586, 48.876084 ], [ 2.337381542, 48.87844922 ] ], [ [ 2.337381542, 48.87844922 ], [ 2.337573, 48.882255 ] ], [ [ 2.338693, 48.889849 ], [ 2.344781756, 48.89243737 ] ], [ [ 2.337573, 48.882255 ], [ 2.338712812, 48.88441765 ] ], [ [ 2.338712812, 48.88441765 ], [ 2.338693, 48.889849 ] ], [ [ 2.344781756, 48.89243737 ], [ 2.350319, 48.891478 ] ], [ [ 2.350319, 48.891478 ], [ 2.359968, 48.890483 ] ], [ [ 2.359968, 48.890483 ], [ 2.359190583, 48.89727437 ] ], [ [ 2.287841, 48.832328 ], [ 2.278985, 48.826833 ] ], [ [ 2.278985, 48.826833 ], [ 2.273434, 48.824152 ] ], [ [ 2.326655388, 48.85150955 ], [ 2.328787744, 48.84456761 ] ] ] } },
{ "type": "Feature", "properties": { "ligne": "Ligne 12", "couleur": "#007852", "start_date": "1968-05-20", "end_date": "2012-12-18", "projet": false }, "geometry": { "type": "MultiLineString", "coordinates": [ [ [ 2.338586, 48.876084 ], [ 2.333197296, 48.87630241 ] ], [ [ 2.333197296, 48.87630241 ], [ 2.326185659, 48.87557787 ] ], [ [ 2.326185659, 48.87557787 ], [ 2.3251637, 48.87006435 ] ], [ [ 2.3251637, 48.87006435 ], [ 2.322397, 48.866176 ] ], [ [ 2.322397, 48.866176 ], [ 2.321130037, 48.86065457 ] ], [ [ 2.321130037, 48.86065457 ], [ 2.323224843, 48.85824935 ] ], [ [ 2.323224843, 48.85824935 ], [ 2.325606644, 48.85569049 ] ], [ [ 2.325606644, 48.85569049 ], [ 2.326655388, 48.85150955 ] ], [ [ 2.328787744, 48.84456761 ], [ 2.323934, 48.843826 ] ], [ [ 2.323934, 48.843826 ], [ 2.317954, 48.84449 ] ], [ [ 2.317954, 48.84449 ], [ 2.312681079, 48.84283594 ] ], [ [ 2.312681079, 48.84283594 ], [ 2.307504416, 48.84134253 ] ], [ [ 2.307504416, 48.84134253 ], [ 2.301491, 48.839649 ] ], [ [ 2.301491, 48.839649 ], [ 2.296795, 48.837419 ] ], [ [ 2.296795, 48.837419 ], [ 2.287841, 48.832328 ] ], [ [ 2.338586, 48.876084 ], [ 2.337381542, 48.87844922 ] ], [ [ 2.337381542, 48.87844922 ], [ 2.337573, 48.882255 ] ], [ [ 2.338693, 48.889849 ], [ 2.344781756, 48.89243737 ] ], [ [ 2.337573, 48.882255 ], [ 2.338712812, 48.88441765 ] ], [ [ 2.338712812, 48.88441765 ], [ 2.338693, 48.889849 ] ], [ [ 2.344781756, 48.89243737 ], [ 2.350319, 48.891478 ] ], [ [ 2.350319, 48.891478 ], [ 2.359968, 48.890483 ] ], [ [ 2.359968, 48.890483 ], [ 2.359190583, 48.89727437 ] ], [ [ 2.287841, 48.832328 ], [ 2.278985, 48.826833 ] ], [ [ 2.278985, 48.826833 ], [ 2.273434, 48.824152 ] ], [ [ 2.326655388, 48.85150955 ], [ 2.32776314, 48.84819314 ] ], [ [ 2.32776314, 48.84819314 ], [ 2.328787744, 48.84456761 ] ] ] } },
{ "type": "Feature", "properties": { "ligne": "Ligne 12", "couleur": "#007852", "start_date": "2012-12-18", "end_date": "2022-05-31", "projet": false }, "geometry": { "type": "MultiLineString", "coordinates": [ [ [ 2.338586, 48.876084 ], [ 2.333197296, 48.87630241 ] ], [ [ 2.333197296, 48.87630241 ], [ 2.326185659, 48.87557787 ] ], [ [ 2.326185659, 48.87557787 ], [ 2.3251637, 48.87006435 ] ], [ [ 2.3251637, 48.87006435 ], [ 2.322397, 48.866176 ] ], [ [ 2.322397, 48.866176 ], [ 2.321130037, 48.86065457 ] ], [ [ 2.321130037, 48.86065457 ], [ 2.323224843, 48.85824935 ] ], [ [ 2.323224843, 48.85824935 ], [ 2.325606644, 48.85569049 ] ], [ [ 2.325606644, 48.85569049 ], [ 2.326655388, 48.85150955 ] ], [ [ 2.328787744, 48.84456761 ], [ 2.323934, 48.843826 ] ], [ [ 2.323934, 48.843826 ], [ 2.317954, 48.84449 ] ], [ [ 2.317954, 48.84449 ], [ 2.312681079, 48.84283594 ] ], [ [ 2.312681079, 48.84283594 ], [ 2.307504416, 48.84134253 ] ], [ [ 2.307504416, 48.84134253 ], [ 2.301491, 48.839649 ] ], [ [ 2.301491, 48.839649 ], [ 2.296795, 48.837419 ] ], [ [ 2.296795, 48.837419 ], [ 2.287841, 48.832328 ] ], [ [ 2.338586, 48.876084 ], [ 2.337381542, 48.87844922 ] ], [ [ 2.337381542, 48.87844922 ], [ 2.337573, 48.882255 ] ], [ [ 2.338693, 48.889849 ], [ 2.344781756, 48.89243737 ] ], [ [ 2.337573, 48.882255 ], [ 2.338712812, 48.88441765 ] ], [ [ 2.338712812, 48.88441765 ], [ 2.338693, 48.889849 ] ], [ [ 2.344781756, 48.89243737 ], [ 2.350319, 48.891478 ] ], [ [ 2.350319, 48.891478 ], [ 2.359968, 48.890483 ] ], [ [ 2.359968, 48.890483 ], [ 2.359190583, 48.89727437 ] ], [ [ 2.287841, 48.832328 ], [ 2.278985, 48.826833 ] ], [ [ 2.278985, 48.826833 ], [ 2.273434, 48.824152 ] ], [ [ 2.326655388, 48.85150955 ], [ 2.32776314, 48.84819314 ] ], [ [ 2.32776314, 48.84819314 ], [ 2.328787744, 48.84456761 ] ], [ [ 2.359190583, 48.89727437 ], [ 2.365793764, 48.90689109 ] ] ] } },
{ "type": "Feature", "properties": { "ligne": "Ligne 12", "couleur": "#007852", "start_date": "2022-05-31", "end_date": "2028-12-02", "projet": false }, "geometry": { "type": "MultiLineString", "coordinates": [ [ [ 2.338586, 48.876084 ], [ 2.333197296, 48.87630241 ] ], [ [ 2.333197296, 48.87630241 ], [ 2.326185659, 48.87557787 ] ], [ [ 2.326185659, 48.87557787 ], [ 2.3251637, 48.87006435 ] ], [ [ 2.3251637, 48.87006435 ], [ 2.322397, 48.866176 ] ], [ [ 2.322397, 48.866176 ], [ 2.321130037, 48.86065457 ] ], [ [ 2.321130037, 48.86065457 ], [ 2.323224843, 48.85824935 ] ], [ [ 2.323224843, 48.85824935 ], [ 2.325606644, 48.85569049 ] ], [ [ 2.325606644, 48.85569049 ], [ 2.326655388, 48.85150955 ] ], [ [ 2.328787744, 48.84456761 ], [ 2.323934, 48.843826 ] ], [ [ 2.323934, 48.843826 ], [ 2.317954, 48.84449 ] ], [ [ 2.317954, 48.84449 ], [ 2.312681079, 48.84283594 ] ], [ [ 2.312681079, 48.84283594 ], [ 2.307504416, 48.84134253 ] ], [ [ 2.307504416, 48.84134253 ], [ 2.301491, 48.839649 ] ], [ [ 2.301491, 48.839649 ], [ 2.296795, 48.837419 ] ], [ [ 2.296795, 48.837419 ], [ 2.287841, 48.832328 ] ], [ [ 2.338586, 48.876084 ], [ 2.337381542, 48.87844922 ] ], [ [ 2.337381542, 48.87844922 ], [ 2.337573, 48.882255 ] ], [ [ 2.338693, 48.889849 ], [ 2.344781756, 48.89243737 ] ], [ [ 2.337573, 48.882255 ], [ 2.338712812, 48.88441765 ] ], [ [ 2.338712812, 48.88441765 ], [ 2.338693, 48.889849 ] ], [ [ 2.344781756, 48.89243737 ], [ 2.350319, 48.891478 ] ], [ [ 2.350319, 48.891478 ], [ 2.359968, 48.890483 ] ], [ [ 2.359968, 48.890483 ], [ 2.359190583, 48.89727437 ] ], [ [ 2.287841, 48.832328 ], [ 2.278985, 48.826833 ] ], [ [ 2.278985, 48.826833 ], [ 2.273434, 48.824152 ] ], [ [ 2.326655388, 48.85150955 ], [ 2.32776314, 48.84819314 ] ], [ [ 2.32776314, 48.84819314 ], [ 2.328787744, 48.84456761 ] ], [ [ 2.359190583, 48.89727437 ], [ 2.365793764, 48.90689109 ] ], [ [ 2.365793764, 48.90689109 ], [ 2.37801969, 48.90831679 ] ], [ [ 2.37801969, 48.90831679 ], [ 2.38065, 48.9138 ] ] ] } },
{ "type": "Feature", "properties": { "ligne": "Ligne B", "couleur": "#1891c4", "start_date": "1911-02-26", "end_date": "1912-01-20", "projet": false }, "geometry": { "type": "MultiLineString", "coordinates": [ [ [ 2.326185659, 48.87557787 ], [ 2.326983, 48.879626 ] ], [ [ 2.326983, 48.879626 ], [ 2.327625, 48.883809 ] ], [ [ 2.327625, 48.883809 ], [ 2.325875, 48.8869 ] ], [ [ 2.325875, 48.8869 ], [ 2.327174, 48.892221 ] ], [ [ 2.327174, 48.892221 ], [ 2.32870996, 48.89677359 ] ] ] } },
{ "type": "Feature", "properties": { "ligne": "Ligne B", "couleur": "#1891c4", "start_date": "1912-01-20", "end_date": "1931-03-27", "projet": false }, "geometry": { "type": "MultiLineString", "coordinates": [ [ [ 2.326185659, 48.87557787 ], [ 2.326983, 48.879626 ] ], [ [ 2.326983, 48.879626 ], [ 2.327625, 48.883809 ] ], [ [ 2.327625, 48.883809 ], [ 2.325875, 48.8869 ] ], [ [ 2.325875, 48.8869 ], [ 2.327174, 48.892221 ] ], [ [ 2.327174, 48.892221 ], [ 2.32870996, 48.89677359 ] ], [ [ 2.325875, 48.8869 ], [ 2.31970042, 48.8908555 ] ], [ [ 2.31970042, 48.8908555 ], [ 2.313652039, 48.89434542 ] ] ] } },
{ "type": "Feature", "properties": { "ligne": "Ligne 13", "couleur": "#6EC4E8", "start_date": "1931-03-27", "end_date": "1939-09-03", "projet": false }, "geometry": { "type": "MultiLineString", "coordinates": [ [ [ 2.326185659, 48.87557787 ], [ 2.326983, 48.879626 ] ], [ [ 2.326983, 48.879626 ], [ 2.327625, 48.883809 ] ], [ [ 2.327625, 48.883809 ], [ 2.325875, 48.8869 ] ], [ [ 2.325875, 48.8869 ], [ 2.327174, 48.892221 ] ], [ [ 2.327174, 48.892221 ], [ 2.32870996, 48.89677359 ] ], [ [ 2.325875, 48.8869 ], [ 2.31970042, 48.8908555 ] ], [ [ 2.31970042, 48.8908555 ], [ 2.313652039, 48.89434542 ] ] ] } },
{ "type": "Feature", "properties": { "ligne": "Ligne 13", "couleur": "#6EC4E8", "start_date": "1939-09-03", "end_date": "1952-06-30", "projet": false }, "geometry": { "type": "MultiLineString", "coordinates": [ [ [ 2.327625, 48.883809 ], [ 2.325875, 48.8869 ] ], [ [ 2.325875, 48.8869 ], [ 2.327174, 48.892221 ] ], [ [ 2.327174, 48.892221 ], [ 2.32870996, 48.89677359 ] ], [ [ 2.325875, 48.8869 ], [ 2.31970042, 48.8908555 ] ], [ [ 2.31970042, 48.8908555 ], [ 2.313652039, 48.89434542 ] ], [ [ 2.326185659, 48.87557787 ], [ 2.327625, 48.883809 ] ] ] } },
{ "type": "Feature", "properties": { "ligne": "Ligne 13", "couleur": "#6EC4E8", "start_date": "1952-06-30", "end_date": "1968-09-16", "projet": false }, "geometry": { "type": "MultiLineString", "coordinates": [ [ [ 2.327625, 48.883809 ], [ 2.325875, 48.8869 ] ], [ [ 2.325875, 48.8869 ], [ 2.327174, 48.892221 ] ], [ [ 2.327174, 48.892221 ], [ 2.32870996, 48.89677359 ] ], [ [ 2.325875, 48.8869 ], [ 2.31970042, 48.8908555 ] ], [ [ 2.31970042, 48.8908555 ], [ 2.313652039, 48.89434542 ] ], [ [ 2.326185659, 48.87557787 ], [ 2.327625, 48.883809 ] ], [ [ 2.32870996, 48.89677359 ], [ 2.331907153, 48.90639693 ] ], [ [ 2.331907153, 48.90639693 ], [ 2.333752513, 48.91161864 ] ], [ [ 2.333752513, 48.91161864 ], [ 2.343926132, 48.91994192 ] ] ] } },
{ "type": "Feature", "properties": { "ligne": "Ligne 13", "couleur": "#6EC4E8", "start_date": "1968-09-16", "end_date": "1973-04-27", "projet": false }, "geometry": { "type": "MultiLineString", "coordinates": [ [ [ 2.327625, 48.883809 ], [ 2.325875, 48.8869 ] ], [ [ 2.325875, 48.8869 ], [ 2.327174, 48.892221 ] ], [ [ 2.327174, 48.892221 ], [ 2.32870996, 48.89677359 ] ], [ [ 2.325875, 48.8869 ], [ 2.31970042, 48.8908555 ] ], [ [ 2.31970042, 48.8908555 ], [ 2.313652039, 48.89434542 ] ], [ [ 2.32870996, 48.89677359 ], [ 2.331907153, 48.90639693 ] ], [ [ 2.331907153, 48.90639693 ], [ 2.333752513, 48.91161864 ] ], [ [ 2.333752513, 48.91161864 ], [ 2.343926132, 48.91994192 ] ], [ [ 2.326185659, 48.87557787 ], [ 2.326983, 48.879626 ] ], [ [ 2.326983, 48.879626 ], [ 2.327625, 48.883809 ] ] ] } },
{ "type": "Feature", "properties": { "ligne": "Ligne 13", "couleur": "#6EC4E8", "start_date": "1973-04-27", "end_date": "1975-02-18", "projet": false }, "geometry": { "type": "MultiLineString", "coordinates": [ [ [ 2.327625, 48.883809 ], [ 2.325875, 48.8869 ] ], [ [ 2.325875, 48.8869 ], [ 2.327174, 48.892221 ] ], [ [ 2.327174, 48.892221 ], [ 2.32870996, 48.89677359 ] ], [ [ 2.325875, 48.8869 ], [ 2.31970042, 48.8908555 ] ], [ [ 2.31970042, 48.8908555 ], [ 2.313652039, 48.89434542 ] ], [ [ 2.32870996, 48.89677359 ], [ 2.331907153, 48.90639693 ] ], [ [ 2.331907153, 48.90639693 ], [ 2.333752513, 48.91161864 ] ], [ [ 2.333752513, 48.91161864 ], [ 2.343926132, 48.91994192 ] ], [ [ 2.326185659, 48.87557787 ], [ 2.326983, 48.879626 ] ], [ [ 2.326983, 48.879626 ], [ 2.327625, 48.883809 ] ], [ [ 2.314464748, 48.87366684 ], [ 2.326185659, 48.87557787 ] ] ] } },
{ "type": "Feature", "properties": { "ligne": "Ligne 13", "couleur": "#6EC4E8", "start_date": "1975-02-18", "end_date": "1976-06-20", "projet": false }, "geometry": { "type": "MultiLineString", "coordinates": [ [ [ 2.327625, 48.883809 ], [ 2.325875, 48.8869 ] ], [ [ 2.325875, 48.8869 ], [ 2.327174, 48.892221 ] ], [ [ 2.327174, 48.892221 ], [ 2.32870996, 48.89677359 ] ], [ [ 2.325875, 48.8869 ], [ 2.31970042, 48.8908555 ] ], [ [ 2.31970042, 48.8908555 ], [ 2.313652039, 48.89434542 ] ], [ [ 2.32870996, 48.89677359 ], [ 2.331907153, 48.90639693 ] ], [ [ 2.331907153, 48.90639693 ], [ 2.333752513, 48.91161864 ] ], [ [ 2.333752513, 48.91161864 ], [ 2.343926132, 48.91994192 ] ], [ [ 2.326185659, 48.87557787 ], [ 2.326983, 48.879626 ] ], [ [ 2.326983, 48.879626 ], [ 2.327625, 48.883809 ] ], [ [ 2.314464748, 48.87366684 ], [ 2.326185659, 48.87557787 ] ], [ [ 2.314464748, 48.87366684 ], [ 2.31395945, 48.86741142 ] ] ] } },
{ "type": "Feature", "properties": { "ligne": "Ligne 13", "couleur": "#6EC4E8", "start_date": "1976-06-20", "end_date": "1976-11-09", "projet": false }, "geometry": { "type": "MultiLineString", "coordinates": [ [ [ 2.327625, 48.883809 ], [ 2.325875, 48.8869 ] ], [ [ 2.325875, 48.8869 ], [ 2.327174, 48.892221 ] ], [ [ 2.327174, 48.892221 ], [ 2.32870996, 48.89677359 ] ], [ [ 2.325875, 48.8869 ], [ 2.31970042, 48.8908555 ] ], [ [ 2.31970042, 48.8908555 ], [ 2.313652039, 48.89434542 ] ], [ [ 2.32870996, 48.89677359 ], [ 2.331907153, 48.90639693 ] ], [ [ 2.331907153, 48.90639693 ], [ 2.333752513, 48.91161864 ] ], [ [ 2.333752513, 48.91161864 ], [ 2.343926132, 48.91994192 ] ], [ [ 2.326185659, 48.87557787 ], [ 2.326983, 48.879626 ] ], [ [ 2.326983, 48.879626 ], [ 2.327625, 48.883809 ] ], [ [ 2.314464748, 48.87366684 ], [ 2.326185659, 48.87557787 ] ], [ [ 2.314464748, 48.87366684 ], [ 2.31395945, 48.86741142 ] ], [ [ 2.343926132, 48.91994192 ], [ 2.357769012, 48.93021104 ] ], [ [ 2.357769012, 48.93021104 ], [ 2.360845506, 48.93809957 ] ] ] } },
{ "type": "Feature", "properties": { "ligne": "Ligne 13", "couleur": "#6EC4E8", "start_date": "1976-11-09", "end_date": "1980-05-03", "projet": false }, "geometry": { "type": "MultiLineString", "coordinates": [ [ [ 2.327625, 48.883809 ], [ 2.325875, 48.8869 ] ], [ [ 2.325875, 48.8869 ], [ 2.327174, 48.892221 ] ], [ [ 2.327174, 48.892221 ], [ 2.32870996, 48.89677359 ] ], [ [ 2.325875, 48.8869 ], [ 2.31970042, 48.8908555 ] ], [ [ 2.31970042, 48.8908555 ], [ 2.313652039, 48.89434542 ] ], [ [ 2.32870996, 48.89677359 ], [ 2.331907153, 48.90639693 ] ], [ [ 2.331907153, 48.90639693 ], [ 2.333752513, 48.91161864 ] ], [ [ 2.333752513, 48.91161864 ], [ 2.343926132, 48.91994192 ] ], [ [ 2.326185659, 48.87557787 ], [ 2.326983, 48.879626 ] ], [ [ 2.326983, 48.879626 ], [ 2.327625, 48.883809 ] ], [ [ 2.314464748, 48.87366684 ], [ 2.326185659, 48.87557787 ] ], [ [ 2.314464748, 48.87366684 ], [ 2.31395945, 48.86741142 ] ], [ [ 2.343926132, 48.91994192 ], [ 2.357769012, 48.93021104 ] ], [ [ 2.357769012, 48.93021104 ], [ 2.360845506, 48.93809957 ] ], [ [ 2.31395945, 48.86741142 ], [ 2.314457, 48.860907 ] ], [ [ 2.313740551, 48.83155306 ], [ 2.318512201, 48.83421027 ] ], [ [ 2.318512201, 48.83421027 ], [ 2.322637439, 48.83865393 ] ], [ [ 2.322637439, 48.83865393 ], [ 2.321668, 48.84202 ] ], [ [ 2.321668, 48.84202 ], [ 2.316479087, 48.84682874 ] ], [ [ 2.314457, 48.860907 ], [ 2.314920723, 48.85623757 ] ], [ [ 2.314920723, 48.85623757 ], [ 2.314475477, 48.85195078 ] ], [ [ 2.314475477, 48.85195078 ], [ 2.316479087, 48.84682874 ] ], [ [ 2.313740551, 48.83155306 ], [ 2.305884361, 48.82794045 ] ], [ [ 2.305884361, 48.82794045 ], [ 2.298511, 48.822623 ] ], [ [ 2.298511, 48.822623 ], [ 2.297301292, 48.81470258 ] ], [ [ 2.297301292, 48.81470258 ], [ 2.301826179, 48.81053942 ] ] ] } },
{ "type": "Feature", "properties": { "ligne": "Ligne 13", "couleur": "#6EC4E8", "start_date": "1980-05-03", "end_date": "1998-05-25", "projet": false }, "geometry": { "type": "MultiLineString", "coordinates": [ [ [ 2.327625, 48.883809 ], [ 2.325875, 48.8869 ] ], [ [ 2.325875, 48.8869 ], [ 2.327174, 48.892221 ] ], [ [ 2.327174, 48.892221 ], [ 2.32870996, 48.89677359 ] ], [ [ 2.325875, 48.8869 ], [ 2.31970042, 48.8908555 ] ], [ [ 2.31970042, 48.8908555 ], [ 2.313652039, 48.89434542 ] ], [ [ 2.32870996, 48.89677359 ], [ 2.331907153, 48.90639693 ] ], [ [ 2.331907153, 48.90639693 ], [ 2.333752513, 48.91161864 ] ], [ [ 2.333752513, 48.91161864 ], [ 2.343926132, 48.91994192 ] ], [ [ 2.326185659, 48.87557787 ], [ 2.326983, 48.879626 ] ], [ [ 2.326983, 48.879626 ], [ 2.327625, 48.883809 ] ], [ [ 2.314464748, 48.87366684 ], [ 2.326185659, 48.87557787 ] ], [ [ 2.314464748, 48.87366684 ], [ 2.31395945, 48.86741142 ] ], [ [ 2.343926132, 48.91994192 ], [ 2.357769012, 48.93021104 ] ], [ [ 2.357769012, 48.93021104 ], [ 2.360845506, 48.93809957 ] ], [ [ 2.31395945, 48.86741142 ], [ 2.314457, 48.860907 ] ], [ [ 2.313740551, 48.83155306 ], [ 2.318512201, 48.83421027 ] ], [ [ 2.318512201, 48.83421027 ], [ 2.322637439, 48.83865393 ] ], [ [ 2.322637439, 48.83865393 ], [ 2.321668, 48.84202 ] ], [ [ 2.321668, 48.84202 ], [ 2.316479087, 48.84682874 ] ], [ [ 2.314457, 48.860907 ], [ 2.314920723, 48.85623757 ] ], [ [ 2.314920723, 48.85623757 ], [ 2.314475477, 48.85195078 ] ], [ [ 2.314475477, 48.85195078 ], [ 2.316479087, 48.84682874 ] ], [ [ 2.313740551, 48.83155306 ], [ 2.305884361, 48.82794045 ] ], [ [ 2.305884361, 48.82794045 ], [ 2.298511, 48.822623 ] ], [ [ 2.298511, 48.822623 ], [ 2.297301292, 48.81470258 ] ], [ [ 2.297301292, 48.81470258 ], [ 2.301826179, 48.81053942 ] ], [ [ 2.313652039, 48.89434542 ], [ 2.305342555, 48.90395865 ] ], [ [ 2.305342555, 48.90395865 ], [ 2.294388413, 48.91657541 ] ] ] } },
{ "type": "Feature", "properties": { "ligne": "Ligne 13", "couleur": "#6EC4E8", "start_date": "1998-05-25", "end_date": "2008-06-14", "projet": false }, "geometry": { "type": "MultiLineString", "coordinates": [ [ [ 2.327625, 48.883809 ], [ 2.325875, 48.8869 ] ], [ [ 2.325875, 48.8869 ], [ 2.327174, 48.892221 ] ], [ [ 2.327174, 48.892221 ], [ 2.32870996, 48.89677359 ] ], [ [ 2.325875, 48.8869 ], [ 2.31970042, 48.8908555 ] ], [ [ 2.31970042, 48.8908555 ], [ 2.313652039, 48.89434542 ] ], [ [ 2.32870996, 48.89677359 ], [ 2.331907153, 48.90639693 ] ], [ [ 2.331907153, 48.90639693 ], [ 2.333752513, 48.91161864 ] ], [ [ 2.333752513, 48.91161864 ], [ 2.343926132, 48.91994192 ] ], [ [ 2.326185659, 48.87557787 ], [ 2.326983, 48.879626 ] ], [ [ 2.326983, 48.879626 ], [ 2.327625, 48.883809 ] ], [ [ 2.314464748, 48.87366684 ], [ 2.326185659, 48.87557787 ] ], [ [ 2.314464748, 48.87366684 ], [ 2.31395945, 48.86741142 ] ], [ [ 2.343926132, 48.91994192 ], [ 2.357769012, 48.93021104 ] ], [ [ 2.357769012, 48.93021104 ], [ 2.360845506, 48.93809957 ] ], [ [ 2.31395945, 48.86741142 ], [ 2.314457, 48.860907 ] ], [ [ 2.313740551, 48.83155306 ], [ 2.318512201, 48.83421027 ] ], [ [ 2.318512201, 48.83421027 ], [ 2.322637439, 48.83865393 ] ], [ [ 2.322637439, 48.83865393 ], [ 2.321668, 48.84202 ] ], [ [ 2.321668, 48.84202 ], [ 2.316479087, 48.84682874 ] ], [ [ 2.314457, 48.860907 ], [ 2.314920723, 48.85623757 ] ], [ [ 2.314920723, 48.85623757 ], [ 2.314475477, 48.85195078 ] ], [ [ 2.314475477, 48.85195078 ], [ 2.316479087, 48.84682874 ] ], [ [ 2.313740551, 48.83155306 ], [ 2.305884361, 48.82794045 ] ], [ [ 2.305884361, 48.82794045 ], [ 2.298511, 48.822623 ] ], [ [ 2.298511, 48.822623 ], [ 2.297301292, 48.81470258 ] ], [ [ 2.297301292, 48.81470258 ], [ 2.301826179, 48.81053942 ] ], [ [ 2.313652039, 48.89434542 ], [ 2.305342555, 48.90395865 ] ], [ [ 2.305342555, 48.90395865 ], [ 2.294388413, 48.91657541 ] ], [ [ 2.363674, 48.945799 ], [ 2.360845506, 48.93809957 ] ] ] } },
{ "type": "Feature", "properties": { "ligne": "Ligne 13", "couleur": "#6EC4E8", "start_date": "2008-06-14", "end_date": "2028-12-02", "projet": false }, "geometry": { "type": "MultiLineString", "coordinates": [ [ [ 2.327625, 48.883809 ], [ 2.325875, 48.8869 ] ], [ [ 2.325875, 48.8869 ], [ 2.327174, 48.892221 ] ], [ [ 2.327174, 48.892221 ], [ 2.32870996, 48.89677359 ] ], [ [ 2.325875, 48.8869 ], [ 2.31970042, 48.8908555 ] ], [ [ 2.31970042, 48.8908555 ], [ 2.313652039, 48.89434542 ] ], [ [ 2.32870996, 48.89677359 ], [ 2.331907153, 48.90639693 ] ], [ [ 2.331907153, 48.90639693 ], [ 2.333752513, 48.91161864 ] ], [ [ 2.333752513, 48.91161864 ], [ 2.343926132, 48.91994192 ] ], [ [ 2.326185659, 48.87557787 ], [ 2.326983, 48.879626 ] ], [ [ 2.326983, 48.879626 ], [ 2.327625, 48.883809 ] ], [ [ 2.314464748, 48.87366684 ], [ 2.326185659, 48.87557787 ] ], [ [ 2.314464748, 48.87366684 ], [ 2.31395945, 48.86741142 ] ], [ [ 2.343926132, 48.91994192 ], [ 2.357769012, 48.93021104 ] ], [ [ 2.357769012, 48.93021104 ], [ 2.360845506, 48.93809957 ] ], [ [ 2.31395945, 48.86741142 ], [ 2.314457, 48.860907 ] ], [ [ 2.313740551, 48.83155306 ], [ 2.318512201, 48.83421027 ] ], [ [ 2.318512201, 48.83421027 ], [ 2.322637439, 48.83865393 ] ], [ [ 2.322637439, 48.83865393 ], [ 2.321668, 48.84202 ] ], [ [ 2.321668, 48.84202 ], [ 2.316479087, 48.84682874 ] ], [ [ 2.314457, 48.860907 ], [ 2.314920723, 48.85623757 ] ], [ [ 2.314920723, 48.85623757 ], [ 2.314475477, 48.85195078 ] ], [ [ 2.314475477, 48.85195078 ], [ 2.316479087, 48.84682874 ] ], [ [ 2.313740551, 48.83155306 ], [ 2.305884361, 48.82794045 ] ], [ [ 2.305884361, 48.82794045 ], [ 2.298511, 48.822623 ] ], [ [ 2.298511, 48.822623 ], [ 2.297301292, 48.81470258 ] ], [ [ 2.297301292, 48.81470258 ], [ 2.301826179, 48.81053942 ] ], [ [ 2.313652039, 48.89434542 ], [ 2.305342555, 48.90395865 ] ], [ [ 2.305342555, 48.90395865 ], [ 2.294388413, 48.91657541 ] ], [ [ 2.363674, 48.945799 ], [ 2.360845506, 48.93809957 ] ], [ [ 2.294388413, 48.91657541 ], [ 2.285891175, 48.92303856 ] ], [ [ 2.285891175, 48.92303856 ], [ 2.283788323, 48.93060576 ] ] ] } },
{ "type": "Feature", "properties": { "ligne": "Ligne 14", "couleur": "#62259D", "start_date": "1998-10-15", "end_date": "2003-12-16", "projet": false }, "geometry": { "type": "MultiLineString", "coordinates": [ [ [ 2.3251637, 48.87006435 ], [ 2.333665066, 48.8669463 ] ], [ [ 2.333665066, 48.8669463 ], [ 2.347119401, 48.85851952 ] ], [ [ 2.347119401, 48.85851952 ], [ 2.374065908, 48.84470455 ] ], [ [ 2.374065908, 48.84470455 ], [ 2.379582969, 48.84042809 ] ], [ [ 2.379582969, 48.84042809 ], [ 2.386632402, 48.83333856 ] ], [ [ 2.386632402, 48.83333856 ], [ 2.376092612, 48.82960597 ] ] ] } },
{ "type": "Feature", "properties": { "ligne": "Ligne 14", "couleur": "#62259D", "start_date": "2003-12-16", "end_date": "2007-06-26", "projet": false }, "geometry": { "type": "MultiLineString", "coordinates": [ [ [ 2.3251637, 48.87006435 ], [ 2.333665066, 48.8669463 ] ], [ [ 2.333665066, 48.8669463 ], [ 2.347119401, 48.85851952 ] ], [ [ 2.347119401, 48.85851952 ], [ 2.374065908, 48.84470455 ] ], [ [ 2.374065908, 48.84470455 ], [ 2.379582969, 48.84042809 ] ], [ [ 2.379582969, 48.84042809 ], [ 2.386632402, 48.83333856 ] ], [ [ 2.386632402, 48.83333856 ], [ 2.376092612, 48.82960597 ] ], [ [ 2.3251637, 48.87006435 ], [ 2.326185659, 48.87557787 ] ] ] } },
{ "type": "Feature", "properties": { "ligne": "Ligne 14", "couleur": "#62259D", "start_date": "2007-06-26", "end_date": "2020-12-14", "projet": false }, "geometry": { "type": "MultiLineString", "coordinates": [ [ [ 2.3251637, 48.87006435 ], [ 2.333665066, 48.8669463 ] ], [ [ 2.333665066, 48.8669463 ], [ 2.347119401, 48.85851952 ] ], [ [ 2.347119401, 48.85851952 ], [ 2.374065908, 48.84470455 ] ], [ [ 2.374065908, 48.84470455 ], [ 2.379582969, 48.84042809 ] ], [ [ 2.379582969, 48.84042809 ], [ 2.386632402, 48.83333856 ] ], [ [ 2.386632402, 48.83333856 ], [ 2.376092612, 48.82960597 ] ], [ [ 2.3251637, 48.87006435 ], [ 2.326185659, 48.87557787 ] ], [ [ 2.376092612, 48.82960597 ], [ 2.366403, 48.82702 ] ] ] } },
{ "type": "Feature", "properties": { "ligne": "Ligne 14", "couleur": "#62259D", "start_date": "2020-12-14", "end_date": "2021-01-28", "projet": false }, "geometry": { "type": "MultiLineString", "coordinates": [ [ [ 2.3251637, 48.87006435 ], [ 2.333665066, 48.8669463 ] ], [ [ 2.333665066, 48.8669463 ], [ 2.347119401, 48.85851952 ] ], [ [ 2.347119401, 48.85851952 ], [ 2.374065908, 48.84470455 ] ], [ [ 2.374065908, 48.84470455 ], [ 2.379582969, 48.84042809 ] ], [ [ 2.379582969, 48.84042809 ], [ 2.386632402, 48.83333856 ] ], [ [ 2.386632402, 48.83333856 ], [ 2.376092612, 48.82960597 ] ], [ [ 2.3251637, 48.87006435 ], [ 2.326185659, 48.87557787 ] ], [ [ 2.376092612, 48.82960597 ], [ 2.366403, 48.82702 ] ], [ [ 2.326185659, 48.87557787 ], [ 2.31530278, 48.8895194 ] ], [ [ 2.31530278, 48.8895194 ], [ 2.32180556, 48.9044972 ] ], [ [ 2.32180556, 48.9044972 ], [ 2.333752513, 48.91161864 ] ] ] } },
{ "type": "Feature", "properties": { "ligne": "Ligne 14", "couleur": "#62259D", "start_date": "2021-01-28", "end_date": "2024-06-24", "projet": false }, "geometry": { "type": "MultiLineString", "coordinates": [ [ [ 2.3251637, 48.87006435 ], [ 2.333665066, 48.8669463 ] ], [ [ 2.333665066, 48.8669463 ], [ 2.347119401, 48.85851952 ] ], [ [ 2.347119401, 48.85851952 ], [ 2.374065908, 48.84470455 ] ], [ [ 2.374065908, 48.84470455 ], [ 2.379582969, 48.84042809 ] ], [ [ 2.379582969, 48.84042809 ], [ 2.386632402, 48.83333856 ] ], [ [ 2.386632402, 48.83333856 ], [ 2.376092612, 48.82960597 ] ], [ [ 2.3251637, 48.87006435 ], [ 2.326185659, 48.87557787 ] ], [ [ 2.376092612, 48.82960597 ], [ 2.366403, 48.82702 ] ], [ [ 2.326185659, 48.87557787 ], [ 2.31530278, 48.8895194 ] ], [ [ 2.32180556, 48.9044972 ], [ 2.333752513, 48.91161864 ] ], [ [ 2.31530278, 48.8895194 ], [ 2.313652039, 48.89434542 ] ], [ [ 2.313652039, 48.89434542 ], [ 2.32180556, 48.9044972 ] ] ] } },
{ "type": "Feature", "properties": { "ligne": "Ligne 14", "couleur": "#62259D", "start_date": "2024-06-24", "end_date": "2025-01-18", "projet": false }, "geometry": { "type": "MultiLineString", "coordinates": [ [ [ 2.3251637, 48.87006435 ], [ 2.333665066, 48.8669463 ] ], [ [ 2.333665066, 48.8669463 ], [ 2.347119401, 48.85851952 ] ], [ [ 2.347119401, 48.85851952 ], [ 2.374065908, 48.84470455 ] ], [ [ 2.374065908, 48.84470455 ], [ 2.379582969, 48.84042809 ] ], [ [ 2.379582969, 48.84042809 ], [ 2.386632402, 48.83333856 ] ], [ [ 2.386632402, 48.83333856 ], [ 2.376092612, 48.82960597 ] ], [ [ 2.3251637, 48.87006435 ], [ 2.326185659, 48.87557787 ] ], [ [ 2.376092612, 48.82960597 ], [ 2.366403, 48.82702 ] ], [ [ 2.326185659, 48.87557787 ], [ 2.31530278, 48.8895194 ] ], [ [ 2.32180556, 48.9044972 ], [ 2.333752513, 48.91161864 ] ], [ [ 2.31530278, 48.8895194 ], [ 2.313652039, 48.89434542 ] ], [ [ 2.313652039, 48.89434542 ], [ 2.32180556, 48.9044972 ] ], [ [ 2.333752513, 48.91161864 ], [ 2.34667, 48.9176 ] ], [ [ 2.366403, 48.82702 ], [ 2.358531, 48.822155 ] ], [ [ 2.358531, 48.822155 ], [ 2.34978333, 48.8098167 ] ], [ [ 2.34978333, 48.8098167 ], [ 2.35408333, 48.7752778 ] ], [ [ 2.35408333, 48.7752778 ], [ 2.366663, 48.75836 ] ], [ [ 2.366663, 48.75836 ], [ 2.372931, 48.747367 ] ], [ [ 2.372931, 48.747367 ], [ 2.36237026, 48.72875283 ] ] ] } },
{ "type": "Feature", "properties": { "ligne": "Ligne 14", "couleur": "#62259D", "start_date": "2025-01-18", "end_date": "2028-12-02", "projet": false }, "geometry": { "type": "MultiLineString", "coordinates": [ [ [ 2.3251637, 48.87006435 ], [ 2.333665066, 48.8669463 ] ], [ [ 2.333665066, 48.8669463 ], [ 2.347119401, 48.85851952 ] ], [ [ 2.347119401, 48.85851952 ], [ 2.374065908, 48.84470455 ] ], [ [ 2.374065908, 48.84470455 ], [ 2.379582969, 48.84042809 ] ], [ [ 2.379582969, 48.84042809 ], [ 2.386632402, 48.83333856 ] ], [ [ 2.386632402, 48.83333856 ], [ 2.376092612, 48.82960597 ] ], [ [ 2.3251637, 48.87006435 ], [ 2.326185659, 48.87557787 ] ], [ [ 2.376092612, 48.82960597 ], [ 2.366403, 48.82702 ] ], [ [ 2.326185659, 48.87557787 ], [ 2.31530278, 48.8895194 ] ], [ [ 2.32180556, 48.9044972 ], [ 2.333752513, 48.91161864 ] ], [ [ 2.31530278, 48.8895194 ], [ 2.313652039, 48.89434542 ] ], [ [ 2.313652039, 48.89434542 ], [ 2.32180556, 48.9044972 ] ], [ [ 2.333752513, 48.91161864 ], [ 2.34667, 48.9176 ] ], [ [ 2.366403, 48.82702 ], [ 2.358531, 48.822155 ] ], [ [ 2.358531, 48.822155 ], [ 2.34978333, 48.8098167 ] ], [ [ 2.35408333, 48.7752778 ], [ 2.366663, 48.75836 ] ], [ [ 2.366663, 48.75836 ], [ 2.372931, 48.747367 ] ], [ [ 2.372931, 48.747367 ], [ 2.36237026, 48.72875283 ] ], [ [ 2.34978333, 48.8098167 ], [ 2.34926, 48.79329 ] ], [ [ 2.34926, 48.79329 ], [ 2.35408333, 48.7752778 ] ] ] } },
{ "type": "Feature", "properties": { "ligne": "Ligne 3 bis", "couleur": "#6EC4E8", "start_date": "1971-03-27", "end_date": "2028-12-02", "projet": false }, "geometry": { "type": "MultiLineString", "coordinates": [ [ [ 2.398451, 48.864947 ], [ 2.401751876, 48.86867053 ] ], [ [ 2.401751876, 48.86867053 ], [ 2.404519916, 48.87208261 ] ], [ [ 2.404519916, 48.87208261 ], [ 2.406655, 48.877183 ] ] ] } },
{ "type": "Feature", "properties": { "ligne": "Ligne 7 bis", "couleur": "#6ECA97", "start_date": "1967-12-03", "end_date": "2028-12-02", "projet": false }, "geometry": { "type": "MultiLineString", "coordinates": [ [ [ 2.364839315, 48.88113745 ], [ 2.370198369, 48.88179008 ] ], [ [ 2.370198369, 48.88179008 ], [ 2.374921739, 48.88050244 ] ], [ [ 2.394201458, 48.88180772 ], [ 2.388040423, 48.87955169 ] ], [ [ 2.398914099, 48.8802502 ], [ 2.394201458, 48.88180772 ] ], [ [ 2.381772101, 48.87850037 ], [ 2.374921739, 48.88050244 ] ], [ [ 2.381772101, 48.87850037 ], [ 2.388040423, 48.87955169 ] ], [ [ 2.392959595, 48.87684044 ], [ 2.398914099, 48.8802502 ] ], [ [ 2.388040423, 48.87955169 ], [ 2.392959595, 48.87684044 ] ] ] } },
{ "type": "Feature", "properties": { "ligne": "Ligne 14 (ancienne)", "couleur": "#135e12", "start_date": "1937-01-21", "end_date": "1937-07-27", "projet": false }, "geometry": { "type": "MultiLineString", "coordinates": [ [ [ 2.305884361, 48.82794045 ], [ 2.313740551, 48.83155306 ] ], [ [ 2.313740551, 48.83155306 ], [ 2.318512201, 48.83421027 ] ], [ [ 2.318512201, 48.83421027 ], [ 2.322637439, 48.83865393 ] ], [ [ 2.322637439, 48.83865393 ], [ 2.321668, 48.84202 ] ] ] } },
{ "type": "Feature", "properties": { "ligne": "Ligne 14 (ancienne)", "couleur": "#135e12", "start_date": "1937-07-27", "end_date": "1939-09-03", "projet": false }, "geometry": { "type": "MultiLineString", "coordinates": [ [ [ 2.305884361, 48.82794045 ], [ 2.313740551, 48.83155306 ] ], [ [ 2.313740551, 48.83155306 ], [ 2.318512201, 48.83421027 ] ], [ [ 2.318512201, 48.83421027 ], [ 2.322637439, 48.83865393 ] ], [ [ 2.322637439, 48.83865393 ], [ 2.321668, 48.84202 ] ], [ [ 2.321668, 48.84202 ], [ 2.316479087, 48.84682874 ] ], [ [ 2.314457, 48.860907 ], [ 2.314920723, 48.85623757 ] ], [ [ 2.314920723, 48.85623757 ], [ 2.314475477, 48.85195078 ] ], [ [ 2.314475477, 48.85195078 ], [ 2.316479087, 48.84682874 ] ] ] } },
{ "type": "Feature", "properties": { "ligne": "Ligne 14 (ancienne)", "couleur": "#135e12", "start_date": "1939-09-03", "end_date": "1962-12-24", "projet": false }, "geometry": { "type": "MultiLineString", "coordinates": [ [ [ 2.305884361, 48.82794045 ], [ 2.313740551, 48.83155306 ] ], [ [ 2.313740551, 48.83155306 ], [ 2.318512201, 48.83421027 ] ], [ [ 2.318512201, 48.83421027 ], [ 2.322637439, 48.83865393 ] ], [ [ 2.322637439, 48.83865393 ], [ 2.321668, 48.84202 ] ], [ [ 2.321668, 48.84202 ], [ 2.316479087, 48.84682874 ] ], [ [ 2.314475477, 48.85195078 ], [ 2.316479087, 48.84682874 ] ], [ [ 2.314457, 48.860907 ], [ 2.314475477, 48.85195078 ] ] ] } },
{ "type": "Feature", "properties": { "ligne": "Ligne 14 (ancienne)", "couleur": "#135e12", "start_date": "1962-12-24", "end_date": "1976-11-09", "projet": false }, "geometry": { "type": "MultiLineString", "coordinates": [ [ [ 2.305884361, 48.82794045 ], [ 2.313740551, 48.83155306 ] ], [ [ 2.313740551, 48.83155306 ], [ 2.318512201, 48.83421027 ] ], [ [ 2.318512201, 48.83421027 ], [ 2.322637439, 48.83865393 ] ], [ [ 2.322637439, 48.83865393 ], [ 2.321668, 48.84202 ] ], [ [ 2.321668, 48.84202 ], [ 2.316479087, 48.84682874 ] ], [ [ 2.314475477, 48.85195078 ], [ 2.316479087, 48.84682874 ] ], [ [ 2.314457, 48.860907 ], [ 2.314920723, 48.85623757 ] ], [ [ 2.314920723, 48.85623757 ], [ 2.314475477, 48.85195078 ] ] ] } },
{ "type": "Feature", "properties": { "ligne": "Couloirs", "couleur": "#777779", "start_date": "1931-08-25", "end_date": "1934-04-15", "projet": false }, "geometry": { "type": "LineString", "coordinates": [ [ 2.350319, 48.891478 ], [ 2.349582, 48.891195 ] ] } },
{ "type": "Feature", "properties": { "ligne": "Couloirs", "couleur": "#777779", "start_date": "1934-04-15", "end_date": "1937-01-31", "projet": false }, "geometry": { "type": "MultiLineString", "coordinates": [ [ [ 2.347119401, 48.85851952 ], [ 2.348899, 48.856725 ] ], [ [ 2.350319, 48.891478 ], [ 2.349582, 48.891195 ] ] ] } },
{ "type": "Feature", "properties": { "ligne": "Couloirs", "couleur": "#777779", "start_date": "1937-01-31", "end_date": "1942-10-06", "projet": false }, "geometry": { "type": "MultiLineString", "coordinates": [ [ [ 2.347119401, 48.85851952 ], [ 2.348899, 48.856725 ] ], [ [ 2.323934, 48.843826 ], [ 2.321668, 48.84202 ] ], [ [ 2.350319, 48.891478 ], [ 2.349582, 48.891195 ] ] ] } },
{ "type": "Feature", "properties": { "ligne": "Couloirs", "couleur": "#777779", "start_date": "1942-10-06", "end_date": "1977-12-09", "projet": false }, "geometry": { "type": "MultiLineString", "coordinates": [ [ [ 2.30772, 48.869712 ], [ 2.309191, 48.868507 ] ], [ [ 2.347119401, 48.85851952 ], [ 2.348899, 48.856725 ] ], [ [ 2.323934, 48.843826 ], [ 2.321668, 48.84202 ] ], [ [ 2.350319, 48.891478 ], [ 2.349582, 48.891195 ] ] ] } },
{ "type": "Feature", "properties": { "ligne": "Couloirs", "couleur": "#777779", "start_date": "1977-12-09", "end_date": "2003-12-16", "projet": false }, "geometry": { "type": "MultiLineString", "coordinates": [ [ [ 2.30772, 48.869712 ], [ 2.309191, 48.868507 ] ], [ [ 2.347119401, 48.85851952 ], [ 2.348899, 48.856725 ] ], [ [ 2.347119401, 48.85851952 ], [ 2.345972, 48.862396 ] ], [ [ 2.323934, 48.843826 ], [ 2.321668, 48.84202 ] ], [ [ 2.350319, 48.891478 ], [ 2.349582, 48.891195 ] ] ] } },
{ "type": "Feature", "properties": { "ligne": "Couloirs", "couleur": "#777779", "start_date": "2003-12-16", "end_date": "2028-12-02", "projet": false }, "geometry": { "type": "MultiLineString", "coordinates": [ [ [ 2.30772, 48.869712 ], [ 2.309191, 48.868507 ] ], [ [ 2.347119401, 48.85851952 ], [ 2.348899, 48.856725 ] ], [ [ 2.347119401, 48.85851952 ], [ 2.345972, 48.862396 ] ], [ [ 2.323934, 48.843826 ], [ 2.321668, 48.84202 ] ], [ [ 2.350319, 48.891478 ], [ 2.349582, 48.891195 ] ], [ [ 2.322133183, 48.8744413 ], [ 2.326185659, 48.87557787 ] ] ] } },
{ "type": "Feature", "properties": { "ligne": "Voie des Fêtes et voie navette", "couleur": "#049fb0", "start_date": "1921-11-27", "end_date": "1939-09-03", "projet": false }, "geometry": { "type": "MultiLineString", "coordinates": [ [ [ 2.392959595, 48.87684044 ], [ 2.406655, 48.877183 ] ], [ [ 2.406655, 48.877183 ], [ 2.398914099, 48.8802502 ] ] ] } },
{ "type": "Feature", "properties": { "ligne": "Ligne 18", "couleur": "#00A88F", "start_date": "2026-12-01", "end_date": "2028-12-02", "projet": true }, "geometry": { "type": "MultiLineString", "coordinates": [ [ [ 2.25868056, 48.725125 ], [ 2.20103889, 48.7154167 ] ], [ [ 2.20103889, 48.7154167 ], [ 2.17385278, 48.7118139 ] ], [ [ 2.17385278, 48.7118139 ], [ 2.16220833, 48.7299806 ] ] ] } },
{ "type": "Feature", "properties": { "ligne": "Ligne 15", "couleur": "#B90845", "start_date": "2027-09-01", "end_date": "2028-12-02", "projet": true }, "geometry": { "type": "MultiLineString", "coordinates": [ [ [ 2.231034636, 48.82974679 ], [ 2.259944, 48.821069 ] ], [ [ 2.259944, 48.821069 ], [ 2.2734, 48.814125 ] ], [ [ 2.2734, 48.814125 ], [ 2.301826179, 48.81053942 ] ], [ [ 2.301826179, 48.81053942 ], [ 2.31735617, 48.80266078 ] ], [ [ 2.31735617, 48.80266078 ], [ 2.32823, 48.79748 ] ], [ [ 2.32823, 48.79748 ], [ 2.34926, 48.79329 ] ], [ [ 2.34926, 48.79329 ], [ 2.36756444, 48.78717548 ] ], [ [ 2.36756444, 48.78717548 ], [ 2.38721944, 48.7899222 ] ], [ [ 2.38721944, 48.7899222 ], [ 2.40850556, 48.7824306 ] ], [ [ 2.40850556, 48.7824306 ], [ 2.43250833, 48.7894306 ] ], [ [ 2.43250833, 48.7894306 ], [ 2.449355721, 48.79596297 ] ], [ [ 2.449355721, 48.79596297 ], [ 2.47277222, 48.8068972 ] ], [ [ 2.47277222, 48.8068972 ], [ 2.50216111, 48.8161139 ] ], [ [ 2.50216111, 48.8161139 ], [ 2.52621, 48.82397 ] ], [ [ 2.52621, 48.82397 ], [ 2.58, 48.8429 ] ] ] } },
{ "type": "Feature", "properties": { "ligne": "Ligne 16", "couleur": "#F3A4BA", "start_date": "2027-12-01", "end_date": "2028-12-01", "projet": true }, "geometry": { "type": "MultiLineString", "coordinates": [ [ [ 2.34667, 48.9176 ], [ 2.38413333, 48.9290972 ] ], [ [ 2.38413333, 48.9290972 ], [ 2.42209444, 48.9304944 ] ], [ [ 2.42209444, 48.9304944 ], [ 2.46321389, 48.9461389 ] ], [ [ 2.46321389, 48.9461389 ], [ 2.48821944, 48.9518167 ] ], [ [ 2.48821944, 48.9518167 ], [ 2.52534444, 48.9470361 ] ], [ [ 2.52534444, 48.9470361 ], [ 2.53474722, 48.93583611 ] ], [ [ 2.53474722, 48.93583611 ], [ 2.55656667, 48.904425 ] ] ] } },
{ "type": "Feature", "properties": { "ligne": "Ligne 16", "couleur": "#F3A4BA", "start_date": "2028-12-01", "end_date": "2028-12-02", "projet": true }, "geometry": { "type": "MultiLineString", "coordinates": [ [ [ 2.34667, 48.9176 ], [ 2.38413333, 48.9290972 ] ], [ [ 2.38413333, 48.9290972 ], [ 2.42209444, 48.9304944 ] ], [ [ 2.42209444, 48.9304944 ], [ 2.46321389, 48.9461389 ] ], [ [ 2.46321389, 48.9461389 ], [ 2.48821944, 48.9518167 ] ], [ [ 2.48821944, 48.9518167 ], [ 2.52534444, 48.9470361 ] ], [ [ 2.52534444, 48.9470361 ], [ 2.53474722, 48.93583611 ] ], [ [ 2.53474722, 48.93583611 ], [ 2.55656667, 48.904425 ] ], [ [ 2.55656667, 48.904425 ], [ 2.58580833, 48.8743167 ] ], [ [ 2.58580833, 48.8743167 ], [ 2.58, 48.8429 ] ] ] } },
{ "type": "Feature", "properties": { "ligne": "Ligne 17", "couleur": "#D5C900", "start_date": "2027-12-01", "end_date": "2028-12-02", "projet": true }, "geometry": { "type": "MultiLineString", "coordinates": [ [ [ 2.34667, 48.9176 ], [ 2.38413333, 48.9290972 ] ], [ [ 2.38413333, 48.9290972 ], [ 2.42209444, 48.9304944 ] ], [ [ 2.42209444, 48.9304944 ], [ 2.43622222, 48.9465722 ] ] ] } }
]
}
