{
"type": "FeatureCollection",
"name": "stations_history",
"features": [
{ "type": "Feature", "properties": { "start_date": "1913-01-30", "end_date": "1931-03-27", "name": "Abbesses", "lines": [ "Ligne A" ], "color": "#2b5439", "planned": false, "lineage": "Abbesses" }, "geometry": { "type": "Point", "coordinates": [ 2.338712812, 48.88441765 ] } },
{ "type": "Feature", "properties": { "start_date": "1931-03-27", "end_date": "2028-12-02", "name": "Abbesses", "lines": [ "Ligne 12" ], "color": "#007852", "planned": false, "lineage": "Abbesses" }, "geometry": { "type": "Point", "coordinates": [ 2.338712812, 48.88441765 ] } },
{ "type": "Feature", "properties": { "start_date": "1909-10-30", "end_date": "2028-12-02", "name": "Alésia", "lines": [ "Ligne 4" ], "color": "#CF009E", "planned": false, "lineage": "Alésia" }, "geometry": { "type": "Point", "coordinates": [ 2.326745674, 48.82839851 ] } },
{ "type": "Feature", "properties": { "start_date": "1903-01-31", "end_date": "1970-09-13", "name": "Bagnolet", "lines": [ "Ligne 2" ], "color": "#003CA6", "planned": false, "lineage": "Alexandre Dumas" }, "geometry": { "type": "Point", "coordinates": [ 2.394989816, 48.85617445 ] } },
{ "type": "Feature", "properties": { "start_date": "1970-09-13", "end_date": "2028-12-02", "name": "Alexandre Dumas", "lines": [ "Ligne 2" ], "color": "#003CA6", "planned": false, "lineage": "Alexandre Dumas" }, "geometry": { "type": "Point", "coordinates": [ 2.394989816, 48.85617445 ] } },
{ "type": "Feature", "properties": { "start_date": "1923-05-27", "end_date": "2028-12-02", "name": "Alma - Marceau", "lines": [ "Ligne 9" ], "color": "#B6BD00", "planned": false, "lineage": "Alma - Marceau" }, "geometry": { "type": "Point", "coordinates": [ 2.300234, 48.864904 ] } },
{ "type": "Feature", "properties": { "start_date": "1937-09-24", "end_date": "2028-12-02", "name": "Anatole France", "lines": [ "Ligne 3" ], "color": "#837902", "planned": false, "lineage": "Anatole France" }, "geometry": { "type": "Point", "coordinates": [ 2.285536, 48.892022 ] } },
{ "type": "Feature", "properties": { "start_date": "1902-10-07", "end_date": "2028-12-02", "name": "Anvers", "lines": [ "Ligne 2" ], "color": "#003CA6", "planned": false, "lineage": "Anvers" }, "geometry": { "type": "Point", "coordinates": [ 2.344848812, 48.88300713 ] } },
{ "type": "Feature", "properties": { "start_date": "1900-09-01", "end_date": "1948-05-25", "name": "Obligado", "lines": [ "Ligne 1" ], "color": "#FFCD00", "planned": false, "lineage": "Argentine" }, "geometry": { "type": "Point", "coordinates": [ 2.289321664, 48.87553309 ] } },
{ "type": "Feature", "properties": { "start_date": "1948-05-25", "end_date": "2028-12-02", "name": "Argentine", "lines": [ "Ligne 1" ], "color": "#FFCD00", "planned": false, "lineage": "Argentine" }, "geometry": { "type": "Point", "coordinates": [ 2.289321664, 48.87553309 ] } },
{ "type": "Feature", "properties": { "start_date": "1906-12-17", "end_date": "1939-09-03", "name": "Arsenal", "lines": [ "Ligne 5" ], "color": "#FF7E2E", "planned": false, "lineage": "Arsenal" }, "geometry": { "type": "Point", "coordinates": [ 2.366642, 48.849042 ] } },
{ "type": "Feature", "properties": { "start_date": "1904-10-19", "end_date": "1935-04-28", "name": "Arts et Métiers", "lines": [ "Ligne 3" ], "color": "#837902", "planned": false, "lineage": "Arts et Métiers" }, "geometry": { "type": "Point", "coordinates": [ 2.3561, 48.8655 ] } },
{ "type": "Feature", "properties": { "start_date": "1935-04-28", "end_date": "2028-12-02", "name": "Arts et Métiers", "lines": [ "Ligne 11", "Ligne 3" ], "color": "#D8D8B9", "planned": false, "lineage": "Arts et Métiers" }, "geometry": { "type": "Point", "coordinates": [ 2.3561, 48.8655 ] } },
{ "type": "Feature", "properties": { "start_date": "1910-11-05", "end_date": "1931-03-27", "name": "Chambre des Députés", "lines": [ "Ligne A" ], "color": "#2b5439", "planned": false, "lineage": "Assemblée nationale" }, "geometry": { "type": "Point", "coordinates": [ 2.321130037, 48.86065457 ] } },
{ "type": "Feature", "properties": { "start_date": "1931-03-27", "end_date": "1989-06-30", "name": "Chambre des Députés", "lines": [ "Ligne 12" ], "color": "#007852", "planned": false, "lineage": "Assemblée nationale" }, "geometry": { "type": "Point", "coordinates": [ 2.321130037, 48.86065457 ] } },
{ "type": "Feature", "properties": { "start_date": "1989-06-30", "end_date": "2028-12-02", "name": "Assemblée nationale", "lines": [ "Ligne 12" ], "color": "#007852", "planned": false, "lineage": "Assemblée nationale" }, "geometry": { "type": "Point", "coordinates": [ 2.321130037, 48.86065457 ] } },
{ "type": "Feature", "properties": { "start_date": "1979-10-04", "end_date": "2028-12-02", "name": "Aubervilliers - Pantin - Quatre Chemins", "lines": [ "Ligne 7" ], "color": "#FA9ABA", "planned": false, "lineage": "Aubervilliers - Pantin - Quatre Chemins" }, "geometry": { "type": "Point", "coordinates": [ 2.392495573, 48.90389694 ] } },
{ "type": "Feature", "properties": { "start_date": "1913-07-13", "end_date": "1937-03-01", "name": "Commerce", "lines": [ "Ligne 8" ], "color": "#E19BDF", "planned": false, "lineage": "Avenue Émile-Zola" }, "geometry": { "type": "Point", "coordinates": [ 2.294511795, 48.84697701 ] } },
{ "type": "Feature", "properties": { "start_date": "1937-03-01", "end_date": "1937-07-27", "name": "Avenue Émile-Zola", "lines": [ "Ligne 8" ], "color": "#E19BDF", "planned": false, "lineage": "Avenue Émile-Zola" }, "geometry": { "type": "Point", "coordinates": [ 2.294511795, 48.84697701 ] } },
{ "type": "Feature", "properties": { "start_date": "1937-07-27", "end_date": "2028-12-02", "name": "Avenue Émile-Zola", "lines": [ "Ligne 10" ], "color": "#C9910D", "planned": false, "lineage": "Avenue Émile-Zola" }, "geometry": { "type": "Point", "coordinates": [ 2.294511795, 48.84697701 ] } },
{ "type": "Feature", "properties": { "start_date": "1903-04-02", "end_date": "2028-12-02", "name": "Avron", "lines": [ "Ligne 2" ], "color": "#003CA6", "planned": false, "lineage": "Avron" }, "geometry": { "type": "Point", "coordinates": [ 2.397862673, 48.85194019 ] } },
{ "type": "Feature", "properties": { "start_date": "1937-07-27", "end_date": "2028-12-02", "name": "Balard", "lines": [ "Ligne 8" ], "color": "#E19BDF", "planned": false, "lineage": "Balard" }, "geometry": { "type": "Point", "coordinates": [ 2.278218327, 48.83627546 ] } },
{ "type": "Feature", "properties": { "start_date": "1903-01-31", "end_date": "1907-10-15", "name": "Boulevard Barbès", "lines": [ "Ligne 2" ], "color": "#003CA6", "planned": false, "lineage": "Barbès - Rochechouart" }, "geometry": { "type": "Point", "coordinates": [ 2.350516, 48.88364 ] } },
{ "type": "Feature", "properties": { "start_date": "1907-10-15", "end_date": "1908-04-21", "name": "Barbès - Rochechouart", "lines": [ "Ligne 2" ], "color": "#003CA6", "planned": false, "lineage": "Barbès - Rochechouart" }, "geometry": { "type": "Point", "coordinates": [ 2.350516, 48.88364 ] } },
{ "type": "Feature", "properties": { "start_date": "1908-04-21", "end_date": "2028-12-02", "name": "Barbès - Rochechouart", "lines": [ "Ligne 2", "Ligne 4" ], "color": "#D8D8B9", "planned": false, "lineage": "Barbès - Rochechouart" }, "geometry": { "type": "Point", "coordinates": [ 2.350516, 48.88364 ] } },
{ "type": "Feature", "properties": { "start_date": "1976-06-20", "end_date": "1998-05-25", "name": "Saint-Denis - Basilique", "lines": [ "Ligne 13" ], "color": "#6EC4E8", "planned": false, "lineage": "Basilique de Saint-Denis" }, "geometry": { "type": "Point", "coordinates": [ 2.360845506, 48.93809957 ] } },
{ "type": "Feature", "properties": { "start_date": "1998-05-25", "end_date": "2028-12-02", "name": "Basilique de Saint-Denis", "lines": [ "Ligne 13" ], "color": "#6EC4E8", "planned": false, "lineage": "Basilique de Saint-Denis" }, "geometry": { "type": "Point", "coordinates": [ 2.360845506, 48.93809957 ] } },
{ "type": "Feature", "properties": { "start_date": "1900-07-19", "end_date": "1906-12-17", "name": "Bastille", "lines": [ "Ligne 1" ], "color": "#FFCD00", "planned": false, "lineage": "Bastille" }, "geometry": { "type": "Point", "coordinates": [ 2.369077, 48.853082 ] } },
{ "type": "Feature", "properties": { "start_date": "1906-12-17", "end_date": "1931-05-05", "name": "Bastille", "lines": [ "Ligne 1", "Ligne 5" ], "color": "#D8D8B9", "planned": false, "lineage": "Bastille" }, "geometry": { "type": "Point", "coordinates": [ 2.369077, 48.853082 ] } },
{ "type": "Feature", "properties": { "start_date": "1931-05-05", "end_date": "2028-12-02", "name": "Bastille", "lines": [ "Ligne 1", "Ligne 5", "Ligne 8" ], "color": "#D8D8B9", "planned": false, "lineage": "Bastille" }, "geometry": { "type": "Point", "coordinates": [ 2.369077, 48.853082 ] } },
{ "type": "Feature", "properties": { "start_date": "1909-03-01", "end_date": "1939-09-03", "name": "Bel-Air", "lines": [ "Ligne 6" ], "color": "#6ECA97", "planned": false, "lineage": "Bel-Air" }, "geometry": { "type": "Point", "coordinates": [ 2.400912344, 48.8413443 ] } },
{ "type": "Feature", "properties": { "start_date": "1963-01-07", "end_date": "2028-12-02", "name": "Bel-Air", "lines": [ "Ligne 6" ], "color": "#6ECA97", "planned": false, "lineage": "Bel-Air" }, "geometry": { "type": "Point", "coordinates": [ 2.400912344, 48.8413443 ] } },
{ "type": "Feature", "properties": { "start_date": "1903-01-31", "end_date": "1935-04-28", "name": "Belleville", "lines": [ "Ligne 2" ], "color": "#003CA6", "planned": false, "lineage": "Belleville" }, "geometry": { "type": "Point", "coordinates": [ 2.376946807, 48.87208261 ] } },
{ "type": "Feature", "properties": { "start_date": "1935-04-28", "end_date": "2028-12-02", "name": "Belleville", "lines": [ "Ligne 11", "Ligne 2" ], "color": "#D8D8B9", "planned": false, "lineage": "Belleville" }, "geometry": { "type": "Point", "coordinates": [ 2.376946807, 48.87208261 ] } },
{ "type": "Feature", "properties": { "start_date": "1934-03-24", "end_date": "2028-12-02", "name": "Bérault", "lines": [ "Ligne 1" ], "color": "#FFCD00", "planned": false, "lineage": "Bérault" }, "geometry": { "type": "Point", "coordinates": [ 2.429238498, 48.84533424 ] } },
{ "type": "Feature", "properties": { "start_date": "1909-03-01", "end_date": "1998-10-15", "name": "Bercy", "lines": [ "Ligne 6" ], "color": "#6ECA97", "planned": false, "lineage": "Bercy" }, "geometry": { "type": "Point", "coordinates": [ 2.379582969, 48.84042809 ] } },
{ "type": "Feature", "properties": { "start_date": "1998-10-15", "end_date": "2028-12-02", "name": "Bercy", "lines": [ "Ligne 14", "Ligne 6" ], "color": "#D8D8B9", "planned": false, "lineage": "Bercy" }, "geometry": { "type": "Point", "coordinates": [ 2.379582969, 48.84042809 ] } },
{ "type": "Feature", "properties": { "start_date": "1998-10-15", "end_date": "2028-12-02", "name": "Bibliothèque François-Mitterrand", "lines": [ "Ligne 14" ], "color": "#62259D", "planned": false, "lineage": "Bibliothèque François-Mitterrand" }, "geometry": { "type": "Point", "coordinates": [ 2.376092612, 48.82960597 ] } },
{ "type": "Feature", "properties": { "start_date": "1934-02-03", "end_date": "2028-12-02", "name": "Billancourt", "lines": [ "Ligne 9" ], "color": "#B6BD00", "planned": false, "lineage": "Billancourt" }, "geometry": { "type": "Point", "coordinates": [ 2.238177359, 48.83208981 ] } },
{ "type": "Feature", "properties": { "start_date": "1906-04-24", "end_date": "1907-10-17", "name": "Grenelle", "lines": [ "Ligne 2 Sud" ], "color": "#ab1f07", "planned": false, "lineage": "Bir-Hakeim" }, "geometry": { "type": "Point", "coordinates": [ 2.289332, 48.853917 ] } },
{ "type": "Feature", "properties": { "start_date": "1907-10-17", "end_date": "1942-10-06", "name": "Grenelle", "lines": [ "Ligne 5" ], "color": "#FF7E2E", "planned": false, "lineage": "Bir-Hakeim" }, "geometry": { "type": "Point", "coordinates": [ 2.289332, 48.853917 ] } },
{ "type": "Feature", "properties": { "start_date": "1942-10-06", "end_date": "1949-06-18", "name": "Grenelle", "lines": [ "Ligne 6" ], "color": "#6ECA97", "planned": false, "lineage": "Bir-Hakeim" }, "geometry": { "type": "Point", "coordinates": [ 2.289332, 48.853917 ] } },
{ "type": "Feature", "properties": { "start_date": "1949-06-18", "end_date": "2028-12-02", "name": "Bir-Hakeim", "lines": [ "Ligne 6" ], "color": "#6ECA97", "planned": false, "lineage": "Bir-Hakeim" }, "geometry": { "type": "Point", "coordinates": [ 2.289332, 48.853917 ] } },
{ "type": "Feature", "properties": { "start_date": "1902-10-21", "end_date": "2028-12-02", "name": "Blanche", "lines": [ "Ligne 2" ], "color": "#003CA6", "planned": false, "lineage": "Blanche" }, "geometry": { "type": "Point", "coordinates": [ 2.333703, 48.883459 ] } },
{ "type": "Feature", "properties": { "start_date": "1985-04-25", "end_date": "2028-12-02", "name": "Bobigny - Pablo Picasso", "lines": [ "Ligne 5" ], "color": "#FF7E2E", "planned": false, "lineage": "Bobigny - Pablo Picasso" }, "geometry": { "type": "Point", "coordinates": [ 2.449994, 48.906538 ] } },
{ "type": "Feature", "properties": { "start_date": "1985-04-25", "end_date": "2028-12-02", "name": "Bobigny - Pantin - Raymond Queneau", "lines": [ "Ligne 5" ], "color": "#FF7E2E", "planned": false, "lineage": "Bobigny - Pantin - Raymond Queneau" }, "geometry": { "type": "Point", "coordinates": [ 2.424928844, 48.89540875 ] } },
{ "type": "Feature", "properties": { "start_date": "1900-10-02", "end_date": "1903-11-05", "name": "Boissière", "lines": [ "Ligne 1" ], "color": "#FFCD00", "planned": false, "lineage": "Boissière" }, "geometry": { "type": "Point", "coordinates": [ 2.290391922, 48.86738609 ] } },
{ "type": "Feature", "properties": { "start_date": "1903-11-05", "end_date": "1907-10-17", "name": "Boissière", "lines": [ "Ligne 2 Sud" ], "color": "#ab1f07", "planned": false, "lineage": "Boissière" }, "geometry": { "type": "Point", "coordinates": [ 2.290391922, 48.86738609 ] } },
{ "type": "Feature", "properties": { "start_date": "1907-10-17", "end_date": "1942-10-06", "name": "Boissière", "lines": [ "Ligne 5" ], "color": "#FF7E2E", "planned": false, "lineage": "Boissière" }, "geometry": { "type": "Point", "coordinates": [ 2.290391922, 48.86738609 ] } },
{ "type": "Feature", "properties": { "start_date": "1942-10-06", "end_date": "2028-12-02", "name": "Boissière", "lines": [ "Ligne 6" ], "color": "#6ECA97", "planned": false, "lineage": "Boissière" }, "geometry": { "type": "Point", "coordinates": [ 2.290391922, 48.86738609 ] } },
{ "type": "Feature", "properties": { "start_date": "1911-01-18", "end_date": "1967-12-03", "name": "Bolivar", "lines": [ "Ligne 7" ], "color": "#FA9ABA", "planned": false, "lineage": "Bolivar" }, "geometry": { "type": "Point", "coordinates": [ 2.374921739, 48.88050244 ] } },
{ "type": "Feature", "properties": { "start_date": "1967-12-03", "end_date": "2028-12-02", "name": "Bolivar", "lines": [ "Ligne 7 bis" ], "color": "#6ECA97", "planned": false, "lineage": "Bolivar" }, "geometry": { "type": "Point", "coordinates": [ 2.374921739, 48.88050244 ] } },
{ "type": "Feature", "properties": { "start_date": "1931-05-05", "end_date": "1933-12-10", "name": "Bonne-Nouvelle", "lines": [ "Ligne 8" ], "color": "#E19BDF", "planned": false, "lineage": "Bonne-Nouvelle" }, "geometry": { "type": "Point", "coordinates": [ 2.348874807, 48.87063948 ] } },
{ "type": "Feature", "properties": { "start_date": "1933-12-10", "end_date": "2028-12-02", "name": "Bonne-Nouvelle", "lines": [ "Ligne 8", "Ligne 9" ], "color": "#D8D8B9", "planned": false, "lineage": "Bonne-Nouvelle" }, "geometry": { "type": "Point", "coordinates": [ 2.348874807, 48.87063948 ] } },
{ "type": "Feature", "properties": { "start_date": "1911-01-18", "end_date": "1967-12-03", "name": "Botzaris", "lines": [ "Ligne 7" ], "color": "#FA9ABA", "planned": false, "lineage": "Botzaris" }, "geometry": { "type": "Point", "coordinates": [ 2.388040423, 48.87955169 ] } },
{ "type": "Feature", "properties": { "start_date": "1967-12-03", "end_date": "2028-12-02", "name": "Botzaris", "lines": [ "Ligne 7 bis" ], "color": "#6ECA97", "planned": false, "lineage": "Botzaris" }, "geometry": { "type": "Point", "coordinates": [ 2.388040423, 48.87955169 ] } },
{ "type": "Feature", "properties": { "start_date": "1937-07-27", "end_date": "2028-12-02", "name": "Boucicaut", "lines": [ "Ligne 8" ], "color": "#E19BDF", "planned": false, "lineage": "Boucicaut" }, "geometry": { "type": "Point", "coordinates": [ 2.287817, 48.841101 ] } },
{ "type": "Feature", "properties": { "start_date": "1980-10-03", "end_date": "2028-12-02", "name": "Boulogne - Jean Jaurès", "lines": [ "Ligne 10" ], "color": "#C9910D", "planned": false, "lineage": "Boulogne - Jean Jaurès" }, "geometry": { "type": "Point", "coordinates": [ 2.238877416, 48.84227813 ] } },
{ "type": "Feature", "properties": { "start_date": "1981-10-02", "end_date": "2028-12-02", "name": "Boulogne - Pont de Saint-Cloud", "lines": [ "Ligne 10" ], "color": "#C9910D", "planned": false, "lineage": "Boulogne - Pont de Saint-Cloud" }, "geometry": { "type": "Point", "coordinates": [ 2.228331, 48.840684 ] } },
{ "type": "Feature", "properties": { "start_date": "1904-10-19", "end_date": "2028-12-02", "name": "Bourse", "lines": [ "Ligne 3" ], "color": "#837902", "planned": false, "lineage": "Bourse" }, "geometry": { "type": "Point", "coordinates": [ 2.341369987, 48.86873757 ] } },
{ "type": "Feature", "properties": { "start_date": "1906-12-31", "end_date": "2028-12-02", "name": "Bréguet - Sabin", "lines": [ "Ligne 5" ], "color": "#FF7E2E", "planned": false, "lineage": "Bréguet - Sabin" }, "geometry": { "type": "Point", "coordinates": [ 2.370093763, 48.85613345 ] } },
{ "type": "Feature", "properties": { "start_date": "1912-01-20", "end_date": "1931-03-27", "name": "Brochant", "lines": [ "Ligne B" ], "color": "#1891c4", "planned": false, "lineage": "Brochant" }, "geometry": { "type": "Point", "coordinates": [ 2.31970042, 48.8908555 ] } },
{ "type": "Feature", "properties": { "start_date": "1931-03-27", "end_date": "2028-12-02", "name": "Brochant", "lines": [ "Ligne 13" ], "color": "#6EC4E8", "planned": false, "lineage": "Brochant" }, "geometry": { "type": "Point", "coordinates": [ 2.31970042, 48.8908555 ] } },
{ "type": "Feature", "properties": { "start_date": "1912-02-13", "end_date": "1967-12-03", "name": "Buttes Chaumont", "lines": [ "Ligne 7" ], "color": "#FA9ABA", "planned": false, "lineage": "Buttes Chaumont" }, "geometry": { "type": "Point", "coordinates": [ 2.381772101, 48.87850037 ] } },
{ "type": "Feature", "properties": { "start_date": "1967-12-03", "end_date": "2028-12-02", "name": "Buttes Chaumont", "lines": [ "Ligne 7 bis" ], "color": "#6ECA97", "planned": false, "lineage": "Buttes Chaumont" }, "geometry": { "type": "Point", "coordinates": [ 2.381772101, 48.87850037 ] } },
{ "type": "Feature", "properties": { "start_date": "1933-12-10", "end_date": "2028-12-02", "name": "Buzenval", "lines": [ "Ligne 9" ], "color": "#B6BD00", "planned": false, "lineage": "Buzenval" }, "geometry": { "type": "Point", "coordinates": [ 2.402045, 48.851976 ] } },
{ "type": "Feature", "properties": { "start_date": "1910-11-05", "end_date": "2028-12-02", "name": "Cadet", "lines": [ "Ligne 7" ], "color": "#FA9ABA", "planned": false, "lineage": "Cadet" }, "geometry": { "type": "Point", "coordinates": [ 2.344875634, 48.87613482 ] } },
{ "type": "Feature", "properties": { "start_date": "1906-04-24", "end_date": "1907-10-17", "name": "Cambronne", "lines": [ "Ligne 2 Sud" ], "color": "#ab1f07", "planned": false, "lineage": "Cambronne" }, "geometry": { "type": "Point", "coordinates": [ 2.302936614, 48.84753654 ] } },
{ "type": "Feature", "properties": { "start_date": "1907-10-17", "end_date": "1942-10-06", "name": "Cambronne", "lines": [ "Ligne 5" ], "color": "#FF7E2E", "planned": false, "lineage": "Cambronne" }, "geometry": { "type": "Point", "coordinates": [ 2.302936614, 48.84753654 ] } },
{ "type": "Feature", "properties": { "start_date": "1942-10-06", "end_date": "2028-12-02", "name": "Cambronne", "lines": [ "Ligne 6" ], "color": "#6ECA97", "planned": false, "lineage": "Cambronne" }, "geometry": { "type": "Point", "coordinates": [ 2.302936614, 48.84753654 ] } },
{ "type": "Feature", "properties": { "start_date": "1906-06-06", "end_date": "2028-12-02", "name": "Campo-Formio", "lines": [ "Ligne 5" ], "color": "#FF7E2E", "planned": false, "lineage": "Campo-Formio" }, "geometry": { "type": "Point", "coordinates": [ 2.358128428, 48.83502241 ] } },
{ "type": "Feature", "properties": { "start_date": "1931-04-26", "end_date": "2028-12-02", "name": "Cardinal Lemoine", "lines": [ "Ligne 10" ], "color": "#C9910D", "planned": false, "lineage": "Cardinal Lemoine" }, "geometry": { "type": "Point", "coordinates": [ 2.351202965, 48.8471394 ] } },
{ "type": "Feature", "properties": { "start_date": "1952-06-30", "end_date": "2028-12-02", "name": "Carrefour Pleyel", "lines": [ "Ligne 13" ], "color": "#6EC4E8", "planned": false, "lineage": "Carrefour Pleyel" }, "geometry": { "type": "Point", "coordinates": [ 2.343926132, 48.91994192 ] } },
{ "type": "Feature", "properties": { "start_date": "1930-02-15", "end_date": "1931-04-26", "name": "Censier - Daubenton", "lines": [ "Ligne 10" ], "color": "#C9910D", "planned": false, "lineage": "Censier - Daubenton" }, "geometry": { "type": "Point", "coordinates": [ 2.351774, 48.840597 ] } },
{ "type": "Feature", "properties": { "start_date": "1931-04-26", "end_date": "2028-12-02", "name": "Censier - Daubenton", "lines": [ "Ligne 7" ], "color": "#FA9ABA", "planned": false, "lineage": "Censier - Daubenton" }, "geometry": { "type": "Point", "coordinates": [ 2.351774, 48.840597 ] } },
{ "type": "Feature", "properties": { "start_date": "1913-07-13", "end_date": "1939-09-03", "name": "Champs de Mars", "lines": [ "Ligne 8" ], "color": "#E19BDF", "planned": false, "lineage": "Champs de Mars" }, "geometry": { "type": "Point", "coordinates": [ 2.301879823, 48.85185547 ] } },
{ "type": "Feature", "properties": { "start_date": "1900-07-19", "end_date": "1931-05-20", "name": "Champs-Élysées", "lines": [ "Ligne 1" ], "color": "#FFCD00", "planned": false, "lineage": "Champs-Élysées - Clemenceau" }, "geometry": { "type": "Point", "coordinates": [ 2.31395945, 48.86741142 ] } },
{ "type": "Feature", "properties": { "start_date": "1931-05-20", "end_date": "1975-02-18", "name": "Champs-Élysées - Clemenceau", "lines": [ "Ligne 1" ], "color": "#FFCD00", "planned": false, "lineage": "Champs-Élysées - Clemenceau" }, "geometry": { "type": "Point", "coordinates": [ 2.31395945, 48.86741142 ] } },
{ "type": "Feature", "properties": { "start_date": "1975-02-18", "end_date": "2028-12-02", "name": "Champs-Élysées - Clemenceau", "lines": [ "Ligne 1", "Ligne 13" ], "color": "#D8D8B9", "planned": false, "lineage": "Champs-Élysées - Clemenceau" }, "geometry": { "type": "Point", "coordinates": [ 2.31395945, 48.86741142 ] } },
{ "type": "Feature", "properties": { "start_date": "1913-09-30", "end_date": "1937-07-27", "name": "Chardon-Lagache", "lines": [ "Ligne 8" ], "color": "#E19BDF", "planned": false, "lineage": "Chardon-Lagache" }, "geometry": { "type": "Point", "coordinates": [ 2.26621449, 48.84513775 ] } },
{ "type": "Feature", "properties": { "start_date": "1937-07-27", "end_date": "2028-12-02", "name": "Chardon-Lagache", "lines": [ "Ligne 10" ], "color": "#C9910D", "planned": false, "lineage": "Chardon-Lagache" }, "geometry": { "type": "Point", "coordinates": [ 2.26621449, 48.84513775 ] } },
{ "type": "Feature", "properties": { "start_date": "1942-10-05", "end_date": "2028-12-02", "name": "Charenton - Écoles", "lines": [ "Ligne 8" ], "color": "#E19BDF", "planned": false, "lineage": "Charenton - Écoles" }, "geometry": { "type": "Point", "coordinates": [ 2.41386205, 48.82148972 ] } },
{ "type": "Feature", "properties": { "start_date": "1900-09-01", "end_date": "1900-12-13", "name": "Étoile", "lines": [ "Ligne 1" ], "color": "#FFCD00", "planned": false, "lineage": "Charles de Gaulle - Étoile" }, "geometry": { "type": "Point", "coordinates": [ 2.295762685, 48.8744076 ] } },
{ "type": "Feature", "properties": { "start_date": "1900-12-13", "end_date": "1903-11-05", "name": "Étoile", "lines": [ "Ligne 1", "Ligne 2" ], "color": "#D8D8B9", "planned": false, "lineage": "Charles de Gaulle - Étoile" }, "geometry": { "type": "Point", "coordinates": [ 2.295762685, 48.8744076 ] } },
{ "type": "Feature", "properties": { "start_date": "1903-11-05", "end_date": "1907-10-17", "name": "Étoile", "lines": [ "Ligne 1", "Ligne 2", "Ligne 2 Sud" ], "color": "#D8D8B9", "planned": false, "lineage": "Charles de Gaulle - Étoile" }, "geometry": { "type": "Point", "coordinates": [ 2.295762685, 48.8744076 ] } },
{ "type": "Feature", "properties": { "start_date": "1907-10-17", "end_date": "1942-10-06", "name": "Étoile", "lines": [ "Ligne 1", "Ligne 2", "Ligne 5" ], "color": "#D8D8B9", "planned": false, "lineage": "Charles de Gaulle - Étoile" }, "geometry": { "type": "Point", "coordinates": [ 2.295762685, 48.8744076 ] } },
{ "type": "Feature", "properties": { "start_date": "1942-10-06", "end_date": "1970-11-13", "name": "Étoile", "lines": [ "Ligne 1", "Ligne 2", "Ligne 6" ], "color": "#D8D8B9", "planned": false, "lineage": "Charles de Gaulle - Étoile" }, "geometry": { "type": "Point", "coordinates": [ 2.295762685, 48.8744076 ] } },
{ "type": "Feature", "properties": { "start_date": "1970-11-13", "end_date": "2028-12-02", "name": "Charles de Gaulle - Étoile", "lines": [ "Ligne 1", "Ligne 2", "Ligne 6" ], "color": "#D8D8B9", "planned": false, "lineage": "Charles de Gaulle - Étoile" }, "geometry": { "type": "Point", "coordinates": [ 2.295762685, 48.8744076 ] } },
{ "type": "Feature", "properties": { "start_date": "1913-07-13", "end_date": "1937-07-27", "name": "Beaugrenelle", "lines": [ "Ligne 8" ], "color": "#E19BDF", "planned": false, "lineage": "Charles Michels" }, "geometry": { "type": "Point", "coordinates": [ 2.286942, 48.846591 ] } },
{ "type": "Feature", "properties": { "start_date": "1937-07-27", "end_date": "1945-07-14", "name": "Beaugrenelle", "lines": [ "Ligne 10" ], "color": "#C9910D", "planned": false, "lineage": "Charles Michels" }, "geometry": { "type": "Point", "coordinates": [ 2.286942, 48.846591 ] } },
{ "type": "Feature", "properties": { "start_date": "1945-07-14", "end_date": "2028-12-02", "name": "Charles Michels", "lines": [ "Ligne 10" ], "color": "#C9910D", "planned": false, "lineage": "Charles Michels" }, "geometry": { "type": "Point", "coordinates": [ 2.286942, 48.846591 ] } },
{ "type": "Feature", "properties": { "start_date": "1933-12-10", "end_date": "2028-12-02", "name": "Charonne", "lines": [ "Ligne 9" ], "color": "#B6BD00", "planned": false, "lineage": "Charonne" }, "geometry": { "type": "Point", "coordinates": [ 2.384639382, 48.85510281 ] } },
{ "type": "Feature", "properties": { "start_date": "1908-04-21", "end_date": "2028-12-02", "name": "Château d'Eau", "lines": [ "Ligne 4" ], "color": "#CF009E", "planned": false, "lineage": "Château d'Eau" }, "geometry": { "type": "Point", "coordinates": [ 2.356148958, 48.8729012 ] } },
{ "type": "Feature", "properties": { "start_date": "1934-03-24", "end_date": "2028-12-02", "name": "Château de Vincennes", "lines": [ "Ligne 1" ], "color": "#FFCD00", "planned": false, "lineage": "Château de Vincennes" }, "geometry": { "type": "Point", "coordinates": [ 2.439509705, 48.84453631 ] } },
{ "type": "Feature", "properties": { "start_date": "1908-04-21", "end_date": "2028-12-02", "name": "Château Rouge", "lines": [ "Ligne 4" ], "color": "#CF009E", "planned": false, "lineage": "Château Rouge" }, "geometry": { "type": "Point", "coordinates": [ 2.349552, 48.88673 ] } },
{ "type": "Feature", "properties": { "start_date": "1910-11-05", "end_date": "2028-12-02", "name": "Château-Landon", "lines": [ "Ligne 7" ], "color": "#FA9ABA", "planned": false, "lineage": "Château-Landon" }, "geometry": { "type": "Point", "coordinates": [ 2.362071276, 48.87845627 ] } },
{ "type": "Feature", "properties": { "start_date": "1900-08-06", "end_date": "1908-04-21", "name": "Châtelet", "lines": [ "Ligne 1" ], "color": "#FFCD00", "planned": false, "lineage": "Châtelet" }, "geometry": { "type": "Point", "coordinates": [ 2.347119401, 48.85851952 ] } },
{ "type": "Feature", "properties": { "start_date": "1908-04-21", "end_date": "1934-04-15", "name": "Châtelet", "lines": [ "Ligne 1", "Ligne 4" ], "color": "#D8D8B9", "planned": false, "lineage": "Châtelet" }, "geometry": { "type": "Point", "coordinates": [ 2.347119401, 48.85851952 ] } },
{ "type": "Feature", "properties": { "start_date": "1935-04-28", "end_date": "1998-10-15", "name": "Châtelet", "lines": [ "Couloirs", "Ligne 1", "Ligne 11", "Ligne 4" ], "color": "#D8D8B9", "planned": false, "lineage": "Châtelet" }, "geometry": { "type": "Point", "coordinates": [ 2.347119401, 48.85851952 ] } },
{ "type": "Feature", "properties": { "start_date": "1998-10-15", "end_date": "2028-12-02", "name": "Châtelet", "lines": [ "Couloirs", "Ligne 1", "Ligne 11", "Ligne 14", "Ligne 4" ], "color": "#D8D8B9", "planned": false, "lineage": "Châtelet" }, "geometry": { "type": "Point", "coordinates": [ 2.347119401, 48.85851952 ] } },
{ "type": "Feature", "properties": { "start_date": "1926-04-16", "end_date": "1926-11-01", "name": "Pont Notre-Dame", "lines": [ "Ligne 7" ], "color": "#FA9ABA", "planned": false, "lineage": "Pont Notre-Dame" }, "geometry": { "type": "Point", "coordinates": [ 2.348899, 48.856725 ] } },
{ "type": "Feature", "properties": { "start_date": "1926-11-01", "end_date": "1934-04-15", "name": "Pont Notre-Dame - Pont au Change", "lines": [ "Ligne 7" ], "color": "#FA9ABA", "planned": false, "lineage": "Pont Notre-Dame" }, "geometry": { "type": "Point", "coordinates": [ 2.348899, 48.856725 ] } },
{ "type": "Feature", "properties": { "start_date": "1976-11-09", "end_date": "2027-09-01", "name": "Châtillon - Montrouge", "lines": [ "Ligne 13" ], "color": "#6EC4E8", "planned": false, "lineage": "Châtillon - Montrouge" }, "geometry": { "type": "Point", "coordinates": [ 2.301826179, 48.81053942 ] } },
{ "type": "Feature", "properties": { "start_date": "2027-09-01", "end_date": "2028-12-02", "name": "Châtillon - Montrouge", "lines": [ "Ligne 13", "Ligne 15" ], "color": "#D8D8B9", "planned": false, "lineage": "Châtillon - Montrouge" }, "geometry": { "type": "Point", "coordinates": [ 2.301826179, 48.81053942 ] } },
{ "type": "Feature", "properties": { "start_date": "1910-11-05", "end_date": "1923-06-03", "name": "Chaussée d'Antin - La Fayette", "lines": [ "Ligne 7" ], "color": "#FA9ABA", "planned": false, "lineage": "Chaussée d'Antin - La Fayette" }, "geometry": { "type": "Point", "coordinates": [ 2.333932221, 48.87307232 ] } },
{ "type": "Feature", "properties": { "start_date": "1923-06-03", "end_date": "2028-12-02", "name": "Chaussée d'Antin - La Fayette", "lines": [ "Ligne 7", "Ligne 9" ], "color": "#D8D8B9", "planned": false, "lineage": "Chaussée d'Antin - La Fayette" }, "geometry": { "type": "Point", "coordinates": [ 2.333932221, 48.87307232 ] } },
{ "type": "Feature", "properties": { "start_date": "1931-05-05", "end_date": "2028-12-02", "name": "Chemin Vert", "lines": [ "Ligne 8" ], "color": "#E19BDF", "planned": false, "lineage": "Chemin Vert" }, "geometry": { "type": "Point", "coordinates": [ 2.368347645, 48.85677758 ] } },
{ "type": "Feature", "properties": { "start_date": "1909-03-01", "end_date": "2028-12-02", "name": "Chevaleret", "lines": [ "Ligne 6" ], "color": "#6ECA97", "planned": false, "lineage": "Chevaleret" }, "geometry": { "type": "Point", "coordinates": [ 2.368082106, 48.83493767 ] } },
{ "type": "Feature", "properties": { "start_date": "1910-12-10", "end_date": "2028-12-02", "name": "Cité", "lines": [ "Ligne 4" ], "color": "#CF009E", "planned": false, "lineage": "Cité" }, "geometry": { "type": "Point", "coordinates": [ 2.346720374, 48.85510059 ] } },
{ "type": "Feature", "properties": { "start_date": "1930-02-15", "end_date": "1939-09-03", "name": "Cluny", "lines": [ "Ligne 10" ], "color": "#C9910D", "planned": false, "lineage": "Cluny - La Sorbonne" }, "geometry": { "type": "Point", "coordinates": [ 2.344273345, 48.85105028 ] } },
{ "type": "Feature", "properties": { "start_date": "1988-02-17", "end_date": "1988-12-15", "name": "Cluny - La Sorbonne", "lines": [ ], "color": "#D8D8B9", "planned": false, "lineage": "Cluny - La Sorbonne" }, "geometry": { "type": "Point", "coordinates": [ 2.344273345, 48.85105028 ] } },
{ "type": "Feature", "properties": { "start_date": "1988-12-15", "end_date": "2028-12-02", "name": "Cluny - La Sorbonne", "lines": [ "Ligne 10" ], "color": "#C9910D", "planned": false, "lineage": "Cluny - La Sorbonne" }, "geometry": { "type": "Point", "coordinates": [ 2.344273345, 48.85105028 ] } },
{ "type": "Feature", "properties": { "start_date": "1903-01-31", "end_date": "1945-08-19", "name": "Combat", "lines": [ "Ligne 2" ], "color": "#003CA6", "planned": false, "lineage": "Colonel Fabien" }, "geometry": { "type": "Point", "coordinates": [ 2.37116, 48.877136 ] } },
{ "type": "Feature", "properties": { "start_date": "1945-08-19", "end_date": "2028-12-02", "name": "Colonel Fabien", "lines": [ "Ligne 2" ], "color": "#003CA6", "planned": false, "lineage": "Colonel Fabien" }, "geometry": { "type": "Point", "coordinates": [ 2.37116, 48.877136 ] } },
{ "type": "Feature", "properties": { "start_date": "1937-07-27", "end_date": "2028-12-02", "name": "Commerce", "lines": [ "Ligne 8" ], "color": "#E19BDF", "planned": false, "lineage": "Commerce" }, "geometry": { "type": "Point", "coordinates": [ 2.294215, 48.845093 ] } },
{ "type": "Feature", "properties": { "start_date": "1900-08-13", "end_date": "1910-11-05", "name": "Concorde", "lines": [ "Ligne 1" ], "color": "#FFCD00", "planned": false, "lineage": "Concorde" }, "geometry": { "type": "Point", "coordinates": [ 2.322397, 48.866176 ] } },
{ "type": "Feature", "properties": { "start_date": "1910-11-05", "end_date": "1914-03-12", "name": "Concorde", "lines": [ "Ligne 1", "Ligne A" ], "color": "#D8D8B9", "planned": false, "lineage": "Concorde" }, "geometry": { "type": "Point", "coordinates": [ 2.322397, 48.866176 ] } },
{ "type": "Feature", "properties": { "start_date": "1914-03-12", "end_date": "1931-03-27", "name": "Concorde", "lines": [ "Ligne 1", "Ligne 8", "Ligne A" ], "color": "#D8D8B9", "planned": false, "lineage": "Concorde" }, "geometry": { "type": "Point", "coordinates": [ 2.322397, 48.866176 ] } },
{ "type": "Feature", "properties": { "start_date": "1931-03-27", "end_date": "2028-12-02", "name": "Concorde", "lines": [ "Ligne 1", "Ligne 12", "Ligne 8" ], "color": "#D8D8B9", "planned": false, "lineage": "Concorde" }, "geometry": { "type": "Point", "coordinates": [ 2.322397, 48.866176 ] } },
{ "type": "Feature", "properties": { "start_date": "1910-11-05", "end_date": "1931-03-27", "name": "Convention", "lines": [ "Ligne A" ], "color": "#2b5439", "planned": false, "lineage": "Convention" }, "geometry": { "type": "Point", "coordinates": [ 2.296795, 48.837419 ] } },
{ "type": "Feature", "properties": { "start_date": "1931-03-27", "end_date": "2028-12-02", "name": "Convention", "lines": [ "Ligne 12" ], "color": "#007852", "planned": false, "lineage": "Convention" }, "geometry": { "type": "Point", "coordinates": [ 2.296795, 48.837419 ] } },
{ "type": "Feature", "properties": { "start_date": "1910-11-05", "end_date": "1946-02-10", "name": "Pont de Flandres", "lines": [ "Ligne 7" ], "color": "#FA9ABA", "planned": false, "lineage": "Corentin Cariou" }, "geometry": { "type": "Point", "coordinates": [ 2.382307, 48.89473 ] } },
{ "type": "Feature", "properties": { "start_date": "1946-02-10", "end_date": "2028-12-02", "name": "Corentin Cariou", "lines": [ "Ligne 7" ], "color": "#FA9ABA", "planned": false, "lineage": "Corentin Cariou" }, "geometry": { "type": "Point", "coordinates": [ 2.382307, 48.89473 ] } },
{ "type": "Feature", "properties": { "start_date": "1934-03-24", "end_date": "1945-10-15", "name": "Petits Ménages", "lines": [ "Ligne 12" ], "color": "#007852", "planned": false, "lineage": "Corentin Celton" }, "geometry": { "type": "Point", "coordinates": [ 2.278985, 48.826833 ] } },
{ "type": "Feature", "properties": { "start_date": "1945-10-15", "end_date": "2028-12-02", "name": "Corentin Celton", "lines": [ "Ligne 12" ], "color": "#007852", "planned": false, "lineage": "Corentin Celton" }, "geometry": { "type": "Point", "coordinates": [ 2.278985, 48.826833 ] } },
{ "type": "Feature", "properties": { "start_date": "1906-04-24", "end_date": "1907-10-17", "name": "Corvisart", "lines": [ "Ligne 2 Sud" ], "color": "#ab1f07", "planned": false, "lineage": "Corvisart" }, "geometry": { "type": "Point", "coordinates": [ 2.350508273, 48.82980683 ] } },
{ "type": "Feature", "properties": { "start_date": "1907-10-17", "end_date": "1942-10-06", "name": "Corvisart", "lines": [ "Ligne 5" ], "color": "#FF7E2E", "planned": false, "lineage": "Corvisart" }, "geometry": { "type": "Point", "coordinates": [ 2.350508273, 48.82980683 ] } },
{ "type": "Feature", "properties": { "start_date": "1942-10-06", "end_date": "2028-12-02", "name": "Corvisart", "lines": [ "Ligne 6" ], "color": "#6ECA97", "planned": false, "lineage": "Corvisart" }, "geometry": { "type": "Point", "coordinates": [ 2.350508273, 48.82980683 ] } },
{ "type": "Feature", "properties": { "start_date": "1998-10-15", "end_date": "2028-12-02", "name": "Cour Saint-Émilion", "lines": [ "Ligne 14" ], "color": "#62259D", "planned": false, "lineage": "Cour Saint-Émilion" }, "geometry": { "type": "Point", "coordinates": [ 2.386632402, 48.83333856 ] } },
{ "type": "Feature", "properties": { "start_date": "1902-10-07", "end_date": "2028-12-02", "name": "Courcelles", "lines": [ "Ligne 2" ], "color": "#003CA6", "planned": false, "lineage": "Courcelles" }, "geometry": { "type": "Point", "coordinates": [ 2.304339, 48.879401 ] } },
{ "type": "Feature", "properties": { "start_date": "1903-01-31", "end_date": "2028-12-02", "name": "Couronnes", "lines": [ "Ligne 2" ], "color": "#003CA6", "planned": false, "lineage": "Couronnes" }, "geometry": { "type": "Point", "coordinates": [ 2.379861, 48.869521 ] } },
{ "type": "Feature", "properties": { "start_date": "1973-09-24", "end_date": "2027-09-01", "name": "Créteil - L'Échat", "lines": [ "Ligne 8" ], "color": "#E19BDF", "planned": false, "lineage": "Créteil - L'Échat" }, "geometry": { "type": "Point", "coordinates": [ 2.449355721, 48.79596297 ] } },
{ "type": "Feature", "properties": { "start_date": "2027-09-01", "end_date": "2028-12-02", "name": "Créteil - L'Échat", "lines": [ "Ligne 15", "Ligne 8" ], "color": "#D8D8B9", "planned": false, "lineage": "Créteil - L'Échat" }, "geometry": { "type": "Point", "coordinates": [ 2.449355721, 48.79596297 ] } },
{ "type": "Feature", "properties": { "start_date": "1974-09-10", "end_date": "2028-12-02", "name": "Créteil - Préfecture", "lines": [ "Ligne 8" ], "color": "#E19BDF", "planned": false, "lineage": "Créteil - Préfecture" }, "geometry": { "type": "Point", "coordinates": [ 2.459317446, 48.77977215 ] } },
{ "type": "Feature", "properties": { "start_date": "1974-09-10", "end_date": "2028-12-02", "name": "Créteil - Université", "lines": [ "Ligne 8" ], "color": "#E19BDF", "planned": false, "lineage": "Créteil - Université" }, "geometry": { "type": "Point", "coordinates": [ 2.450785339, 48.78975375 ] } },
{ "type": "Feature", "properties": { "start_date": "1910-11-05", "end_date": "2028-12-02", "name": "Crimée", "lines": [ "Ligne 7" ], "color": "#FA9ABA", "planned": false, "lineage": "Crimée" }, "geometry": { "type": "Point", "coordinates": [ 2.377377, 48.89142 ] } },
{ "type": "Feature", "properties": { "start_date": "1937-10-14", "end_date": "2028-12-02", "name": "Croix de Chavaux", "lines": [ "Ligne 9" ], "color": "#B6BD00", "planned": false, "lineage": "Croix de Chavaux" }, "geometry": { "type": "Point", "coordinates": [ 2.435764, 48.858055 ] } },
{ "type": "Feature", "properties": { "start_date": "1923-12-30", "end_date": "1939-09-03", "name": "Croix-Rouge", "lines": [ "Ligne 10" ], "color": "#C9910D", "planned": false, "lineage": "Croix-Rouge" }, "geometry": { "type": "Point", "coordinates": [ 2.329503894, 48.8518943 ] } },
{ "type": "Feature", "properties": { "start_date": "1911-01-18", "end_date": "1967-12-03", "name": "Danube", "lines": [ "Ligne 7" ], "color": "#FA9ABA", "planned": false, "lineage": "Danube" }, "geometry": { "type": "Point", "coordinates": [ 2.394201458, 48.88180772 ] } },
{ "type": "Feature", "properties": { "start_date": "1967-12-03", "end_date": "2028-12-02", "name": "Danube", "lines": [ "Ligne 7 bis" ], "color": "#6ECA97", "planned": false, "lineage": "Danube" }, "geometry": { "type": "Point", "coordinates": [ 2.394201458, 48.88180772 ] } },
{ "type": "Feature", "properties": { "start_date": "1909-03-01", "end_date": "1931-05-05", "name": "Daumesnil", "lines": [ "Ligne 6" ], "color": "#6ECA97", "planned": false, "lineage": "Daumesnil" }, "geometry": { "type": "Point", "coordinates": [ 2.395792007, 48.8396443 ] } },
{ "type": "Feature", "properties": { "start_date": "1931-05-05", "end_date": "2028-12-02", "name": "Daumesnil", "lines": [ "Ligne 6", "Ligne 8" ], "color": "#D8D8B9", "planned": false, "lineage": "Daumesnil" }, "geometry": { "type": "Point", "coordinates": [ 2.395792007, 48.8396443 ] } },
{ "type": "Feature", "properties": { "start_date": "1906-04-24", "end_date": "1907-10-17", "name": "Denfert-Rochereau", "lines": [ "Ligne 2 Sud" ], "color": "#ab1f07", "planned": false, "lineage": "Denfert-Rochereau" }, "geometry": { "type": "Point", "coordinates": [ 2.332727909, 48.8339013 ] } },
{ "type": "Feature", "properties": { "start_date": "1907-10-17", "end_date": "1909-10-30", "name": "Denfert-Rochereau", "lines": [ "Ligne 5" ], "color": "#FF7E2E", "planned": false, "lineage": "Denfert-Rochereau" }, "geometry": { "type": "Point", "coordinates": [ 2.332727909, 48.8339013 ] } },
{ "type": "Feature", "properties": { "start_date": "1909-10-30", "end_date": "1942-10-06", "name": "Denfert-Rochereau", "lines": [ "Ligne 4", "Ligne 5" ], "color": "#D8D8B9", "planned": false, "lineage": "Denfert-Rochereau" }, "geometry": { "type": "Point", "coordinates": [ 2.332727909, 48.8339013 ] } },
{ "type": "Feature", "properties": { "start_date": "1942-10-06", "end_date": "2028-12-02", "name": "Denfert-Rochereau", "lines": [ "Ligne 4", "Ligne 6" ], "color": "#D8D8B9", "planned": false, "lineage": "Denfert-Rochereau" }, "geometry": { "type": "Point", "coordinates": [ 2.332727909, 48.8339013 ] } },
{ "type": "Feature", "properties": { "start_date": "1909-03-01", "end_date": "1939-07-12", "name": "Charenton", "lines": [ "Ligne 6" ], "color": "#6ECA97", "planned": false, "lineage": "Dugommier" }, "geometry": { "type": "Point", "coordinates": [ 2.389963567, 48.83904937 ] } },
{ "type": "Feature", "properties": { "start_date": "1939-07-12", "end_date": "2028-12-02", "name": "Dugommier", "lines": [ "Ligne 6" ], "color": "#6ECA97", "planned": false, "lineage": "Dugommier" }, "geometry": { "type": "Point", "coordinates": [ 2.389963567, 48.83904937 ] } },
{ "type": "Feature", "properties": { "start_date": "1906-04-24", "end_date": "1907-10-17", "name": "Dupleix", "lines": [ "Ligne 2 Sud" ], "color": "#ab1f07", "planned": false, "lineage": "Dupleix" }, "geometry": { "type": "Point", "coordinates": [ 2.293610573, 48.85039234 ] } },
{ "type": "Feature", "properties": { "start_date": "1907-10-17", "end_date": "1942-10-06", "name": "Dupleix", "lines": [ "Ligne 5" ], "color": "#FF7E2E", "planned": false, "lineage": "Dupleix" }, "geometry": { "type": "Point", "coordinates": [ 2.293610573, 48.85039234 ] } },
{ "type": "Feature", "properties": { "start_date": "1942-10-06", "end_date": "2028-12-02", "name": "Dupleix", "lines": [ "Ligne 6" ], "color": "#6ECA97", "planned": false, "lineage": "Dupleix" }, "geometry": { "type": "Point", "coordinates": [ 2.293610573, 48.85039234 ] } },
{ "type": "Feature", "properties": { "start_date": "1923-12-30", "end_date": "1937-07-27", "name": "Duroc", "lines": [ "Ligne 10" ], "color": "#C9910D", "planned": false, "lineage": "Duroc" }, "geometry": { "type": "Point", "coordinates": [ 2.316479087, 48.84682874 ] } },
{ "type": "Feature", "properties": { "start_date": "1937-07-27", "end_date": "1976-11-09", "name": "Duroc", "lines": [ "Ligne 10", "Ligne 14 (ancienne)" ], "color": "#D8D8B9", "planned": false, "lineage": "Duroc" }, "geometry": { "type": "Point", "coordinates": [ 2.316479087, 48.84682874 ] } },
{ "type": "Feature", "properties": { "start_date": "1976-11-09", "end_date": "2028-12-02", "name": "Duroc", "lines": [ "Ligne 10", "Ligne 13" ], "color": "#D8D8B9", "planned": false, "lineage": "Duroc" }, "geometry": { "type": "Point", "coordinates": [ 2.316479087, 48.84682874 ] } },
{ "type": "Feature", "properties": { "start_date": "1913-07-13", "end_date": "2028-12-02", "name": "École Militaire", "lines": [ "Ligne 8" ], "color": "#E19BDF", "planned": false, "lineage": "École Militaire" }, "geometry": { "type": "Point", "coordinates": [ 2.306737304, 48.85510987 ] } },
{ "type": "Feature", "properties": { "start_date": "1970-09-19", "end_date": "1996-01-01", "name": "Maisons-Alfort - École Vétérinaire", "lines": [ "Ligne 8" ], "color": "#E19BDF", "planned": false, "lineage": "École vétérinaire de Maisons-Alfort" }, "geometry": { "type": "Point", "coordinates": [ 2.421881855, 48.81519006 ] } },
{ "type": "Feature", "properties": { "start_date": "1996-01-01", "end_date": "2028-12-02", "name": "École vétérinaire de Maisons-Alfort", "lines": [ "Ligne 8" ], "color": "#E19BDF", "planned": false, "lineage": "École vétérinaire de Maisons-Alfort" }, "geometry": { "type": "Point", "coordinates": [ 2.421881855, 48.81519006 ] } },
{ "type": "Feature", "properties": { "start_date": "1906-04-24", "end_date": "1907-10-17", "name": "Edgar Quinet", "lines": [ "Ligne 2 Sud" ], "color": "#ab1f07", "planned": false, "lineage": "Edgar Quinet" }, "geometry": { "type": "Point", "coordinates": [ 2.325083613, 48.84104773 ] } },
{ "type": "Feature", "properties": { "start_date": "1907-10-17", "end_date": "1942-10-06", "name": "Edgar Quinet", "lines": [ "Ligne 5" ], "color": "#FF7E2E", "planned": false, "lineage": "Edgar Quinet" }, "geometry": { "type": "Point", "coordinates": [ 2.325083613, 48.84104773 ] } },
{ "type": "Feature", "properties": { "start_date": "1942-10-06", "end_date": "2028-12-02", "name": "Edgar Quinet", "lines": [ "Ligne 6" ], "color": "#6ECA97", "planned": false, "lineage": "Edgar Quinet" }, "geometry": { "type": "Point", "coordinates": [ 2.325083613, 48.84104773 ] } },
{ "type": "Feature", "properties": { "start_date": "1913-09-30", "end_date": "1921-05-15", "name": "Wilhem", "lines": [ "Ligne 8" ], "color": "#E19BDF", "planned": false, "lineage": "Église d'Auteuil" }, "geometry": { "type": "Point", "coordinates": [ 2.269020081, 48.8471694 ] } },
{ "type": "Feature", "properties": { "start_date": "1921-05-15", "end_date": "1937-07-27", "name": "Église d'Auteuil", "lines": [ "Ligne 8" ], "color": "#E19BDF", "planned": false, "lineage": "Église d'Auteuil" }, "geometry": { "type": "Point", "coordinates": [ 2.269020081, 48.8471694 ] } },
{ "type": "Feature", "properties": { "start_date": "1937-07-27", "end_date": "2028-12-02", "name": "Église d'Auteuil", "lines": [ "Ligne 10" ], "color": "#C9910D", "planned": false, "lineage": "Église d'Auteuil" }, "geometry": { "type": "Point", "coordinates": [ 2.269020081, 48.8471694 ] } },
{ "type": "Feature", "properties": { "start_date": "1942-10-12", "end_date": "2028-12-02", "name": "Église de Pantin", "lines": [ "Ligne 5" ], "color": "#FF7E2E", "planned": false, "lineage": "Église de Pantin" }, "geometry": { "type": "Point", "coordinates": [ 2.412917912, 48.89362771 ] } },
{ "type": "Feature", "properties": { "start_date": "1992-04-01", "end_date": "2028-12-02", "name": "Esplanade de La Défense", "lines": [ "Ligne 1" ], "color": "#FFCD00", "planned": false, "lineage": "Esplanade de La Défense" }, "geometry": { "type": "Point", "coordinates": [ 2.250442325, 48.88784312 ] } },
{ "type": "Feature", "properties": { "start_date": "1908-04-21", "end_date": "2028-12-02", "name": "Étienne Marcel", "lines": [ "Ligne 4" ], "color": "#CF009E", "planned": false, "lineage": "Étienne Marcel" }, "geometry": { "type": "Point", "coordinates": [ 2.350607514, 48.86411131 ] } },
{ "type": "Feature", "properties": { "start_date": "1904-10-19", "end_date": "2028-12-02", "name": "Europe", "lines": [ "Ligne 3" ], "color": "#837902", "planned": false, "lineage": "Europe" }, "geometry": { "type": "Point", "coordinates": [ 2.32238, 48.878821 ] } },
{ "type": "Feature", "properties": { "start_date": "1922-11-08", "end_date": "2028-12-02", "name": "Exelmans", "lines": [ "Ligne 9" ], "color": "#B6BD00", "planned": false, "lineage": "Exelmans" }, "geometry": { "type": "Point", "coordinates": [ 2.259549201, 48.84240522 ] } },
{ "type": "Feature", "properties": { "start_date": "1931-05-05", "end_date": "2028-12-02", "name": "Faidherbe - Chaligny", "lines": [ "Ligne 8" ], "color": "#E19BDF", "planned": false, "lineage": "Faidherbe - Chaligny" }, "geometry": { "type": "Point", "coordinates": [ 2.38339752, 48.8501576 ] } },
{ "type": "Feature", "properties": { "start_date": "1910-11-05", "end_date": "1931-03-27", "name": "Falguière", "lines": [ "Ligne A" ], "color": "#2b5439", "planned": false, "lineage": "Falguière" }, "geometry": { "type": "Point", "coordinates": [ 2.317954, 48.84449 ] } },
{ "type": "Feature", "properties": { "start_date": "1931-03-27", "end_date": "2028-12-02", "name": "Falguière", "lines": [ "Ligne 12" ], "color": "#007852", "planned": false, "lineage": "Falguière" }, "geometry": { "type": "Point", "coordinates": [ 2.317954, 48.84449 ] } },
{ "type": "Feature", "properties": { "start_date": "1937-07-27", "end_date": "2028-12-02", "name": "Félix Faure", "lines": [ "Ligne 8" ], "color": "#E19BDF", "planned": false, "lineage": "Félix Faure" }, "geometry": { "type": "Point", "coordinates": [ 2.291004, 48.842351 ] } },
{ "type": "Feature", "properties": { "start_date": "1931-05-05", "end_date": "2028-12-02", "name": "Filles du Calvaire", "lines": [ "Ligne 8" ], "color": "#E19BDF", "planned": false, "lineage": "Filles du Calvaire" }, "geometry": { "type": "Point", "coordinates": [ 2.366121411, 48.86407249 ] } },
{ "type": "Feature", "properties": { "start_date": "1979-10-04", "end_date": "2028-12-02", "name": "Fort d'Aubervilliers", "lines": [ "Ligne 7" ], "color": "#FA9ABA", "planned": false, "lineage": "Fort d'Aubervilliers" }, "geometry": { "type": "Point", "coordinates": [ 2.40378499, 48.91423986 ] } },
{ "type": "Feature", "properties": { "start_date": "1900-07-19", "end_date": "1942-10-06", "name": "Marbeuf", "lines": [ "Ligne 1" ], "color": "#FFCD00", "planned": false, "lineage": "Marbeuf" }, "geometry": { "type": "Point", "coordinates": [ 2.30772, 48.869712 ] } },
{ "type": "Feature", "properties": { "start_date": "1923-05-27", "end_date": "1942-10-06", "name": "Rond-point des Champs-Élysées", "lines": [ "Ligne 9" ], "color": "#B6BD00", "planned": false, "lineage": "Rond-point des Champs-Élysées" }, "geometry": { "type": "Point", "coordinates": [ 2.309191, 48.868507 ] } },
{ "type": "Feature", "properties": { "start_date": "2012-12-18", "end_date": "2028-12-02", "name": "Front Populaire", "lines": [ "Ligne 12" ], "color": "#007852", "planned": false, "lineage": "Front Populaire" }, "geometry": { "type": "Point", "coordinates": [ 2.365793764, 48.90689109 ] } },
{ "type": "Feature", "properties": { "start_date": "1980-05-03", "end_date": "2008-06-14", "name": "Gabriel Péri - Asnières - Gennevilliers", "lines": [ "Ligne 13" ], "color": "#6EC4E8", "planned": false, "lineage": "Gabriel Péri" }, "geometry": { "type": "Point", "coordinates": [ 2.294388413, 48.91657541 ] } },
{ "type": "Feature", "properties": { "start_date": "2008-06-14", "end_date": "2028-12-02", "name": "Gabriel Péri", "lines": [ "Ligne 13" ], "color": "#6EC4E8", "planned": false, "lineage": "Gabriel Péri" }, "geometry": { "type": "Point", "coordinates": [ 2.294388413, 48.91657541 ] } },
{ "type": "Feature", "properties": { "start_date": "1937-01-21", "end_date": "1976-11-09", "name": "Gaîté", "lines": [ "Ligne 14 (ancienne)" ], "color": "#135e12", "planned": false, "lineage": "Gaîté" }, "geometry": { "type": "Point", "coordinates": [ 2.322637439, 48.83865393 ] } },
{ "type": "Feature", "properties": { "start_date": "1976-11-09", "end_date": "2028-12-02", "name": "Gaîté", "lines": [ "Ligne 13" ], "color": "#6EC4E8", "planned": false, "lineage": "Gaîté" }, "geometry": { "type": "Point", "coordinates": [ 2.322637439, 48.83865393 ] } },
{ "type": "Feature", "properties": { "start_date": "1971-04-02", "end_date": "2028-12-02", "name": "Gallieni", "lines": [ "Ligne 3" ], "color": "#837902", "planned": false, "lineage": "Gallieni" }, "geometry": { "type": "Point", "coordinates": [ 2.416637, 48.864936 ] } },
{ "type": "Feature", "properties": { "start_date": "1905-01-25", "end_date": "1971-03-27", "name": "Gambetta", "lines": [ "Ligne 3" ], "color": "#837902", "planned": false, "lineage": "Gambetta" }, "geometry": { "type": "Point", "coordinates": [ 2.398451, 48.864947 ] } },
{ "type": "Feature", "properties": { "start_date": "1971-03-27", "end_date": "2028-12-02", "name": "Gambetta", "lines": [ "Ligne 3", "Ligne 3 bis" ], "color": "#D8D8B9", "planned": false, "lineage": "Gambetta" }, "geometry": { "type": "Point", "coordinates": [ 2.398451, 48.864947 ] } },
{ "type": "Feature", "properties": { "start_date": "1906-06-02", "end_date": "1930-10-15", "name": "Gare d'Orléans", "lines": [ "Ligne 5" ], "color": "#FF7E2E", "planned": false, "lineage": "Gare d'Austerlitz" }, "geometry": { "type": "Point", "coordinates": [ 2.364970744, 48.84262588 ] } },
{ "type": "Feature", "properties": { "start_date": "1930-10-15", "end_date": "1939-07-12", "name": "Gare d'Orléans - Austerlitz", "lines": [ "Ligne 5" ], "color": "#FF7E2E", "planned": false, "lineage": "Gare d'Austerlitz" }, "geometry": { "type": "Point", "coordinates": [ 2.364970744, 48.84262588 ] } },
{ "type": "Feature", "properties": { "start_date": "1939-07-12", "end_date": "1985-04-25", "name": "Gare d'Orléans - Austerlitz", "lines": [ "Ligne 10", "Ligne 5" ], "color": "#D8D8B9", "planned": false, "lineage": "Gare d'Austerlitz" }, "geometry": { "type": "Point", "coordinates": [ 2.364970744, 48.84262588 ] } },
{ "type": "Feature", "properties": { "start_date": "1985-04-25", "end_date": "2028-12-02", "name": "Gare d'Austerlitz", "lines": [ "Ligne 10", "Ligne 5" ], "color": "#D8D8B9", "planned": false, "lineage": "Gare d'Austerlitz" }, "geometry": { "type": "Point", "coordinates": [ 2.364970744, 48.84262588 ] } },
{ "type": "Feature", "properties": { "start_date": "1907-11-15", "end_date": "1908-04-21", "name": "Gare de l'Est", "lines": [ "Ligne 5" ], "color": "#FF7E2E", "planned": false, "lineage": "Gare de l'Est" }, "geometry": { "type": "Point", "coordinates": [ 2.358278632, 48.87614188 ] } },
{ "type": "Feature", "properties": { "start_date": "1908-04-21", "end_date": "1910-11-05", "name": "Gare de l'Est", "lines": [ "Ligne 4", "Ligne 5" ], "color": "#D8D8B9", "planned": false, "lineage": "Gare de l'Est" }, "geometry": { "type": "Point", "coordinates": [ 2.358278632, 48.87614188 ] } },
{ "type": "Feature", "properties": { "start_date": "1910-11-05", "end_date": "1953-06-21", "name": "Gare de l'Est", "lines": [ "Ligne 4", "Ligne 5", "Ligne 7" ], "color": "#D8D8B9", "planned": false, "lineage": "Gare de l'Est" }, "geometry": { "type": "Point", "coordinates": [ 2.358278632, 48.87614188 ] } },
{ "type": "Feature", "properties": { "start_date": "1953-06-21", "end_date": "2028-12-02", "name": "Gare de l'Est - Verdun", "lines": [ "Ligne 4", "Ligne 5", "Ligne 7" ], "color": "#D8D8B9", "planned": false, "lineage": "Gare de l'Est" }, "geometry": { "type": "Point", "coordinates": [ 2.358278632, 48.87614188 ] } },
{ "type": "Feature", "properties": { "start_date": "1900-07-19", "end_date": "1906-08-01", "name": "Gare de Lyon", "lines": [ "Ligne 1" ], "color": "#FFCD00", "planned": false, "lineage": "Gare de Lyon" }, "geometry": { "type": "Point", "coordinates": [ 2.374065908, 48.84470455 ] } },
{ "type": "Feature", "properties": { "start_date": "1906-08-01", "end_date": "1906-12-17", "name": "Gare de Lyon", "lines": [ "Ligne 1", "Ligne 5" ], "color": "#D8D8B9", "planned": false, "lineage": "Gare de Lyon" }, "geometry": { "type": "Point", "coordinates": [ 2.374065908, 48.84470455 ] } },
{ "type": "Feature", "properties": { "start_date": "1906-12-17", "end_date": "1998-10-15", "name": "Gare de Lyon", "lines": [ "Ligne 1" ], "color": "#FFCD00", "planned": false, "lineage": "Gare de Lyon" }, "geometry": { "type": "Point", "coordinates": [ 2.374065908, 48.84470455 ] } },
{ "type": "Feature", "properties": { "start_date": "1998-10-15", "end_date": "2028-12-02", "name": "Gare de Lyon", "lines": [ "Ligne 1", "Ligne 14" ], "color": "#D8D8B9", "planned": false, "lineage": "Gare de Lyon" }, "geometry": { "type": "Point", "coordinates": [ 2.374065908, 48.84470455 ] } },
{ "type": "Feature", "properties": { "start_date": "1907-11-15", "end_date": "1908-04-21", "name": "Gare du Nord", "lines": [ "Ligne 5" ], "color": "#FF7E2E", "planned": false, "lineage": "Gare du Nord" }, "geometry": { "type": "Point", "coordinates": [ 2.354931235, 48.88057476 ] } },
{ "type": "Feature", "properties": { "start_date": "1908-04-21", "end_date": "2028-12-02", "name": "Gare du Nord", "lines": [ "Ligne 4", "Ligne 5" ], "color": "#D8D8B9", "planned": false, "lineage": "Gare du Nord" }, "geometry": { "type": "Point", "coordinates": [ 2.354931235, 48.88057476 ] } },
{ "type": "Feature", "properties": { "start_date": "1952-06-30", "end_date": "2028-12-02", "name": "Garibaldi", "lines": [ "Ligne 13" ], "color": "#6EC4E8", "planned": false, "lineage": "Garibaldi" }, "geometry": { "type": "Point", "coordinates": [ 2.331907153, 48.90639693 ] } },
{ "type": "Feature", "properties": { "start_date": "1900-08-13", "end_date": "1920-05-27", "name": "Alma", "lines": [ "Ligne 1" ], "color": "#FFCD00", "planned": false, "lineage": "George V" }, "geometry": { "type": "Point", "coordinates": [ 2.300462683, 48.87198257 ] } },
{ "type": "Feature", "properties": { "start_date": "1920-05-27", "end_date": "2028-12-02", "name": "George V", "lines": [ "Ligne 1" ], "color": "#FFCD00", "planned": false, "lineage": "George V" }, "geometry": { "type": "Point", "coordinates": [ 2.300462683, 48.87198257 ] } },
{ "type": "Feature", "properties": { "start_date": "1906-04-24", "end_date": "1907-10-17", "name": "Glacière", "lines": [ "Ligne 2 Sud" ], "color": "#ab1f07", "planned": false, "lineage": "Glacière" }, "geometry": { "type": "Point", "coordinates": [ 2.343384326, 48.8311505 ] } },
{ "type": "Feature", "properties": { "start_date": "1907-10-17", "end_date": "1942-10-06", "name": "Glacière", "lines": [ "Ligne 5" ], "color": "#FF7E2E", "planned": false, "lineage": "Glacière" }, "geometry": { "type": "Point", "coordinates": [ 2.343384326, 48.8311505 ] } },
{ "type": "Feature", "properties": { "start_date": "1942-10-06", "end_date": "2028-12-02", "name": "Glacière", "lines": [ "Ligne 6" ], "color": "#6ECA97", "planned": false, "lineage": "Glacière" }, "geometry": { "type": "Point", "coordinates": [ 2.343384326, 48.8311505 ] } },
{ "type": "Feature", "properties": { "start_date": "1935-04-28", "end_date": "2028-12-02", "name": "Goncourt", "lines": [ "Ligne 11" ], "color": "#704B1C", "planned": false, "lineage": "Goncourt" }, "geometry": { "type": "Point", "coordinates": [ 2.370686531, 48.86983144 ] } },
{ "type": "Feature", "properties": { "start_date": "1931-05-05", "end_date": "1933-12-10", "name": "Rue Montmartre", "lines": [ "Ligne 8" ], "color": "#E19BDF", "planned": false, "lineage": "Grands Boulevards" }, "geometry": { "type": "Point", "coordinates": [ 2.344341874, 48.87142633 ] } },
{ "type": "Feature", "properties": { "start_date": "1933-12-10", "end_date": "1998-09-01", "name": "Rue Montmartre", "lines": [ "Ligne 8", "Ligne 9" ], "color": "#D8D8B9", "planned": false, "lineage": "Grands Boulevards" }, "geometry": { "type": "Point", "coordinates": [ 2.344341874, 48.87142633 ] } },
{ "type": "Feature", "properties": { "start_date": "1998-09-01", "end_date": "2028-12-02", "name": "Grands Boulevards", "lines": [ "Ligne 8", "Ligne 9" ], "color": "#D8D8B9", "planned": false, "lineage": "Grands Boulevards" }, "geometry": { "type": "Point", "coordinates": [ 2.344341874, 48.87142633 ] } },
{ "type": "Feature", "properties": { "start_date": "1911-02-26", "end_date": "1912-01-01", "name": "Marcadet", "lines": [ "Ligne B" ], "color": "#1891c4", "planned": false, "lineage": "Guy Môquet" }, "geometry": { "type": "Point", "coordinates": [ 2.327174, 48.892221 ] } },
{ "type": "Feature", "properties": { "start_date": "1912-01-01", "end_date": "1931-03-27", "name": "Marcadet - Balagny", "lines": [ "Ligne B" ], "color": "#1891c4", "planned": false, "lineage": "Guy Môquet" }, "geometry": { "type": "Point", "coordinates": [ 2.327174, 48.892221 ] } },
{ "type": "Feature", "properties": { "start_date": "1931-03-27", "end_date": "1946-01-27", "name": "Marcadet - Balagny", "lines": [ "Ligne 13" ], "color": "#6EC4E8", "planned": false, "lineage": "Guy Môquet" }, "geometry": { "type": "Point", "coordinates": [ 2.327174, 48.892221 ] } },
{ "type": "Feature", "properties": { "start_date": "1946-01-27", "end_date": "2028-12-02", "name": "Guy Môquet", "lines": [ "Ligne 13" ], "color": "#6EC4E8", "planned": false, "lineage": "Guy Môquet" }, "geometry": { "type": "Point", "coordinates": [ 2.327174, 48.892221 ] } },
{ "type": "Feature", "properties": { "start_date": "1904-10-19", "end_date": "1923-06-03", "name": "Caumartin", "lines": [ "Ligne 3" ], "color": "#837902", "planned": false, "lineage": "Havre - Caumartin" }, "geometry": { "type": "Point", "coordinates": [ 2.328325, 48.873608 ] } },
{ "type": "Feature", "properties": { "start_date": "1923-06-03", "end_date": "1926-01-01", "name": "Caumartin", "lines": [ "Ligne 3", "Ligne 9" ], "color": "#D8D8B9", "planned": false, "lineage": "Havre - Caumartin" }, "geometry": { "type": "Point", "coordinates": [ 2.328325, 48.873608 ] } },
{ "type": "Feature", "properties": { "start_date": "1926-01-01", "end_date": "2028-12-02", "name": "Havre - Caumartin", "lines": [ "Ligne 3", "Ligne 9" ], "color": "#D8D8B9", "planned": false, "lineage": "Havre - Caumartin" }, "geometry": { "type": "Point", "coordinates": [ 2.328325, 48.873608 ] } },
{ "type": "Feature", "properties": { "start_date": "1942-10-12", "end_date": "2028-12-02", "name": "Hoche", "lines": [ "Ligne 5" ], "color": "#FF7E2E", "planned": false, "lineage": "Hoche" }, "geometry": { "type": "Point", "coordinates": [ 2.403143942, 48.89149389 ] } },
{ "type": "Feature", "properties": { "start_date": "1900-07-19", "end_date": "1935-04-28", "name": "Hôtel de Ville", "lines": [ "Ligne 1" ], "color": "#FFCD00", "planned": false, "lineage": "Hôtel de Ville" }, "geometry": { "type": "Point", "coordinates": [ 2.35149454, 48.85676953 ] } },
{ "type": "Feature", "properties": { "start_date": "1935-04-28", "end_date": "2028-12-02", "name": "Hôtel de Ville", "lines": [ "Ligne 1", "Ligne 11" ], "color": "#D8D8B9", "planned": false, "lineage": "Hôtel de Ville" }, "geometry": { "type": "Point", "coordinates": [ 2.35149454, 48.85676953 ] } },
{ "type": "Feature", "properties": { "start_date": "1923-05-27", "end_date": "2028-12-02", "name": "Iéna", "lines": [ "Ligne 9" ], "color": "#B6BD00", "planned": false, "lineage": "Iéna" }, "geometry": { "type": "Point", "coordinates": [ 2.293379903, 48.86446597 ] } },
{ "type": "Feature", "properties": { "start_date": "1913-12-24", "end_date": "1923-12-30", "name": "Invalides", "lines": [ "Ligne 8" ], "color": "#E19BDF", "planned": false, "lineage": "Invalides" }, "geometry": { "type": "Point", "coordinates": [ 2.314457, 48.860907 ] } },
{ "type": "Feature", "properties": { "start_date": "1923-12-30", "end_date": "1937-07-27", "name": "Invalides", "lines": [ "Ligne 10", "Ligne 8" ], "color": "#D8D8B9", "planned": false, "lineage": "Invalides" }, "geometry": { "type": "Point", "coordinates": [ 2.314457, 48.860907 ] } },
{ "type": "Feature", "properties": { "start_date": "1937-07-27", "end_date": "1976-11-09", "name": "Invalides", "lines": [ "Ligne 14 (ancienne)", "Ligne 8" ], "color": "#D8D8B9", "planned": false, "lineage": "Invalides" }, "geometry": { "type": "Point", "coordinates": [ 2.314457, 48.860907 ] } },
{ "type": "Feature", "properties": { "start_date": "1976-11-09", "end_date": "2028-12-02", "name": "Invalides", "lines": [ "Ligne 13", "Ligne 8" ], "color": "#D8D8B9", "planned": false, "lineage": "Invalides" }, "geometry": { "type": "Point", "coordinates": [ 2.314457, 48.860907 ] } },
{ "type": "Feature", "properties": { "start_date": "1906-12-17", "end_date": "1946-02-10", "name": "Lancry", "lines": [ "Ligne 5" ], "color": "#FF7E2E", "planned": false, "lineage": "Jacques Bonsergent" }, "geometry": { "type": "Point", "coordinates": [ 2.36060679, 48.8712005 ] } },
{ "type": "Feature", "properties": { "start_date": "1946-02-10", "end_date": "2028-12-02", "name": "Jacques Bonsergent", "lines": [ "Ligne 5" ], "color": "#FF7E2E", "planned": false, "lineage": "Jacques Bonsergent" }, "geometry": { "type": "Point", "coordinates": [ 2.36060679, 48.8712005 ] } },
{ "type": "Feature", "properties": { "start_date": "1922-11-08", "end_date": "2028-12-02", "name": "Jasmin", "lines": [ "Ligne 9" ], "color": "#B6BD00", "planned": false, "lineage": "Jasmin" }, "geometry": { "type": "Point", "coordinates": [ 2.267856002, 48.85189783 ] } },
{ "type": "Feature", "properties": { "start_date": "1903-02-23", "end_date": "1911-01-18", "name": "Rue d'Allemagne", "lines": [ "Ligne 2" ], "color": "#003CA6", "planned": false, "lineage": "Jaurès" }, "geometry": { "type": "Point", "coordinates": [ 2.370198369, 48.88179008 ] } },
{ "type": "Feature", "properties": { "start_date": "1911-01-18", "end_date": "1914-08-01", "name": "Rue d'Allemagne", "lines": [ "Ligne 2", "Ligne 7" ], "color": "#D8D8B9", "planned": false, "lineage": "Jaurès" }, "geometry": { "type": "Point", "coordinates": [ 2.370198369, 48.88179008 ] } },
{ "type": "Feature", "properties": { "start_date": "1914-08-01", "end_date": "1942-10-12", "name": "Jaurès", "lines": [ "Ligne 2", "Ligne 7" ], "color": "#D8D8B9", "planned": false, "lineage": "Jaurès" }, "geometry": { "type": "Point", "coordinates": [ 2.370198369, 48.88179008 ] } },
{ "type": "Feature", "properties": { "start_date": "1942-10-12", "end_date": "1967-12-03", "name": "Jaurès", "lines": [ "Ligne 2", "Ligne 5", "Ligne 7" ], "color": "#D8D8B9", "planned": false, "lineage": "Jaurès" }, "geometry": { "type": "Point", "coordinates": [ 2.370198369, 48.88179008 ] } },
{ "type": "Feature", "properties": { "start_date": "1967-12-03", "end_date": "2028-12-02", "name": "Jaurès", "lines": [ "Ligne 2", "Ligne 5", "Ligne 7 bis" ], "color": "#D8D8B9", "planned": false, "lineage": "Jaurès" }, "geometry": { "type": "Point", "coordinates": [ 2.370198369, 48.88179008 ] } },
{ "type": "Feature", "properties": { "start_date": "1913-09-30", "end_date": "1937-07-27", "name": "Javel - André Citroën", "lines": [ "Ligne 8" ], "color": "#E19BDF", "planned": false, "lineage": "Javel - André Citroën" }, "geometry": { "type": "Point", "coordinates": [ 2.278716266, 48.84616506 ] } },
{ "type": "Feature", "properties": { "start_date": "1937-07-27", "end_date": "2028-12-02", "name": "Javel - André Citroën", "lines": [ "Ligne 10" ], "color": "#C9910D", "planned": false, "lineage": "Javel - André Citroën" }, "geometry": { "type": "Point", "coordinates": [ 2.278716266, 48.84616506 ] } },
{ "type": "Feature", "properties": { "start_date": "1935-04-28", "end_date": "2028-12-02", "name": "Jourdain", "lines": [ "Ligne 11" ], "color": "#704B1C", "planned": false, "lineage": "Jourdain" }, "geometry": { "type": "Point", "coordinates": [ 2.389507592, 48.87519986 ] } },
{ "type": "Feature", "properties": { "start_date": "1912-10-31", "end_date": "1931-03-27", "name": "Jules Joffrin", "lines": [ "Ligne A" ], "color": "#2b5439", "planned": false, "lineage": "Jules Joffrin" }, "geometry": { "type": "Point", "coordinates": [ 2.344781756, 48.89243737 ] } },
{ "type": "Feature", "properties": { "start_date": "1931-03-27", "end_date": "2028-12-02", "name": "Jules Joffrin", "lines": [ "Ligne 12" ], "color": "#007852", "planned": false, "lineage": "Jules Joffrin" }, "geometry": { "type": "Point", "coordinates": [ 2.344781756, 48.89243737 ] } },
{ "type": "Feature", "properties": { "start_date": "1931-04-26", "end_date": "2028-12-02", "name": "Jussieu", "lines": [ "Ligne 10", "Ligne 7" ], "color": "#D8D8B9", "planned": false, "lineage": "Jussieu" }, "geometry": { "type": "Point", "coordinates": [ 2.355738, 48.846052 ] } },
{ "type": "Feature", "properties": { "start_date": "1900-10-02", "end_date": "1903-11-05", "name": "Kléber", "lines": [ "Ligne 1" ], "color": "#FFCD00", "planned": false, "lineage": "Kléber" }, "geometry": { "type": "Point", "coordinates": [ 2.293118, 48.871138 ] } },
{ "type": "Feature", "properties": { "start_date": "1903-11-05", "end_date": "1907-10-17", "name": "Kléber", "lines": [ "Ligne 2 Sud" ], "color": "#ab1f07", "planned": false, "lineage": "Kléber" }, "geometry": { "type": "Point", "coordinates": [ 2.293118, 48.871138 ] } },
{ "type": "Feature", "properties": { "start_date": "1907-10-17", "end_date": "1942-10-06", "name": "Kléber", "lines": [ "Ligne 5" ], "color": "#FF7E2E", "planned": false, "lineage": "Kléber" }, "geometry": { "type": "Point", "coordinates": [ 2.293118, 48.871138 ] } },
{ "type": "Feature", "properties": { "start_date": "1942-10-06", "end_date": "2028-12-02", "name": "Kléber", "lines": [ "Ligne 6" ], "color": "#6ECA97", "planned": false, "lineage": "Kléber" }, "geometry": { "type": "Point", "coordinates": [ 2.293118, 48.871138 ] } },
{ "type": "Feature", "properties": { "start_date": "1903-01-31", "end_date": "2028-12-02", "name": "La Chapelle", "lines": [ "Ligne 2" ], "color": "#003CA6", "planned": false, "lineage": "La Chapelle" }, "geometry": { "type": "Point", "coordinates": [ 2.360287607, 48.88441111 ] } },
{ "type": "Feature", "properties": { "start_date": "1987-05-06", "end_date": "2028-12-02", "name": "La Courneuve - 8 Mai 1945", "lines": [ "Ligne 7" ], "color": "#FA9ABA", "planned": false, "lineage": "La Courneuve - 8 Mai 1945" }, "geometry": { "type": "Point", "coordinates": [ 2.410668, 48.920777 ] } },
{ "type": "Feature", "properties": { "start_date": "1992-04-01", "end_date": "1997-01-01", "name": "Grande Arche de la Défense", "lines": [ "Ligne 1" ], "color": "#FFCD00", "planned": false, "lineage": "La Défense" }, "geometry": { "type": "Point", "coordinates": [ 2.237882798, 48.89193447 ] } },
{ "type": "Feature", "properties": { "start_date": "1997-01-01", "end_date": "2028-12-02", "name": "La Défense", "lines": [ "Ligne 1" ], "color": "#FFCD00", "planned": false, "lineage": "La Défense" }, "geometry": { "type": "Point", "coordinates": [ 2.237882798, 48.89193447 ] } },
{ "type": "Feature", "properties": { "start_date": "1911-02-26", "end_date": "1931-03-27", "name": "La Fourche", "lines": [ "Ligne B" ], "color": "#1891c4", "planned": false, "lineage": "La Fourche" }, "geometry": { "type": "Point", "coordinates": [ 2.325875, 48.8869 ] } },
{ "type": "Feature", "properties": { "start_date": "1931-03-27", "end_date": "2028-12-02", "name": "La Fourche", "lines": [ "Ligne 13" ], "color": "#6EC4E8", "planned": false, "lineage": "La Fourche" }, "geometry": { "type": "Point", "coordinates": [ 2.325875, 48.8869 ] } },
{ "type": "Feature", "properties": { "start_date": "1906-04-24", "end_date": "1907-10-17", "name": "La Motte-Picquet", "lines": [ "Ligne 2 Sud" ], "color": "#ab1f07", "planned": false, "lineage": "La Motte-Picquet - Grenelle" }, "geometry": { "type": "Point", "coordinates": [ 2.298089862, 48.84914273 ] } },
{ "type": "Feature", "properties": { "start_date": "1907-10-17", "end_date": "1913-07-13", "name": "La Motte-Picquet", "lines": [ "Ligne 5" ], "color": "#FF7E2E", "planned": false, "lineage": "La Motte-Picquet - Grenelle" }, "geometry": { "type": "Point", "coordinates": [ 2.298089862, 48.84914273 ] } },
{ "type": "Feature", "properties": { "start_date": "1913-07-13", "end_date": "1913-11-01", "name": "La Motte-Picquet", "lines": [ "Ligne 5", "Ligne 8" ], "color": "#D8D8B9", "planned": false, "lineage": "La Motte-Picquet - Grenelle" }, "geometry": { "type": "Point", "coordinates": [ 2.298089862, 48.84914273 ] } },
{ "type": "Feature", "properties": { "start_date": "1913-11-01", "end_date": "1937-07-27", "name": "La Motte-Picquet - Grenelle", "lines": [ "Ligne 5", "Ligne 8" ], "color": "#D8D8B9", "planned": false, "lineage": "La Motte-Picquet - Grenelle" }, "geometry": { "type": "Point", "coordinates": [ 2.298089862, 48.84914273 ] } },
{ "type": "Feature", "properties": { "start_date": "1937-07-27", "end_date": "1942-10-06", "name": "La Motte-Picquet - Grenelle", "lines": [ "Ligne 10", "Ligne 5", "Ligne 8" ], "color": "#D8D8B9", "planned": false, "lineage": "La Motte-Picquet - Grenelle" }, "geometry": { "type": "Point", "coordinates": [ 2.298089862, 48.84914273 ] } },
{ "type": "Feature", "properties": { "start_date": "1942-10-06", "end_date": "2028-12-02", "name": "La Motte-Picquet - Grenelle", "lines": [ "Ligne 10", "Ligne 6", "Ligne 8" ], "color": "#D8D8B9", "planned": false, "lineage": "La Motte-Picquet - Grenelle" }, "geometry": { "type": "Point", "coordinates": [ 2.298089862, 48.84914273 ] } },
{ "type": "Feature", "properties": { "start_date": "1922-11-08", "end_date": "2028-12-02", "name": "La Muette", "lines": [ "Ligne 9" ], "color": "#B6BD00", "planned": false, "lineage": "La Muette" }, "geometry": { "type": "Point", "coordinates": [ 2.273719311, 48.85771818 ] } },
{ "type": "Feature", "properties": { "start_date": "1913-07-13", "end_date": "2028-12-02", "name": "La Tour-Maubourg", "lines": [ "Ligne 8" ], "color": "#E19BDF", "planned": false, "lineage": "La Tour-Maubourg" }, "geometry": { "type": "Point", "coordinates": [ 2.310398519, 48.857667 ] } },
{ "type": "Feature", "properties": { "start_date": "1912-10-31", "end_date": "1931-03-27", "name": "Lamarck - Caulaincourt", "lines": [ "Ligne A" ], "color": "#2b5439", "planned": false, "lineage": "Lamarck - Caulaincourt" }, "geometry": { "type": "Point", "coordinates": [ 2.338693, 48.889849 ] } },
{ "type": "Feature", "properties": { "start_date": "1931-03-27", "end_date": "2028-12-02", "name": "Lamarck - Caulaincourt", "lines": [ "Ligne 12" ], "color": "#007852", "planned": false, "lineage": "Lamarck - Caulaincourt" }, "geometry": { "type": "Point", "coordinates": [ 2.338693, 48.889849 ] } },
{ "type": "Feature", "properties": { "start_date": "1942-10-12", "end_date": "2028-12-02", "name": "Laumière", "lines": [ "Ligne 5" ], "color": "#FF7E2E", "planned": false, "lineage": "Laumière" }, "geometry": { "type": "Point", "coordinates": [ 2.378524, 48.885006 ] } },
{ "type": "Feature", "properties": { "start_date": "1982-12-10", "end_date": "2028-12-02", "name": "Le Kremlin-Bicêtre", "lines": [ "Ligne 7" ], "color": "#FA9ABA", "planned": false, "lineage": "Le Kremlin-Bicêtre" }, "geometry": { "type": "Point", "coordinates": [ 2.361849, 48.810388 ] } },
{ "type": "Feature", "properties": { "start_date": "1911-06-06", "end_date": "2028-12-02", "name": "Le Peletier", "lines": [ "Ligne 7" ], "color": "#FA9ABA", "planned": false, "lineage": "Le Peletier" }, "geometry": { "type": "Point", "coordinates": [ 2.339548767, 48.87472003 ] } },
{ "type": "Feature", "properties": { "start_date": "1931-05-05", "end_date": "2028-12-02", "name": "Ledru-Rollin", "lines": [ "Ligne 8" ], "color": "#E19BDF", "planned": false, "lineage": "Ledru-Rollin" }, "geometry": { "type": "Point", "coordinates": [ 2.376121, 48.851346 ] } },
{ "type": "Feature", "properties": { "start_date": "2008-06-14", "end_date": "2028-12-02", "name": "Les Agnettes", "lines": [ "Ligne 13" ], "color": "#6EC4E8", "planned": false, "lineage": "Les Agnettes" }, "geometry": { "type": "Point", "coordinates": [ 2.285891175, 48.92303856 ] } },
{ "type": "Feature", "properties": { "start_date": "2008-06-14", "end_date": "2028-12-02", "name": "Les Courtilles", "lines": [ "Ligne 13" ], "color": "#6EC4E8", "planned": false, "lineage": "Les Courtilles" }, "geometry": { "type": "Point", "coordinates": [ 2.283788323, 48.93060576 ] } },
{ "type": "Feature", "properties": { "start_date": "1930-02-15", "end_date": "1931-04-26", "name": "Les Gobelins", "lines": [ "Ligne 10" ], "color": "#C9910D", "planned": false, "lineage": "Les Gobelins" }, "geometry": { "type": "Point", "coordinates": [ 2.35225, 48.8364 ] } },
{ "type": "Feature", "properties": { "start_date": "1931-04-26", "end_date": "2028-12-02", "name": "Les Gobelins", "lines": [ "Ligne 7" ], "color": "#FA9ABA", "planned": false, "lineage": "Les Gobelins" }, "geometry": { "type": "Point", "coordinates": [ 2.35225, 48.8364 ] } },
{ "type": "Feature", "properties": { "start_date": "1908-04-27", "end_date": "1977-10-03", "name": "Les Halles", "lines": [ "Ligne 4" ], "color": "#CF009E", "planned": false, "lineage": "Les Halles" }, "geometry": { "type": "Point", "coordinates": [ 2.345848, 48.86272 ] } },
{ "type": "Feature", "properties": { "start_date": "1977-10-03", "end_date": "1977-12-09", "name": "Les Halles", "lines": [ "Ligne 4" ], "color": "#CF009E", "planned": false, "lineage": "Les Halles" }, "geometry": { "type": "Point", "coordinates": [ 2.345972, 48.862396 ] } },
{ "type": "Feature", "properties": { "start_date": "1977-12-09", "end_date": "2028-12-02", "name": "Les Halles", "lines": [ "Couloirs", "Ligne 4" ], "color": "#D8D8B9", "planned": false, "lineage": "Les Halles" }, "geometry": { "type": "Point", "coordinates": [ 2.345972, 48.862396 ] } },
{ "type": "Feature", "properties": { "start_date": "1937-04-29", "end_date": "2028-12-02", "name": "Les Sablons", "lines": [ "Ligne 1" ], "color": "#FFCD00", "planned": false, "lineage": "Les Sablons" }, "geometry": { "type": "Point", "coordinates": [ 2.272539085, 48.8809018 ] } },
{ "type": "Feature", "properties": { "start_date": "1942-10-05", "end_date": "2028-12-02", "name": "Liberté", "lines": [ "Ligne 8" ], "color": "#E19BDF", "planned": false, "lineage": "Liberté" }, "geometry": { "type": "Point", "coordinates": [ 2.407022, 48.825882 ] } },
{ "type": "Feature", "properties": { "start_date": "1911-02-26", "end_date": "1914-01-08", "name": "Berlin", "lines": [ "Ligne B" ], "color": "#1891c4", "planned": false, "lineage": "Liège" }, "geometry": { "type": "Point", "coordinates": [ 2.326983, 48.879626 ] } },
{ "type": "Feature", "properties": { "start_date": "1914-01-08", "end_date": "1931-03-27", "name": "Liège", "lines": [ "Ligne B" ], "color": "#1891c4", "planned": false, "lineage": "Liège" }, "geometry": { "type": "Point", "coordinates": [ 2.326983, 48.879626 ] } },
{ "type": "Feature", "properties": { "start_date": "1931-03-27", "end_date": "1939-09-03", "name": "Liège", "lines": [ "Ligne 13" ], "color": "#6EC4E8", "planned": false, "lineage": "Liège" }, "geometry": { "type": "Point", "coordinates": [ 2.326983, 48.879626 ] } },
{ "type": "Feature", "properties": { "start_date": "1968-09-16", "end_date": "2028-12-02", "name": "Liège", "lines": [ "Ligne 13" ], "color": "#6EC4E8", "planned": false, "lineage": "Liège" }, "geometry": { "type": "Point", "coordinates": [ 2.326983, 48.879626 ] } },
{ "type": "Feature", "properties": { "start_date": "1910-11-05", "end_date": "1967-12-03", "name": "Louis Blanc", "lines": [ "Ligne 7" ], "color": "#FA9ABA", "planned": false, "lineage": "Louis Blanc" }, "geometry": { "type": "Point", "coordinates": [ 2.364839315, 48.88113745 ] } },
{ "type": "Feature", "properties": { "start_date": "1967-12-03", "end_date": "2028-12-02", "name": "Louis Blanc", "lines": [ "Ligne 7", "Ligne 7 bis" ], "color": "#D8D8B9", "planned": false, "lineage": "Louis Blanc" }, "geometry": { "type": "Point", "coordinates": [ 2.364839315, 48.88113745 ] } },
{ "type": "Feature", "properties": { "start_date": "1937-09-24", "end_date": "1946-05-01", "name": "Vallier", "lines": [ "Ligne 3" ], "color": "#837902", "planned": false, "lineage": "Louise Michel" }, "geometry": { "type": "Point", "coordinates": [ 2.288002, 48.888836 ] } },
{ "type": "Feature", "properties": { "start_date": "1946-05-01", "end_date": "2028-12-02", "name": "Louise Michel", "lines": [ "Ligne 3" ], "color": "#837902", "planned": false, "lineage": "Louise Michel" }, "geometry": { "type": "Point", "coordinates": [ 2.288002, 48.888836 ] } },
{ "type": "Feature", "properties": { "start_date": "1937-07-27", "end_date": "2028-12-02", "name": "Lourmel", "lines": [ "Ligne 8" ], "color": "#E19BDF", "planned": false, "lineage": "Lourmel" }, "geometry": { "type": "Point", "coordinates": [ 2.2818169, 48.8386045 ] } },
{ "type": "Feature", "properties": { "start_date": "1900-08-13", "end_date": "1989-03-29", "name": "Louvre", "lines": [ "Ligne 1" ], "color": "#FFCD00", "planned": false, "lineage": "Louvre - Rivoli" }, "geometry": { "type": "Point", "coordinates": [ 2.340283, 48.86108 ] } },
{ "type": "Feature", "properties": { "start_date": "1989-03-29", "end_date": "2028-12-02", "name": "Louvre - Rivoli", "lines": [ "Ligne 1" ], "color": "#FFCD00", "planned": false, "lineage": "Louvre - Rivoli" }, "geometry": { "type": "Point", "coordinates": [ 2.340283, 48.86108 ] } },
{ "type": "Feature", "properties": { "start_date": "1925-03-10", "end_date": "2028-12-02", "name": "Mabillon", "lines": [ "Ligne 10" ], "color": "#C9910D", "planned": false, "lineage": "Mabillon" }, "geometry": { "type": "Point", "coordinates": [ 2.335321605, 48.85277499 ] } },
{ "type": "Feature", "properties": { "start_date": "1910-11-05", "end_date": "1913-07-13", "name": "Madeleine", "lines": [ "Ligne A" ], "color": "#2b5439", "planned": false, "lineage": "Madeleine" }, "geometry": { "type": "Point", "coordinates": [ 2.3251637, 48.87006435 ] } },
{ "type": "Feature", "properties": { "start_date": "1913-07-13", "end_date": "1931-03-27", "name": "Madeleine", "lines": [ "Ligne 8", "Ligne A" ], "color": "#D8D8B9", "planned": false, "lineage": "Madeleine" }, "geometry": { "type": "Point", "coordinates": [ 2.3251637, 48.87006435 ] } },
{ "type": "Feature", "properties": { "start_date": "1931-03-27", "end_date": "1998-10-15", "name": "Madeleine", "lines": [ "Ligne 12", "Ligne 8" ], "color": "#D8D8B9", "planned": false, "lineage": "Madeleine" }, "geometry": { "type": "Point", "coordinates": [ 2.3251637, 48.87006435 ] } },
{ "type": "Feature", "properties": { "start_date": "1998-10-15", "end_date": "2028-12-02", "name": "Madeleine", "lines": [ "Ligne 12", "Ligne 14", "Ligne 8" ], "color": "#D8D8B9", "planned": false, "lineage": "Madeleine" }, "geometry": { "type": "Point", "coordinates": [ 2.3251637, 48.87006435 ] } },
{ "type": "Feature", "properties": { "start_date": "1934-03-24", "end_date": "2028-12-02", "name": "Mairie d'Issy", "lines": [ "Ligne 12" ], "color": "#007852", "planned": false, "lineage": "Mairie d'Issy" }, "geometry": { "type": "Point", "coordinates": [ 2.273434, 48.824152 ] } },
{ "type": "Feature", "properties": { "start_date": "1946-05-01", "end_date": "2028-12-02", "name": "Mairie d'Ivry", "lines": [ "Ligne 7" ], "color": "#FA9ABA", "planned": false, "lineage": "Mairie d'Ivry" }, "geometry": { "type": "Point", "coordinates": [ 2.383386791, 48.81112408 ] } },
{ "type": "Feature", "properties": { "start_date": "1980-05-03", "end_date": "2028-12-02", "name": "Mairie de Clichy", "lines": [ "Ligne 13" ], "color": "#6EC4E8", "planned": false, "lineage": "Mairie de Clichy" }, "geometry": { "type": "Point", "coordinates": [ 2.305342555, 48.90395865 ] } },
{ "type": "Feature", "properties": { "start_date": "1937-10-14", "end_date": "2028-12-02", "name": "Mairie de Montreuil", "lines": [ "Ligne 9" ], "color": "#B6BD00", "planned": false, "lineage": "Mairie de Montreuil" }, "geometry": { "type": "Point", "coordinates": [ 2.441847, 48.862283 ] } },
{ "type": "Feature", "properties": { "start_date": "2013-03-23", "end_date": "2028-12-02", "name": "Mairie de Montrouge", "lines": [ "Ligne 4" ], "color": "#CF009E", "planned": false, "lineage": "Mairie de Montrouge" }, "geometry": { "type": "Point", "coordinates": [ 2.31953674, 48.81806483 ] } },
{ "type": "Feature", "properties": { "start_date": "1952-06-30", "end_date": "2020-12-14", "name": "Mairie de Saint-Ouen", "lines": [ "Ligne 13" ], "color": "#6EC4E8", "planned": false, "lineage": "Mairie de Saint-Ouen" }, "geometry": { "type": "Point", "coordinates": [ 2.333752513, 48.91161864 ] } },
{ "type": "Feature", "properties": { "start_date": "2020-12-14", "end_date": "2028-12-02", "name": "Mairie de Saint-Ouen", "lines": [ "Ligne 13", "Ligne 14" ], "color": "#D8D8B9", "planned": false, "lineage": "Mairie de Saint-Ouen" }, "geometry": { "type": "Point", "coordinates": [ 2.333752513, 48.91161864 ] } },
{ "type": "Feature", "properties": { "start_date": "1937-02-17", "end_date": "2028-12-02", "name": "Mairie des Lilas", "lines": [ "Ligne 11" ], "color": "#704B1C", "planned": false, "lineage": "Mairie des Lilas" }, "geometry": { "type": "Point", "coordinates": [ 2.416289449, 48.87978806 ] } },
{ "type": "Feature", "properties": { "start_date": "1930-03-07", "end_date": "1931-04-26", "name": "Maison Blanche", "lines": [ "Ligne 10" ], "color": "#C9910D", "planned": false, "lineage": "Maison Blanche" }, "geometry": { "type": "Point", "coordinates": [ 2.358531, 48.822155 ] } },
{ "type": "Feature", "properties": { "start_date": "1931-04-26", "end_date": "2024-06-24", "name": "Maison Blanche", "lines": [ "Ligne 7" ], "color": "#FA9ABA", "planned": false, "lineage": "Maison Blanche" }, "geometry": { "type": "Point", "coordinates": [ 2.358531, 48.822155 ] } },
{ "type": "Feature", "properties": { "start_date": "2024-06-24", "end_date": "2028-12-02", "name": "Maison Blanche", "lines": [ "Ligne 14", "Ligne 7" ], "color": "#D8D8B9", "planned": false, "lineage": "Maison Blanche" }, "geometry": { "type": "Point", "coordinates": [ 2.358531, 48.822155 ] } },
{ "type": "Feature", "properties": { "start_date": "1972-04-27", "end_date": "2028-12-02", "name": "Maisons-Alfort - Les Juilliottes", "lines": [ "Ligne 8" ], "color": "#E19BDF", "planned": false, "lineage": "Maisons-Alfort - Les Juilliottes" }, "geometry": { "type": "Point", "coordinates": [ 2.446432, 48.802567 ] } },
{ "type": "Feature", "properties": { "start_date": "1970-09-19", "end_date": "2028-12-02", "name": "Maisons-Alfort - Stade", "lines": [ "Ligne 8" ], "color": "#E19BDF", "planned": false, "lineage": "Maisons-Alfort - Stade" }, "geometry": { "type": "Point", "coordinates": [ 2.436073422, 48.80868116 ] } },
{ "type": "Feature", "properties": { "start_date": "1976-11-09", "end_date": "2028-12-02", "name": "Malakoff - Plateau de Vanves", "lines": [ "Ligne 13" ], "color": "#6EC4E8", "planned": false, "lineage": "Malakoff - Plateau de Vanves" }, "geometry": { "type": "Point", "coordinates": [ 2.298511, 48.822623 ] } },
{ "type": "Feature", "properties": { "start_date": "1976-11-09", "end_date": "2028-12-02", "name": "Malakoff - Rue Étienne-Dolet", "lines": [ "Ligne 13" ], "color": "#6EC4E8", "planned": false, "lineage": "Malakoff - Rue Étienne-Dolet" }, "geometry": { "type": "Point", "coordinates": [ 2.297301292, 48.81470258 ] } },
{ "type": "Feature", "properties": { "start_date": "1910-05-23", "end_date": "2028-12-02", "name": "Malesherbes", "lines": [ "Ligne 3" ], "color": "#837902", "planned": false, "lineage": "Malesherbes" }, "geometry": { "type": "Point", "coordinates": [ 2.311002, 48.882476 ] } },
{ "type": "Feature", "properties": { "start_date": "1933-12-10", "end_date": "2028-12-02", "name": "Maraîchers", "lines": [ "Ligne 9" ], "color": "#B6BD00", "planned": false, "lineage": "Maraîchers" }, "geometry": { "type": "Point", "coordinates": [ 2.40699023, 48.85285088 ] } },
{ "type": "Feature", "properties": { "start_date": "1908-04-21", "end_date": "1931-08-25", "name": "Marcadet", "lines": [ "Ligne 4" ], "color": "#CF009E", "planned": false, "lineage": "Marcadet" }, "geometry": { "type": "Point", "coordinates": [ 2.349582, 48.891195 ] } },
{ "type": "Feature", "properties": { "start_date": "1916-08-23", "end_date": "1931-03-27", "name": "Poissonniers", "lines": [ "Ligne A" ], "color": "#2b5439", "planned": false, "lineage": "Poissonniers" }, "geometry": { "type": "Point", "coordinates": [ 2.350319, 48.891478 ] } },
{ "type": "Feature", "properties": { "start_date": "1931-03-27", "end_date": "1931-08-25", "name": "Poissonniers", "lines": [ "Ligne 12" ], "color": "#007852", "planned": false, "lineage": "Poissonniers" }, "geometry": { "type": "Point", "coordinates": [ 2.350319, 48.891478 ] } },
{ "type": "Feature", "properties": { "start_date": "1934-02-03", "end_date": "2028-12-02", "name": "Marcel Sembat", "lines": [ "Ligne 9" ], "color": "#B6BD00", "planned": false, "lineage": "Marcel Sembat" }, "geometry": { "type": "Point", "coordinates": [ 2.243579328, 48.83367001 ] } },
{ "type": "Feature", "properties": { "start_date": "1905-01-25", "end_date": "1969-08-23", "name": "Martin Nadaud", "lines": [ "Ligne 3" ], "color": "#837902", "planned": false, "lineage": "Martin Nadaud" }, "geometry": { "type": "Point", "coordinates": [ 2.398120165, 48.86489827 ] } },
{ "type": "Feature", "properties": { "start_date": "1916-08-23", "end_date": "1931-03-27", "name": "Torcy", "lines": [ "Ligne A" ], "color": "#2b5439", "planned": false, "lineage": "Marx Dormoy" }, "geometry": { "type": "Point", "coordinates": [ 2.359968, 48.890483 ] } },
{ "type": "Feature", "properties": { "start_date": "1931-03-27", "end_date": "1946-05-11", "name": "Torcy", "lines": [ "Ligne 12" ], "color": "#007852", "planned": false, "lineage": "Marx Dormoy" }, "geometry": { "type": "Point", "coordinates": [ 2.359968, 48.890483 ] } },
{ "type": "Feature", "properties": { "start_date": "1946-05-11", "end_date": "2028-12-02", "name": "Marx Dormoy", "lines": [ "Ligne 12" ], "color": "#007852", "planned": false, "lineage": "Marx Dormoy" }, "geometry": { "type": "Point", "coordinates": [ 2.359968, 48.890483 ] } },
{ "type": "Feature", "properties": { "start_date": "1930-02-15", "end_date": "2028-12-02", "name": "Maubert - Mutualité", "lines": [ "Ligne 10" ], "color": "#C9910D", "planned": false, "lineage": "Maubert - Mutualité" }, "geometry": { "type": "Point", "coordinates": [ 2.347936034, 48.8501929 ] } },
{ "type": "Feature", "properties": { "start_date": "1903-01-31", "end_date": "2028-12-02", "name": "Ménilmontant", "lines": [ "Ligne 2" ], "color": "#003CA6", "planned": false, "lineage": "Ménilmontant" }, "geometry": { "type": "Point", "coordinates": [ 2.383618, 48.866248 ] } },
{ "type": "Feature", "properties": { "start_date": "1931-05-05", "end_date": "2028-12-02", "name": "Michel Bizot", "lines": [ "Ligne 8" ], "color": "#E19BDF", "planned": false, "lineage": "Michel Bizot" }, "geometry": { "type": "Point", "coordinates": [ 2.40123421, 48.83748523 ] } },
{ "type": "Feature", "properties": { "start_date": "1913-09-30", "end_date": "1922-11-08", "name": "Michel-Ange - Auteuil", "lines": [ "Ligne 8" ], "color": "#E19BDF", "planned": false, "lineage": "Michel-Ange - Auteuil" }, "geometry": { "type": "Point", "coordinates": [ 2.263870239, 48.84777129 ] } },
{ "type": "Feature", "properties": { "start_date": "1922-11-08", "end_date": "1937-07-27", "name": "Michel-Ange - Auteuil", "lines": [ "Ligne 8", "Ligne 9" ], "color": "#D8D8B9", "planned": false, "lineage": "Michel-Ange - Auteuil" }, "geometry": { "type": "Point", "coordinates": [ 2.263870239, 48.84777129 ] } },
{ "type": "Feature", "properties": { "start_date": "1937-07-27", "end_date": "2028-12-02", "name": "Michel-Ange - Auteuil", "lines": [ "Ligne 10", "Ligne 9" ], "color": "#D8D8B9", "planned": false, "lineage": "Michel-Ange - Auteuil" }, "geometry": { "type": "Point", "coordinates": [ 2.263870239, 48.84777129 ] } },
{ "type": "Feature", "properties": { "start_date": "1913-09-30", "end_date": "1922-11-08", "name": "Michel-Ange - Molitor", "lines": [ "Ligne 8" ], "color": "#E19BDF", "planned": false, "lineage": "Michel-Ange - Molitor" }, "geometry": { "type": "Point", "coordinates": [ 2.261194, 48.84496 ] } },
{ "type": "Feature", "properties": { "start_date": "1922-11-08", "end_date": "1937-07-27", "name": "Michel-Ange - Molitor", "lines": [ "Ligne 8", "Ligne 9" ], "color": "#D8D8B9", "planned": false, "lineage": "Michel-Ange - Molitor" }, "geometry": { "type": "Point", "coordinates": [ 2.261194, 48.84496 ] } },
{ "type": "Feature", "properties": { "start_date": "1937-07-27", "end_date": "2028-12-02", "name": "Michel-Ange - Molitor", "lines": [ "Ligne 10", "Ligne 9" ], "color": "#D8D8B9", "planned": false, "lineage": "Michel-Ange - Molitor" }, "geometry": { "type": "Point", "coordinates": [ 2.261194, 48.84496 ] } },
{ "type": "Feature", "properties": { "start_date": "1913-09-30", "end_date": "1937-07-27", "name": "Mirabeau", "lines": [ "Ligne 8" ], "color": "#E19BDF", "planned": false, "lineage": "Mirabeau" }, "geometry": { "type": "Point", "coordinates": [ 2.271707654, 48.84673872 ] } },
{ "type": "Feature", "properties": { "start_date": "1937-07-27", "end_date": "2028-12-02", "name": "Mirabeau", "lines": [ "Ligne 10" ], "color": "#C9910D", "planned": false, "lineage": "Mirabeau" }, "geometry": { "type": "Point", "coordinates": [ 2.271707654, 48.84673872 ] } },
{ "type": "Feature", "properties": { "start_date": "1923-05-27", "end_date": "1973-04-27", "name": "Miromesnil", "lines": [ "Ligne 9" ], "color": "#B6BD00", "planned": false, "lineage": "Miromesnil" }, "geometry": { "type": "Point", "coordinates": [ 2.314464748, 48.87366684 ] } },
{ "type": "Feature", "properties": { "start_date": "1973-04-27", "end_date": "2028-12-02", "name": "Miromesnil", "lines": [ "Ligne 13", "Ligne 9" ], "color": "#D8D8B9", "planned": false, "lineage": "Miromesnil" }, "geometry": { "type": "Point", "coordinates": [ 2.314464748, 48.87366684 ] } },
{ "type": "Feature", "properties": { "start_date": "1902-10-07", "end_date": "2028-12-02", "name": "Monceau", "lines": [ "Ligne 2" ], "color": "#003CA6", "planned": false, "lineage": "Monceau" }, "geometry": { "type": "Point", "coordinates": [ 2.308603, 48.880319 ] } },
{ "type": "Feature", "properties": { "start_date": "1931-05-05", "end_date": "2028-12-02", "name": "Montgallet", "lines": [ "Ligne 8" ], "color": "#E19BDF", "planned": false, "lineage": "Montgallet" }, "geometry": { "type": "Point", "coordinates": [ 2.389974296, 48.84427635 ] } },
{ "type": "Feature", "properties": { "start_date": "1906-04-24", "end_date": "1907-10-17", "name": "Avenue du Maine", "lines": [ "Ligne 2 Sud" ], "color": "#ab1f07", "planned": false, "lineage": "Avenue du Maine" }, "geometry": { "type": "Point", "coordinates": [ 2.321668, 48.84202 ] } },
{ "type": "Feature", "properties": { "start_date": "1907-10-17", "end_date": "1933-06-30", "name": "Avenue du Maine", "lines": [ "Ligne 5" ], "color": "#FF7E2E", "planned": false, "lineage": "Avenue du Maine" }, "geometry": { "type": "Point", "coordinates": [ 2.321668, 48.84202 ] } },
{ "type": "Feature", "properties": { "start_date": "1933-06-30", "end_date": "1937-01-21", "name": "Bienvenüe", "lines": [ "Ligne 5" ], "color": "#FF7E2E", "planned": false, "lineage": "Avenue du Maine" }, "geometry": { "type": "Point", "coordinates": [ 2.321668, 48.84202 ] } },
{ "type": "Feature", "properties": { "start_date": "1937-01-21", "end_date": "1937-01-31", "name": "Bienvenüe", "lines": [ "Ligne 14 (ancienne)", "Ligne 5" ], "color": "#D8D8B9", "planned": false, "lineage": "Avenue du Maine" }, "geometry": { "type": "Point", "coordinates": [ 2.321668, 48.84202 ] } },
{ "type": "Feature", "properties": { "start_date": "1942-10-06", "end_date": "1976-11-09", "name": "Montparnasse - Bienvenüe", "lines": [ "Couloirs", "Ligne 14 (ancienne)", "Ligne 6" ], "color": "#D8D8B9", "planned": false, "lineage": "Avenue du Maine" }, "geometry": { "type": "Point", "coordinates": [ 2.321668, 48.84202 ] } },
{ "type": "Feature", "properties": { "start_date": "1976-11-09", "end_date": "2028-12-02", "name": "Montparnasse - Bienvenüe", "lines": [ "Couloirs", "Ligne 13", "Ligne 6" ], "color": "#D8D8B9", "planned": false, "lineage": "Avenue du Maine" }, "geometry": { "type": "Point", "coordinates": [ 2.321668, 48.84202 ] } },
{ "type": "Feature", "properties": { "start_date": "1910-04-06", "end_date": "1910-11-05", "name": "Montparnasse", "lines": [ "Ligne 4" ], "color": "#CF009E", "planned": false, "lineage": "Montparnasse" }, "geometry": { "type": "Point", "coordinates": [ 2.323934, 48.843826 ] } },
{ "type": "Feature", "properties": { "start_date": "1910-11-05", "end_date": "1931-03-27", "name": "Montparnasse", "lines": [ "Ligne 4", "Ligne A" ], "color": "#D8D8B9", "planned": false, "lineage": "Montparnasse" }, "geometry": { "type": "Point", "coordinates": [ 2.323934, 48.843826 ] } },
{ "type": "Feature", "properties": { "start_date": "1931-03-27", "end_date": "1937-01-31", "name": "Montparnasse", "lines": [ "Ligne 12", "Ligne 4" ], "color": "#D8D8B9", "planned": false, "lineage": "Montparnasse" }, "geometry": { "type": "Point", "coordinates": [ 2.323934, 48.843826 ] } },
{ "type": "Feature", "properties": { "start_date": "1909-10-30", "end_date": "2028-12-02", "name": "Mouton-Duvernet", "lines": [ "Ligne 4" ], "color": "#CF009E", "planned": false, "lineage": "Mouton-Duvernet" }, "geometry": { "type": "Point", "coordinates": [ 2.3299, 48.8314 ] } },
{ "type": "Feature", "properties": { "start_date": "1900-07-19", "end_date": "1903-04-02", "name": "Nation", "lines": [ "Ligne 1" ], "color": "#FFCD00", "planned": false, "lineage": "Nation" }, "geometry": { "type": "Point", "coordinates": [ 2.395905745, 48.84846575 ] } },
{ "type": "Feature", "properties": { "start_date": "1903-04-02", "end_date": "1909-03-01", "name": "Nation", "lines": [ "Ligne 1", "Ligne 2" ], "color": "#D8D8B9", "planned": false, "lineage": "Nation" }, "geometry": { "type": "Point", "coordinates": [ 2.395905745, 48.84846575 ] } },
{ "type": "Feature", "properties": { "start_date": "1909-03-01", "end_date": "1933-12-10", "name": "Nation", "lines": [ "Ligne 1", "Ligne 2", "Ligne 6" ], "color": "#D8D8B9", "planned": false, "lineage": "Nation" }, "geometry": { "type": "Point", "coordinates": [ 2.395905745, 48.84846575 ] } },
{ "type": "Feature", "properties": { "start_date": "1933-12-10", "end_date": "2028-12-02", "name": "Nation", "lines": [ "Ligne 1", "Ligne 2", "Ligne 6", "Ligne 9" ], "color": "#D8D8B9", "planned": false, "lineage": "Nation" }, "geometry": { "type": "Point", "coordinates": [ 2.395905745, 48.84846575 ] } },
{ "type": "Feature", "properties": { "start_date": "1909-03-01", "end_date": "2028-12-02", "name": "Nationale", "lines": [ "Ligne 6" ], "color": "#6ECA97", "planned": false, "lineage": "Nationale" }, "geometry": { "type": "Point", "coordinates": [ 2.362717688, 48.83318272 ] } },
{ "type": "Feature", "properties": { "start_date": "1910-11-05", "end_date": "1931-03-27", "name": "Notre-Dame-de-Lorette", "lines": [ "Ligne A" ], "color": "#2b5439", "planned": false, "lineage": "Notre-Dame-de-Lorette" }, "geometry": { "type": "Point", "coordinates": [ 2.338586, 48.876084 ] } },
{ "type": "Feature", "properties": { "start_date": "1931-03-27", "end_date": "2028-12-02", "name": "Notre-Dame-de-Lorette", "lines": [ "Ligne 12" ], "color": "#007852", "planned": false, "lineage": "Notre-Dame-de-Lorette" }, "geometry": { "type": "Point", "coordinates": [ 2.338586, 48.876084 ] } },
{ "type": "Feature", "properties": { "start_date": "1910-11-05", "end_date": "1931-03-27", "name": "Notre-Dame-des-Champs", "lines": [ "Ligne A" ], "color": "#2b5439", "planned": false, "lineage": "Notre-Dame-des-Champs" }, "geometry": { "type": "Point", "coordinates": [ 2.328787744, 48.84456761 ] } },
{ "type": "Feature", "properties": { "start_date": "1931-03-27", "end_date": "2028-12-02", "name": "Notre-Dame-des-Champs", "lines": [ "Ligne 12" ], "color": "#007852", "planned": false, "lineage": "Notre-Dame-des-Champs" }, "geometry": { "type": "Point", "coordinates": [ 2.328787744, 48.84456761 ] } },
{ "type": "Feature", "properties": { "start_date": "1907-01-15", "end_date": "1933-12-10", "name": "Oberkampf", "lines": [ "Ligne 5" ], "color": "#FF7E2E", "planned": false, "lineage": "Oberkampf" }, "geometry": { "type": "Point", "coordinates": [ 2.368877, 48.864545 ] } },
{ "type": "Feature", "properties": { "start_date": "1933-12-10", "end_date": "2028-12-02", "name": "Oberkampf", "lines": [ "Ligne 5", "Ligne 9" ], "color": "#D8D8B9", "planned": false, "lineage": "Oberkampf" }, "geometry": { "type": "Point", "coordinates": [ 2.368877, 48.864545 ] } },
{ "type": "Feature", "properties": { "start_date": "1910-01-09", "end_date": "1926-02-14", "name": "Odéon", "lines": [ "Ligne 4" ], "color": "#CF009E", "planned": false, "lineage": "Odéon" }, "geometry": { "type": "Point", "coordinates": [ 2.338951, 48.852066 ] } },
{ "type": "Feature", "properties": { "start_date": "1926-02-14", "end_date": "2028-12-02", "name": "Odéon", "lines": [ "Ligne 10", "Ligne 4" ], "color": "#D8D8B9", "planned": false, "lineage": "Odéon" }, "geometry": { "type": "Point", "coordinates": [ 2.338951, 48.852066 ] } },
{ "type": "Feature", "properties": { "start_date": "2007-06-26", "end_date": "2028-12-02", "name": "Olympiades", "lines": [ "Ligne 14" ], "color": "#62259D", "planned": false, "lineage": "Olympiades" }, "geometry": { "type": "Point", "coordinates": [ 2.366403, 48.82702 ] } },
{ "type": "Feature", "properties": { "start_date": "1904-10-19", "end_date": "1910-11-05", "name": "Opéra", "lines": [ "Ligne 3" ], "color": "#837902", "planned": false, "lineage": "Opéra" }, "geometry": { "type": "Point", "coordinates": [ 2.3323524, 48.87063595 ] } },
{ "type": "Feature", "properties": { "start_date": "1910-11-05", "end_date": "1913-07-13", "name": "Opéra", "lines": [ "Ligne 3", "Ligne 7" ], "color": "#D8D8B9", "planned": false, "lineage": "Opéra" }, "geometry": { "type": "Point", "coordinates": [ 2.3323524, 48.87063595 ] } },
{ "type": "Feature", "properties": { "start_date": "1913-07-13", "end_date": "2028-12-02", "name": "Opéra", "lines": [ "Ligne 3", "Ligne 7", "Ligne 8" ], "color": "#D8D8B9", "planned": false, "lineage": "Opéra" }, "geometry": { "type": "Point", "coordinates": [ 2.3323524, 48.87063595 ] } },
{ "type": "Feature", "properties": { "start_date": "1942-10-12", "end_date": "2028-12-02", "name": "Ourcq", "lines": [ "Ligne 5" ], "color": "#FF7E2E", "planned": false, "lineage": "Ourcq" }, "geometry": { "type": "Point", "coordinates": [ 2.385747135, 48.88685563 ] } },
{ "type": "Feature", "properties": { "start_date": "1900-07-19", "end_date": "1916-07-01", "name": "Palais Royal", "lines": [ "Ligne 1" ], "color": "#FFCD00", "planned": false, "lineage": "Palais-Royal - Musée du Louvre" }, "geometry": { "type": "Point", "coordinates": [ 2.335816612, 48.86284682 ] } },
{ "type": "Feature", "properties": { "start_date": "1916-07-01", "end_date": "1989-03-29", "name": "Palais Royal", "lines": [ "Ligne 1", "Ligne 7" ], "color": "#D8D8B9", "planned": false, "lineage": "Palais-Royal - Musée du Louvre" }, "geometry": { "type": "Point", "coordinates": [ 2.335816612, 48.86284682 ] } },
{ "type": "Feature", "properties": { "start_date": "1989-03-29", "end_date": "2028-12-02", "name": "Palais-Royal - Musée du Louvre", "lines": [ "Ligne 1", "Ligne 7" ], "color": "#D8D8B9", "planned": false, "lineage": "Palais-Royal - Musée du Louvre" }, "geometry": { "type": "Point", "coordinates": [ 2.335816612, 48.86284682 ] } },
{ "type": "Feature", "properties": { "start_date": "1904-10-19", "end_date": "2028-12-02", "name": "Parmentier", "lines": [ "Ligne 3" ], "color": "#837902", "planned": false, "lineage": "Parmentier" }, "geometry": { "type": "Point", "coordinates": [ 2.374381, 48.865299 ] } },
{ "type": "Feature", "properties": { "start_date": "1906-04-24", "end_date": "1907-10-17", "name": "Passy", "lines": [ "Ligne 2 Sud" ], "color": "#ab1f07", "planned": false, "lineage": "Passy" }, "geometry": { "type": "Point", "coordinates": [ 2.285779, 48.857445 ] } },
{ "type": "Feature", "properties": { "start_date": "1907-10-17", "end_date": "1942-10-06", "name": "Passy", "lines": [ "Ligne 5" ], "color": "#FF7E2E", "planned": false, "lineage": "Passy" }, "geometry": { "type": "Point", "coordinates": [ 2.285779, 48.857445 ] } },
{ "type": "Feature", "properties": { "start_date": "1942-10-06", "end_date": "2028-12-02", "name": "Passy", "lines": [ "Ligne 6" ], "color": "#6ECA97", "planned": false, "lineage": "Passy" }, "geometry": { "type": "Point", "coordinates": [ 2.285779, 48.857445 ] } },
{ "type": "Feature", "properties": { "start_date": "1906-04-24", "end_date": "1907-10-17", "name": "Pasteur", "lines": [ "Ligne 2 Sud" ], "color": "#ab1f07", "planned": false, "lineage": "Pasteur" }, "geometry": { "type": "Point", "coordinates": [ 2.312681079, 48.84283594 ] } },
{ "type": "Feature", "properties": { "start_date": "1907-10-17", "end_date": "1910-11-05", "name": "Pasteur", "lines": [ "Ligne 5" ], "color": "#FF7E2E", "planned": false, "lineage": "Pasteur" }, "geometry": { "type": "Point", "coordinates": [ 2.312681079, 48.84283594 ] } },
{ "type": "Feature", "properties": { "start_date": "1910-11-05", "end_date": "1931-03-27", "name": "Pasteur", "lines": [ "Ligne 5", "Ligne A" ], "color": "#D8D8B9", "planned": false, "lineage": "Pasteur" }, "geometry": { "type": "Point", "coordinates": [ 2.312681079, 48.84283594 ] } },
{ "type": "Feature", "properties": { "start_date": "1931-03-27", "end_date": "1942-10-06", "name": "Pasteur", "lines": [ "Ligne 12", "Ligne 5" ], "color": "#D8D8B9", "planned": false, "lineage": "Pasteur" }, "geometry": { "type": "Point", "coordinates": [ 2.312681079, 48.84283594 ] } },
{ "type": "Feature", "properties": { "start_date": "1942-10-06", "end_date": "2028-12-02", "name": "Pasteur", "lines": [ "Ligne 12", "Ligne 6" ], "color": "#D8D8B9", "planned": false, "lineage": "Pasteur" }, "geometry": { "type": "Point", "coordinates": [ 2.312681079, 48.84283594 ] } },
{ "type": "Feature", "properties": { "start_date": "1921-11-27", "end_date": "1971-03-27", "name": "Pelleport", "lines": [ "Ligne 3" ], "color": "#837902", "planned": false, "lineage": "Pelleport" }, "geometry": { "type": "Point", "coordinates": [ 2.401751876, 48.86867053 ] } },
{ "type": "Feature", "properties": { "start_date": "1971-03-27", "end_date": "2028-12-02", "name": "Pelleport", "lines": [ "Ligne 3 bis" ], "color": "#6EC4E8", "planned": false, "lineage": "Pelleport" }, "geometry": { "type": "Point", "coordinates": [ 2.401751876, 48.86867053 ] } },
{ "type": "Feature", "properties": { "start_date": "1903-02-25", "end_date": "1904-10-19", "name": "Père Lachaise", "lines": [ "Ligne 2" ], "color": "#003CA6", "planned": false, "lineage": "Père Lachaise" }, "geometry": { "type": "Point", "coordinates": [ 2.387388, 48.862921 ] } },
{ "type": "Feature", "properties": { "start_date": "1904-10-19", "end_date": "2028-12-02", "name": "Père Lachaise", "lines": [ "Ligne 2", "Ligne 3" ], "color": "#D8D8B9", "planned": false, "lineage": "Père Lachaise" }, "geometry": { "type": "Point", "coordinates": [ 2.387388, 48.862921 ] } },
{ "type": "Feature", "properties": { "start_date": "1910-05-23", "end_date": "2028-12-02", "name": "Pereire", "lines": [ "Ligne 3" ], "color": "#837902", "planned": false, "lineage": "Pereire" }, "geometry": { "type": "Point", "coordinates": [ 2.299211, 48.884648 ] } },
{ "type": "Feature", "properties": { "start_date": "1937-01-21", "end_date": "1976-11-09", "name": "Pernety", "lines": [ "Ligne 14 (ancienne)" ], "color": "#135e12", "planned": false, "lineage": "Pernety" }, "geometry": { "type": "Point", "coordinates": [ 2.318512201, 48.83421027 ] } },
{ "type": "Feature", "properties": { "start_date": "1976-11-09", "end_date": "2028-12-02", "name": "Pernety", "lines": [ "Ligne 13" ], "color": "#6EC4E8", "planned": false, "lineage": "Pernety" }, "geometry": { "type": "Point", "coordinates": [ 2.318512201, 48.83421027 ] } },
{ "type": "Feature", "properties": { "start_date": "1903-01-31", "end_date": "2028-12-02", "name": "Philippe Auguste", "lines": [ "Ligne 2" ], "color": "#003CA6", "planned": false, "lineage": "Philippe Auguste" }, "geometry": { "type": "Point", "coordinates": [ 2.390938, 48.858021 ] } },
{ "type": "Feature", "properties": { "start_date": "1909-03-01", "end_date": "1937-03-01", "name": "Saint-Mandé", "lines": [ "Ligne 6" ], "color": "#6ECA97", "planned": false, "lineage": "Picpus" }, "geometry": { "type": "Point", "coordinates": [ 2.40049392, 48.84515011 ] } },
{ "type": "Feature", "properties": { "start_date": "1937-03-01", "end_date": "2028-12-02", "name": "Picpus", "lines": [ "Ligne 6" ], "color": "#6ECA97", "planned": false, "lineage": "Picpus" }, "geometry": { "type": "Point", "coordinates": [ 2.40049392, 48.84515011 ] } },
{ "type": "Feature", "properties": { "start_date": "1946-05-01", "end_date": "2007-03-08", "name": "Pierre Curie", "lines": [ "Ligne 7" ], "color": "#FA9ABA", "planned": false, "lineage": "Pierre et Marie Curie" }, "geometry": { "type": "Point", "coordinates": [ 2.377893627, 48.81591773 ] } },
{ "type": "Feature", "properties": { "start_date": "2007-03-08", "end_date": "2028-12-02", "name": "Pierre et Marie Curie", "lines": [ "Ligne 7" ], "color": "#FA9ABA", "planned": false, "lineage": "Pierre et Marie Curie" }, "geometry": { "type": "Point", "coordinates": [ 2.377893627, 48.81591773 ] } },
{ "type": "Feature", "properties": { "start_date": "1902-10-07", "end_date": "1911-04-08", "name": "Pigalle", "lines": [ "Ligne 2" ], "color": "#003CA6", "planned": false, "lineage": "Pigalle" }, "geometry": { "type": "Point", "coordinates": [ 2.337573, 48.882255 ] } },
{ "type": "Feature", "properties": { "start_date": "1911-04-08", "end_date": "1931-03-27", "name": "Pigalle", "lines": [ "Ligne 2", "Ligne A" ], "color": "#D8D8B9", "planned": false, "lineage": "Pigalle" }, "geometry": { "type": "Point", "coordinates": [ 2.337573, 48.882255 ] } },
{ "type": "Feature", "properties": { "start_date": "1931-03-27", "end_date": "2028-12-02", "name": "Pigalle", "lines": [ "Ligne 12", "Ligne 2" ], "color": "#D8D8B9", "planned": false, "lineage": "Pigalle" }, "geometry": { "type": "Point", "coordinates": [ 2.337573, 48.882255 ] } },
{ "type": "Feature", "properties": { "start_date": "1906-04-24", "end_date": "1906-06-02", "name": "Place d'Italie", "lines": [ "Ligne 2 Sud" ], "color": "#ab1f07", "planned": false, "lineage": "Place d'Italie" }, "geometry": { "type": "Point", "coordinates": [ 2.355692, 48.831483 ] } },
{ "type": "Feature", "properties": { "start_date": "1906-06-02", "end_date": "1907-10-17", "name": "Place d'Italie", "lines": [ "Ligne 2 Sud", "Ligne 5" ], "color": "#D8D8B9", "planned": false, "lineage": "Place d'Italie" }, "geometry": { "type": "Point", "coordinates": [ 2.355692, 48.831483 ] } },
{ "type": "Feature", "properties": { "start_date": "1907-10-17", "end_date": "1909-03-01", "name": "Place d'Italie", "lines": [ "Ligne 5" ], "color": "#FF7E2E", "planned": false, "lineage": "Place d'Italie" }, "geometry": { "type": "Point", "coordinates": [ 2.355692, 48.831483 ] } },
{ "type": "Feature", "properties": { "start_date": "1909-03-01", "end_date": "1930-02-15", "name": "Place d'Italie", "lines": [ "Ligne 5", "Ligne 6" ], "color": "#D8D8B9", "planned": false, "lineage": "Place d'Italie" }, "geometry": { "type": "Point", "coordinates": [ 2.355692, 48.831483 ] } },
{ "type": "Feature", "properties": { "start_date": "1930-02-15", "end_date": "1931-04-26", "name": "Place d'Italie", "lines": [ "Ligne 10", "Ligne 5", "Ligne 6" ], "color": "#D8D8B9", "planned": false, "lineage": "Place d'Italie" }, "geometry": { "type": "Point", "coordinates": [ 2.355692, 48.831483 ] } },
{ "type": "Feature", "properties": { "start_date": "1931-04-26", "end_date": "2028-12-02", "name": "Place d'Italie", "lines": [ "Ligne 5", "Ligne 6", "Ligne 7" ], "color": "#D8D8B9", "planned": false, "lineage": "Place d'Italie" }, "geometry": { "type": "Point", "coordinates": [ 2.355692, 48.831483 ] } },
{ "type": "Feature", "properties": { "start_date": "1902-10-26", "end_date": "1911-02-26", "name": "Place de Clichy", "lines": [ "Ligne 2" ], "color": "#003CA6", "planned": false, "lineage": "Place de Clichy" }, "geometry": { "type": "Point", "coordinates": [ 2.327625, 48.883809 ] } },
{ "type": "Feature", "properties": { "start_date": "1911-02-26", "end_date": "1931-03-27", "name": "Place de Clichy", "lines": [ "Ligne 2", "Ligne B" ], "color": "#D8D8B9", "planned": false, "lineage": "Place de Clichy" }, "geometry": { "type": "Point", "coordinates": [ 2.327625, 48.883809 ] } },
{ "type": "Feature", "properties": { "start_date": "1931-03-27", "end_date": "2028-12-02", "name": "Place de Clichy", "lines": [ "Ligne 13", "Ligne 2" ], "color": "#D8D8B9", "planned": false, "lineage": "Place de Clichy" }, "geometry": { "type": "Point", "coordinates": [ 2.327625, 48.883809 ] } },
{ "type": "Feature", "properties": { "start_date": "1912-02-13", "end_date": "1921-11-27", "name": "Place des Fêtes", "lines": [ "Ligne 7" ], "color": "#FA9ABA", "planned": false, "lineage": "Place des Fêtes" }, "geometry": { "type": "Point", "coordinates": [ 2.392959595, 48.87684044 ] } },
{ "type": "Feature", "properties": { "start_date": "1921-11-27", "end_date": "1935-04-28", "name": "Place des Fêtes", "lines": [ "Ligne 7", "Voie des Fêtes et voie navette" ], "color": "#D8D8B9", "planned": false, "lineage": "Place des Fêtes" }, "geometry": { "type": "Point", "coordinates": [ 2.392959595, 48.87684044 ] } },
{ "type": "Feature", "properties": { "start_date": "1935-04-28", "end_date": "1939-09-03", "name": "Place des Fêtes", "lines": [ "Ligne 11", "Ligne 7", "Voie des Fêtes et voie navette" ], "color": "#D8D8B9", "planned": false, "lineage": "Place des Fêtes" }, "geometry": { "type": "Point", "coordinates": [ 2.392959595, 48.87684044 ] } },
{ "type": "Feature", "properties": { "start_date": "1939-09-03", "end_date": "1967-12-03", "name": "Place des Fêtes", "lines": [ "Ligne 11", "Ligne 7" ], "color": "#D8D8B9", "planned": false, "lineage": "Place des Fêtes" }, "geometry": { "type": "Point", "coordinates": [ 2.392959595, 48.87684044 ] } },
{ "type": "Feature", "properties": { "start_date": "1967-12-03", "end_date": "2028-12-02", "name": "Place des Fêtes", "lines": [ "Ligne 11", "Ligne 7 bis" ], "color": "#D8D8B9", "planned": false, "lineage": "Place des Fêtes" }, "geometry": { "type": "Point", "coordinates": [ 2.392959595, 48.87684044 ] } },
{ "type": "Feature", "properties": { "start_date": "1930-02-15", "end_date": "1931-04-26", "name": "Place Monge", "lines": [ "Ligne 10" ], "color": "#C9910D", "planned": false, "lineage": "Place Monge" }, "geometry": { "type": "Point", "coordinates": [ 2.352279, 48.84359 ] } },
{ "type": "Feature", "properties": { "start_date": "1931-04-26", "end_date": "2028-12-02", "name": "Place Monge", "lines": [ "Ligne 7" ], "color": "#FA9ABA", "planned": false, "lineage": "Place Monge" }, "geometry": { "type": "Point", "coordinates": [ 2.352279, 48.84359 ] } },
{ "type": "Feature", "properties": { "start_date": "1937-01-21", "end_date": "1976-11-09", "name": "Plaisance", "lines": [ "Ligne 14 (ancienne)" ], "color": "#135e12", "planned": false, "lineage": "Plaisance" }, "geometry": { "type": "Point", "coordinates": [ 2.313740551, 48.83155306 ] } },
{ "type": "Feature", "properties": { "start_date": "1976-11-09", "end_date": "2028-12-02", "name": "Plaisance", "lines": [ "Ligne 13" ], "color": "#6EC4E8", "planned": false, "lineage": "Plaisance" }, "geometry": { "type": "Point", "coordinates": [ 2.313740551, 48.83155306 ] } },
{ "type": "Feature", "properties": { "start_date": "2011-10-08", "end_date": "2028-12-02", "name": "Pointe du Lac", "lines": [ "Ligne 8" ], "color": "#E19BDF", "planned": false, "lineage": "Pointe du Lac" }, "geometry": { "type": "Point", "coordinates": [ 2.46481061, 48.76878622 ] } },
{ "type": "Feature", "properties": { "start_date": "1910-11-05", "end_date": "2028-12-02", "name": "Poissonnière", "lines": [ "Ligne 7" ], "color": "#FA9ABA", "planned": false, "lineage": "Poissonnière" }, "geometry": { "type": "Point", "coordinates": [ 2.348445654, 48.87707506 ] } },
{ "type": "Feature", "properties": { "start_date": "1937-09-24", "end_date": "2028-12-02", "name": "Pont de Levallois - Bécon", "lines": [ "Ligne 3" ], "color": "#837902", "planned": false, "lineage": "Pont de Levallois - Bécon" }, "geometry": { "type": "Point", "coordinates": [ 2.280787, 48.897313 ] } },
{ "type": "Feature", "properties": { "start_date": "1937-04-29", "end_date": "2028-12-02", "name": "Pont de Neuilly", "lines": [ "Ligne 1" ], "color": "#FFCD00", "planned": false, "lineage": "Pont de Neuilly" }, "geometry": { "type": "Point", "coordinates": [ 2.259891725, 48.88450938 ] } },
{ "type": "Feature", "properties": { "start_date": "1934-02-03", "end_date": "2027-09-01", "name": "Pont de Sèvres", "lines": [ "Ligne 9" ], "color": "#B6BD00", "planned": false, "lineage": "Pont de Sèvres" }, "geometry": { "type": "Point", "coordinates": [ 2.231034636, 48.82974679 ] } },
{ "type": "Feature", "properties": { "start_date": "2027-09-01", "end_date": "2028-12-02", "name": "Pont de Sèvres", "lines": [ "Ligne 15", "Ligne 9" ], "color": "#D8D8B9", "planned": false, "lineage": "Pont de Sèvres" }, "geometry": { "type": "Point", "coordinates": [ 2.231034636, 48.82974679 ] } },
{ "type": "Feature", "properties": { "start_date": "1926-04-16", "end_date": "2028-12-02", "name": "Pont Marie", "lines": [ "Ligne 7" ], "color": "#FA9ABA", "planned": false, "lineage": "Pont Marie" }, "geometry": { "type": "Point", "coordinates": [ 2.357616127, 48.8532868 ] } },
{ "type": "Feature", "properties": { "start_date": "1926-04-16", "end_date": "1990-12-01", "name": "Pont-Neuf", "lines": [ "Ligne 7" ], "color": "#FA9ABA", "planned": false, "lineage": "Pont-Neuf" }, "geometry": { "type": "Point", "coordinates": [ 2.341488004, 48.85867641 ] } },
{ "type": "Feature", "properties": { "start_date": "1990-12-01", "end_date": "2028-12-02", "name": "Pont-Neuf - La Monnaie", "lines": [ "Ligne 7" ], "color": "#FA9ABA", "planned": false, "lineage": "Pont-Neuf" }, "geometry": { "type": "Point", "coordinates": [ 2.341488004, 48.85867641 ] } },
{ "type": "Feature", "properties": { "start_date": "1913-09-30", "end_date": "1937-07-27", "name": "Porte d'Auteuil", "lines": [ "Ligne 8" ], "color": "#E19BDF", "planned": false, "lineage": "Porte d'Auteuil" }, "geometry": { "type": "Point", "coordinates": [ 2.25875, 48.848025 ] } },
{ "type": "Feature", "properties": { "start_date": "1937-07-27", "end_date": "2028-12-02", "name": "Porte d'Auteuil", "lines": [ "Ligne 10" ], "color": "#C9910D", "planned": false, "lineage": "Porte d'Auteuil" }, "geometry": { "type": "Point", "coordinates": [ 2.25875, 48.848025 ] } },
{ "type": "Feature", "properties": { "start_date": "1930-03-07", "end_date": "1931-04-26", "name": "Porte d'Italie", "lines": [ "Ligne 10" ], "color": "#C9910D", "planned": false, "lineage": "Porte d'Italie" }, "geometry": { "type": "Point", "coordinates": [ 2.360805, 48.819196 ] } },
{ "type": "Feature", "properties": { "start_date": "1931-04-26", "end_date": "2028-12-02", "name": "Porte d'Italie", "lines": [ "Ligne 7" ], "color": "#FA9ABA", "planned": false, "lineage": "Porte d'Italie" }, "geometry": { "type": "Point", "coordinates": [ 2.360805, 48.819196 ] } },
{ "type": "Feature", "properties": { "start_date": "1931-04-26", "end_date": "2028-12-02", "name": "Porte d'Ivry", "lines": [ "Ligne 7" ], "color": "#FA9ABA", "planned": false, "lineage": "Porte d'Ivry" }, "geometry": { "type": "Point", "coordinates": [ 2.370439768, 48.82095992 ] } },
{ "type": "Feature", "properties": { "start_date": "1909-10-30", "end_date": "2028-12-02", "name": "Porte d'Orléans", "lines": [ "Ligne 4" ], "color": "#CF009E", "planned": false, "lineage": "Porte d'Orléans" }, "geometry": { "type": "Point", "coordinates": [ 2.325363, 48.82319 ] } },
{ "type": "Feature", "properties": { "start_date": "1900-12-13", "end_date": "2028-12-02", "name": "Porte Dauphine", "lines": [ "Ligne 2" ], "color": "#003CA6", "planned": false, "lineage": "Porte Dauphine" }, "geometry": { "type": "Point", "coordinates": [ 2.276768, 48.871545 ] } },
{ "type": "Feature", "properties": { "start_date": "1971-04-02", "end_date": "2028-12-02", "name": "Porte de Bagnolet", "lines": [ "Ligne 3" ], "color": "#837902", "planned": false, "lineage": "Porte de Bagnolet" }, "geometry": { "type": "Point", "coordinates": [ 2.407278, 48.864565 ] } },
{ "type": "Feature", "properties": { "start_date": "1911-02-11", "end_date": "2028-12-02", "name": "Porte de Champerret", "lines": [ "Ligne 3" ], "color": "#837902", "planned": false, "lineage": "Porte de Champerret" }, "geometry": { "type": "Point", "coordinates": [ 2.293487, 48.885851 ] } },
{ "type": "Feature", "properties": { "start_date": "1931-05-05", "end_date": "2028-12-02", "name": "Porte de Charenton", "lines": [ "Ligne 8" ], "color": "#E19BDF", "planned": false, "lineage": "Porte de Charenton" }, "geometry": { "type": "Point", "coordinates": [ 2.400400043, 48.83278016 ] } },
{ "type": "Feature", "properties": { "start_date": "1930-03-07", "end_date": "1931-04-26", "name": "Porte de Choisy", "lines": [ "Ligne 10" ], "color": "#C9910D", "planned": false, "lineage": "Porte de Choisy" }, "geometry": { "type": "Point", "coordinates": [ 2.365292609, 48.82031533 ] } },
{ "type": "Feature", "properties": { "start_date": "1931-04-26", "end_date": "2028-12-02", "name": "Porte de Choisy", "lines": [ "Ligne 7" ], "color": "#FA9ABA", "planned": false, "lineage": "Porte de Choisy" }, "geometry": { "type": "Point", "coordinates": [ 2.365292609, 48.82031533 ] } },
{ "type": "Feature", "properties": { "start_date": "1912-01-20", "end_date": "1931-03-27", "name": "Porte de Clichy", "lines": [ "Ligne B" ], "color": "#1891c4", "planned": false, "lineage": "Porte de Clichy" }, "geometry": { "type": "Point", "coordinates": [ 2.313652039, 48.89434542 ] } },
{ "type": "Feature", "properties": { "start_date": "1931-03-27", "end_date": "2021-01-28", "name": "Porte de Clichy", "lines": [ "Ligne 13" ], "color": "#6EC4E8", "planned": false, "lineage": "Porte de Clichy" }, "geometry": { "type": "Point", "coordinates": [ 2.313652039, 48.89434542 ] } },
{ "type": "Feature", "properties": { "start_date": "2021-01-28", "end_date": "2028-12-02", "name": "Porte de Clichy", "lines": [ "Ligne 13", "Ligne 14" ], "color": "#D8D8B9", "planned": false, "lineage": "Porte de Clichy" }, "geometry": { "type": "Point", "coordinates": [ 2.313652039, 48.89434542 ] } },
{ "type": "Feature", "properties": { "start_date": "1908-04-21", "end_date": "2028-12-02", "name": "Porte de Clignancourt", "lines": [ "Ligne 4" ], "color": "#CF009E", "planned": false, "lineage": "Porte de Clignancourt" }, "geometry": { "type": "Point", "coordinates": [ 2.344778877, 48.89728706 ] } },
{ "type": "Feature", "properties": { "start_date": "1916-08-23", "end_date": "1931-03-27", "name": "Porte de la Chapelle", "lines": [ "Ligne A" ], "color": "#2b5439", "planned": false, "lineage": "Porte de la Chapelle" }, "geometry": { "type": "Point", "coordinates": [ 2.359190583, 48.89727437 ] } },
{ "type": "Feature", "properties": { "start_date": "1931-03-27", "end_date": "2028-12-02", "name": "Porte de la Chapelle", "lines": [ "Ligne 12" ], "color": "#007852", "planned": false, "lineage": "Porte de la Chapelle" }, "geometry": { "type": "Point", "coordinates": [ 2.359190583, 48.89727437 ] } },
{ "type": "Feature", "properties": { "start_date": "1910-11-05", "end_date": "2028-12-02", "name": "Porte de la Villette", "lines": [ "Ligne 7" ], "color": "#FA9ABA", "planned": false, "lineage": "Porte de la Villette" }, "geometry": { "type": "Point", "coordinates": [ 2.385875881, 48.89708922 ] } },
{ "type": "Feature", "properties": { "start_date": "1933-12-10", "end_date": "2028-12-02", "name": "Porte de Montreuil", "lines": [ "Ligne 9" ], "color": "#B6BD00", "planned": false, "lineage": "Porte de Montreuil" }, "geometry": { "type": "Point", "coordinates": [ 2.412244678, 48.85379155 ] } },
{ "type": "Feature", "properties": { "start_date": "1942-10-12", "end_date": "2028-12-02", "name": "Porte de Pantin", "lines": [ "Ligne 5" ], "color": "#FF7E2E", "planned": false, "lineage": "Porte de Pantin" }, "geometry": { "type": "Point", "coordinates": [ 2.391814291, 48.88847113 ] } },
{ "type": "Feature", "properties": { "start_date": "1923-09-29", "end_date": "2028-12-02", "name": "Porte de Saint-Cloud", "lines": [ "Ligne 9" ], "color": "#B6BD00", "planned": false, "lineage": "Porte de Saint-Cloud" }, "geometry": { "type": "Point", "coordinates": [ 2.256956, 48.838082 ] } },
{ "type": "Feature", "properties": { "start_date": "1911-02-26", "end_date": "1931-03-27", "name": "Porte de Saint-Ouen", "lines": [ "Ligne B" ], "color": "#1891c4", "planned": false, "lineage": "Porte de Saint-Ouen" }, "geometry": { "type": "Point", "coordinates": [ 2.32870996, 48.89677359 ] } },
{ "type": "Feature", "properties": { "start_date": "1931-03-27", "end_date": "2028-12-02", "name": "Porte de Saint-Ouen", "lines": [ "Ligne 13" ], "color": "#6EC4E8", "planned": false, "lineage": "Porte de Saint-Ouen" }, "geometry": { "type": "Point", "coordinates": [ 2.32870996, 48.89677359 ] } },
{ "type": "Feature", "properties": { "start_date": "1937-01-21", "end_date": "1976-11-09", "name": "Porte de Vanves", "lines": [ "Ligne 14 (ancienne)" ], "color": "#135e12", "planned": false, "lineage": "Porte de Vanves" }, "geometry": { "type": "Point", "coordinates": [ 2.305884361, 48.82794045 ] } },
{ "type": "Feature", "properties": { "start_date": "1976-11-09", "end_date": "2028-12-02", "name": "Porte de Vanves", "lines": [ "Ligne 13" ], "color": "#6EC4E8", "planned": false, "lineage": "Porte de Vanves" }, "geometry": { "type": "Point", "coordinates": [ 2.305884361, 48.82794045 ] } },
{ "type": "Feature", "properties": { "start_date": "1910-11-05", "end_date": "1931-03-27", "name": "Porte de Versailles", "lines": [ "Ligne A" ], "color": "#2b5439", "planned": false, "lineage": "Porte de Versailles" }, "geometry": { "type": "Point", "coordinates": [ 2.291597, 48.832639 ] } },
{ "type": "Feature", "properties": { "start_date": "1931-03-27", "end_date": "2028-12-02", "name": "Porte de Versailles", "lines": [ "Ligne 12" ], "color": "#007852", "planned": false, "lineage": "Porte de Versailles" }, "geometry": { "type": "Point", "coordinates": [ 2.287841, 48.832328 ] } },
{ "type": "Feature", "properties": { "start_date": "1900-07-19", "end_date": "2028-12-02", "name": "Porte de Vincenne", "lines": [ "Ligne 1" ], "color": "#FFCD00", "planned": false, "lineage": "Porte de Vincenne" }, "geometry": { "type": "Point", "coordinates": [ 2.408883525, 48.84726571 ] } },
{ "type": "Feature", "properties": { "start_date": "1921-11-27", "end_date": "1935-04-28", "name": "Porte des Lilas", "lines": [ "Ligne 3", "Voie des Fêtes et voie navette" ], "color": "#D8D8B9", "planned": false, "lineage": "Porte des Lilas" }, "geometry": { "type": "Point", "coordinates": [ 2.406655, 48.877183 ] } },
{ "type": "Feature", "properties": { "start_date": "1935-04-28", "end_date": "1939-09-03", "name": "Porte des Lilas", "lines": [ "Ligne 11", "Ligne 3", "Voie des Fêtes et voie navette" ], "color": "#D8D8B9", "planned": false, "lineage": "Porte des Lilas" }, "geometry": { "type": "Point", "coordinates": [ 2.406655, 48.877183 ] } },
{ "type": "Feature", "properties": { "start_date": "1939-09-03", "end_date": "1971-03-27", "name": "Porte des Lilas", "lines": [ "Ligne 11", "Ligne 3" ], "color": "#D8D8B9", "planned": false, "lineage": "Porte des Lilas" }, "geometry": { "type": "Point", "coordinates": [ 2.406655, 48.877183 ] } },
{ "type": "Feature", "properties": { "start_date": "1971-03-27", "end_date": "2028-12-02", "name": "Porte des Lilas", "lines": [ "Ligne 11", "Ligne 3 bis" ], "color": "#D8D8B9", "planned": false, "lineage": "Porte des Lilas" }, "geometry": { "type": "Point", "coordinates": [ 2.406655, 48.877183 ] } },
{ "type": "Feature", "properties": { "start_date": "1931-05-05", "end_date": "2028-12-02", "name": "Porte Dorée", "lines": [ "Ligne 8" ], "color": "#E19BDF", "planned": false, "lineage": "Porte Dorée" }, "geometry": { "type": "Point", "coordinates": [ 2.406099737, 48.83548144 ] } },
{ "type": "Feature", "properties": { "start_date": "1900-07-19", "end_date": "1937-04-27", "name": "Porte Maillot", "lines": [ "Ligne 1" ], "color": "#FFCD00", "planned": false, "lineage": "Porte Maillot" }, "geometry": { "type": "Point", "coordinates": [ 2.287167, 48.877366 ] } },
{ "type": "Feature", "properties": { "start_date": "1937-04-27", "end_date": "2028-12-02", "name": "Porte Maillot", "lines": [ "Ligne 1" ], "color": "#FFCD00", "planned": false, "lineage": "Porte Maillot" }, "geometry": { "type": "Point", "coordinates": [ 2.281836173, 48.8779645 ] } },
{ "type": "Feature", "properties": { "start_date": "1911-01-18", "end_date": "1967-12-03", "name": "Pré-Saint-Gervais", "lines": [ "Ligne 7" ], "color": "#FA9ABA", "planned": false, "lineage": "Pré-Saint-Gervais" }, "geometry": { "type": "Point", "coordinates": [ 2.398914099, 48.8802502 ] } },
{ "type": "Feature", "properties": { "start_date": "1967-12-03", "end_date": "2028-12-02", "name": "Pré-Saint-Gervais", "lines": [ "Ligne 7 bis" ], "color": "#6ECA97", "planned": false, "lineage": "Pré-Saint-Gervais" }, "geometry": { "type": "Point", "coordinates": [ 2.398914099, 48.8802502 ] } },
{ "type": "Feature", "properties": { "start_date": "1916-07-01", "end_date": "1998-10-15", "name": "Pyramides", "lines": [ "Ligne 7" ], "color": "#FA9ABA", "planned": false, "lineage": "Pyramides" }, "geometry": { "type": "Point", "coordinates": [ 2.333665066, 48.8669463 ] } },
{ "type": "Feature", "properties": { "start_date": "1998-10-15", "end_date": "2028-12-02", "name": "Pyramides", "lines": [ "Ligne 14", "Ligne 7" ], "color": "#D8D8B9", "planned": false, "lineage": "Pyramides" }, "geometry": { "type": "Point", "coordinates": [ 2.333665066, 48.8669463 ] } },
{ "type": "Feature", "properties": { "start_date": "1935-04-28", "end_date": "2028-12-02", "name": "Pyrénées", "lines": [ "Ligne 11" ], "color": "#704B1C", "planned": false, "lineage": "Pyrénées" }, "geometry": { "type": "Point", "coordinates": [ 2.385258973, 48.87387501 ] } },
{ "type": "Feature", "properties": { "start_date": "1909-03-01", "end_date": "2028-12-02", "name": "Quai de la Gare", "lines": [ "Ligne 6" ], "color": "#6ECA97", "planned": false, "lineage": "Quai de la Gare" }, "geometry": { "type": "Point", "coordinates": [ 2.372773, 48.837069 ] } },
{ "type": "Feature", "properties": { "start_date": "1906-07-13", "end_date": "1907-10-15", "name": "Place Mazas", "lines": [ "Ligne 5" ], "color": "#FF7E2E", "planned": false, "lineage": "Quai de la Rapée" }, "geometry": { "type": "Point", "coordinates": [ 2.365826368, 48.84653927 ] } },
{ "type": "Feature", "properties": { "start_date": "1907-10-15", "end_date": "1916-06-01", "name": "Pont d'Austerlitz", "lines": [ "Ligne 5" ], "color": "#FF7E2E", "planned": false, "lineage": "Quai de la Rapée" }, "geometry": { "type": "Point", "coordinates": [ 2.365826368, 48.84653927 ] } },
{ "type": "Feature", "properties": { "start_date": "1916-06-01", "end_date": "2028-12-02", "name": "Quai de la Rapée", "lines": [ "Ligne 5" ], "color": "#FF7E2E", "planned": false, "lineage": "Quai de la Rapée" }, "geometry": { "type": "Point", "coordinates": [ 2.365826368, 48.84653927 ] } },
{ "type": "Feature", "properties": { "start_date": "1904-11-03", "end_date": "2028-12-02", "name": "Quatre-Septembre", "lines": [ "Ligne 3" ], "color": "#837902", "planned": false, "lineage": "Quatre-Septembre" }, "geometry": { "type": "Point", "coordinates": [ 2.336633, 48.869574 ] } },
{ "type": "Feature", "properties": { "start_date": "1935-04-28", "end_date": "2028-12-02", "name": "Rambuteau", "lines": [ "Ligne 11" ], "color": "#704B1C", "planned": false, "lineage": "Rambuteau" }, "geometry": { "type": "Point", "coordinates": [ 2.353905, 48.861951 ] } },
{ "type": "Feature", "properties": { "start_date": "1922-11-08", "end_date": "2028-12-02", "name": "Ranelagh", "lines": [ "Ligne 9" ], "color": "#B6BD00", "planned": false, "lineage": "Ranelagh" }, "geometry": { "type": "Point", "coordinates": [ 2.269634306, 48.85501987 ] } },
{ "type": "Feature", "properties": { "start_date": "1906-04-24", "end_date": "1907-10-17", "name": "Raspail", "lines": [ "Ligne 2 Sud" ], "color": "#ab1f07", "planned": false, "lineage": "Raspail" }, "geometry": { "type": "Point", "coordinates": [ 2.330606282, 48.83919413 ] } },
{ "type": "Feature", "properties": { "start_date": "1907-10-17", "end_date": "1909-10-30", "name": "Raspail", "lines": [ "Ligne 5" ], "color": "#FF7E2E", "planned": false, "lineage": "Raspail" }, "geometry": { "type": "Point", "coordinates": [ 2.330606282, 48.83919413 ] } },
{ "type": "Feature", "properties": { "start_date": "1909-10-30", "end_date": "1942-10-06", "name": "Raspail", "lines": [ "Ligne 4", "Ligne 5" ], "color": "#D8D8B9", "planned": false, "lineage": "Raspail" }, "geometry": { "type": "Point", "coordinates": [ 2.330606282, 48.83919413 ] } },
{ "type": "Feature", "properties": { "start_date": "1942-10-06", "end_date": "2028-12-02", "name": "Raspail", "lines": [ "Ligne 4", "Ligne 6" ], "color": "#D8D8B9", "planned": false, "lineage": "Raspail" }, "geometry": { "type": "Point", "coordinates": [ 2.330606282, 48.83919413 ] } },
{ "type": "Feature", "properties": { "start_date": "1904-11-19", "end_date": "1907-10-15", "name": "Rue Saint-Denis", "lines": [ "Ligne 3" ], "color": "#837902", "planned": false, "lineage": "Réaumur - Sébastopol" }, "geometry": { "type": "Point", "coordinates": [ 2.352388501, 48.86624629 ] } },
{ "type": "Feature", "properties": { "start_date": "1907-10-15", "end_date": "1908-04-21", "name": "Réaumur - Sébastopol", "lines": [ "Ligne 3" ], "color": "#837902", "planned": false, "lineage": "Réaumur - Sébastopol" }, "geometry": { "type": "Point", "coordinates": [ 2.352388501, 48.86624629 ] } },
{ "type": "Feature", "properties": { "start_date": "1908-04-21", "end_date": "2028-12-02", "name": "Réaumur - Sébastopol", "lines": [ "Ligne 3", "Ligne 4" ], "color": "#D8D8B9", "planned": false, "lineage": "Réaumur - Sébastopol" }, "geometry": { "type": "Point", "coordinates": [ 2.352388501, 48.86624629 ] } },
{ "type": "Feature", "properties": { "start_date": "1910-11-05", "end_date": "1931-03-27", "name": "Rennes", "lines": [ "Ligne A" ], "color": "#2b5439", "planned": false, "lineage": "Rennes" }, "geometry": { "type": "Point", "coordinates": [ 2.32776314, 48.84819314 ] } },
{ "type": "Feature", "properties": { "start_date": "1931-03-27", "end_date": "1939-09-03", "name": "Rennes", "lines": [ "Ligne 12" ], "color": "#007852", "planned": false, "lineage": "Rennes" }, "geometry": { "type": "Point", "coordinates": [ 2.32776314, 48.84819314 ] } },
{ "type": "Feature", "properties": { "start_date": "1968-05-20", "end_date": "2028-12-02", "name": "Rennes", "lines": [ "Ligne 12" ], "color": "#007852", "planned": false, "lineage": "Rennes" }, "geometry": { "type": "Point", "coordinates": [ 2.32776314, 48.84819314 ] } },
{ "type": "Feature", "properties": { "start_date": "1904-10-19", "end_date": "1907-11-15", "name": "République", "lines": [ "Ligne 3" ], "color": "#837902", "planned": false, "lineage": "République" }, "geometry": { "type": "Point", "coordinates": [ 2.363811, 48.867503 ] } },
{ "type": "Feature", "properties": { "start_date": "1907-11-15", "end_date": "1931-05-05", "name": "République", "lines": [ "Ligne 3", "Ligne 5" ], "color": "#D8D8B9", "planned": false, "lineage": "République" }, "geometry": { "type": "Point", "coordinates": [ 2.363811, 48.867503 ] } },
{ "type": "Feature", "properties": { "start_date": "1931-05-05", "end_date": "1933-12-10", "name": "République", "lines": [ "Ligne 3", "Ligne 5", "Ligne 8" ], "color": "#D8D8B9", "planned": false, "lineage": "République" }, "geometry": { "type": "Point", "coordinates": [ 2.363811, 48.867503 ] } },
{ "type": "Feature", "properties": { "start_date": "1933-12-10", "end_date": "1935-04-28", "name": "République", "lines": [ "Ligne 3", "Ligne 5", "Ligne 8", "Ligne 9" ], "color": "#D8D8B9", "planned": false, "lineage": "République" }, "geometry": { "type": "Point", "coordinates": [ 2.363811, 48.867503 ] } },
{ "type": "Feature", "properties": { "start_date": "1935-04-28", "end_date": "2028-12-02", "name": "République", "lines": [ "Ligne 11", "Ligne 3", "Ligne 5", "Ligne 8", "Ligne 9" ], "color": "#D8D8B9", "planned": false, "lineage": "République" }, "geometry": { "type": "Point", "coordinates": [ 2.363811, 48.867503 ] } },
{ "type": "Feature", "properties": { "start_date": "1900-08-20", "end_date": "1931-05-05", "name": "Reuilly", "lines": [ "Ligne 1" ], "color": "#FFCD00", "planned": false, "lineage": "Reuilly - Diderot" }, "geometry": { "type": "Point", "coordinates": [ 2.386702, 48.847265 ] } },
{ "type": "Feature", "properties": { "start_date": "1931-05-05", "end_date": "2028-12-02", "name": "Reuilly - Diderot", "lines": [ "Ligne 1", "Ligne 8" ], "color": "#D8D8B9", "planned": false, "lineage": "Reuilly - Diderot" }, "geometry": { "type": "Point", "coordinates": [ 2.386702, 48.847265 ] } },
{ "type": "Feature", "properties": { "start_date": "1906-12-17", "end_date": "2028-12-02", "name": "Richard-Lenoir", "lines": [ "Ligne 5" ], "color": "#FF7E2E", "planned": false, "lineage": "Richard-Lenoir" }, "geometry": { "type": "Point", "coordinates": [ 2.371843, 48.859772 ] } },
{ "type": "Feature", "properties": { "start_date": "1928-06-30", "end_date": "2028-12-02", "name": "Richelieu - Drouot", "lines": [ "Ligne 8", "Ligne 9" ], "color": "#D8D8B9", "planned": false, "lineage": "Richelieu - Drouot" }, "geometry": { "type": "Point", "coordinates": [ 2.338741422, 48.87198735 ] } },
{ "type": "Feature", "properties": { "start_date": "1910-11-05", "end_date": "2028-12-02", "name": "Riquet", "lines": [ "Ligne 7" ], "color": "#FA9ABA", "planned": false, "lineage": "Riquet" }, "geometry": { "type": "Point", "coordinates": [ 2.373577952, 48.88788032 ] } },
{ "type": "Feature", "properties": { "start_date": "1937-10-14", "end_date": "2028-12-02", "name": "Robespierre", "lines": [ "Ligne 9" ], "color": "#B6BD00", "planned": false, "lineage": "Robespierre" }, "geometry": { "type": "Point", "coordinates": [ 2.423678, 48.855683 ] } },
{ "type": "Feature", "properties": { "start_date": "1902-11-06", "end_date": "2028-12-02", "name": "Rome", "lines": [ "Ligne 2" ], "color": "#003CA6", "planned": false, "lineage": "Rome" }, "geometry": { "type": "Point", "coordinates": [ 2.322052, 48.882425 ] } },
{ "type": "Feature", "properties": { "start_date": "1922-11-08", "end_date": "2028-12-02", "name": "Rue de la Pompe", "lines": [ "Ligne 9" ], "color": "#B6BD00", "planned": false, "lineage": "Rue de la Pompe" }, "geometry": { "type": "Point", "coordinates": [ 2.279051542, 48.86391193 ] } },
{ "type": "Feature", "properties": { "start_date": "1933-12-10", "end_date": "1998-09-01", "name": "Rue des Boulets - Rue de Montreuil", "lines": [ "Ligne 9" ], "color": "#B6BD00", "planned": false, "lineage": "Rue des Boulets" }, "geometry": { "type": "Point", "coordinates": [ 2.390151322, 48.85181135 ] } },
{ "type": "Feature", "properties": { "start_date": "1998-09-01", "end_date": "2028-12-02", "name": "Rue des Boulets", "lines": [ "Ligne 9" ], "color": "#B6BD00", "planned": false, "lineage": "Rue des Boulets" }, "geometry": { "type": "Point", "coordinates": [ 2.390151322, 48.85181135 ] } },
{ "type": "Feature", "properties": { "start_date": "1910-11-05", "end_date": "1931-03-27", "name": "Rue du Bac", "lines": [ "Ligne A" ], "color": "#2b5439", "planned": false, "lineage": "Rue du Bac" }, "geometry": { "type": "Point", "coordinates": [ 2.325606644, 48.85569049 ] } },
{ "type": "Feature", "properties": { "start_date": "1931-03-27", "end_date": "2028-12-02", "name": "Rue du Bac", "lines": [ "Ligne 12" ], "color": "#007852", "planned": false, "lineage": "Rue du Bac" }, "geometry": { "type": "Point", "coordinates": [ 2.325606644, 48.85569049 ] } },
{ "type": "Feature", "properties": { "start_date": "1904-10-19", "end_date": "1998-09-01", "name": "Saint-Maur", "lines": [ "Ligne 3" ], "color": "#837902", "planned": false, "lineage": "Rue Saint-Maur" }, "geometry": { "type": "Point", "coordinates": [ 2.379448, 48.864335 ] } },
{ "type": "Feature", "properties": { "start_date": "1998-09-01", "end_date": "2028-12-02", "name": "Rue Saint-Maur", "lines": [ "Ligne 3" ], "color": "#837902", "planned": false, "lineage": "Rue Saint-Maur" }, "geometry": { "type": "Point", "coordinates": [ 2.379448, 48.864335 ] } },
{ "type": "Feature", "properties": { "start_date": "1933-12-10", "end_date": "2028-12-02", "name": "Saint-Ambroise", "lines": [ "Ligne 9" ], "color": "#B6BD00", "planned": false, "lineage": "Saint-Ambroise" }, "geometry": { "type": "Point", "coordinates": [ 2.374210954, 48.86129512 ] } },
{ "type": "Feature", "properties": { "start_date": "1923-05-27", "end_date": "2003-12-16", "name": "Saint-Augustin", "lines": [ "Ligne 9" ], "color": "#B6BD00", "planned": false, "lineage": "Saint-Augustin" }, "geometry": { "type": "Point", "coordinates": [ 2.322133183, 48.8744413 ] } },
{ "type": "Feature", "properties": { "start_date": "2003-12-16", "end_date": "2028-12-02", "name": "Saint-Augustin", "lines": [ "Couloirs", "Ligne 9" ], "color": "#D8D8B9", "planned": false, "lineage": "Saint-Augustin" }, "geometry": { "type": "Point", "coordinates": [ 2.322133183, 48.8744413 ] } },
{ "type": "Feature", "properties": { "start_date": "1976-06-20", "end_date": "2028-12-02", "name": "Saint-Denis - Porte de Paris", "lines": [ "Ligne 13" ], "color": "#6EC4E8", "planned": false, "lineage": "Saint-Denis - Porte de Paris" }, "geometry": { "type": "Point", "coordinates": [ 2.357769012, 48.93021104 ] } },
{ "type": "Feature", "properties": { "start_date": "1998-05-25", "end_date": "2028-12-02", "name": "Saint-Denis - Université", "lines": [ "Ligne 13" ], "color": "#6EC4E8", "planned": false, "lineage": "Saint-Denis - Université" }, "geometry": { "type": "Point", "coordinates": [ 2.363674, 48.945799 ] } },
{ "type": "Feature", "properties": { "start_date": "1921-11-27", "end_date": "1971-03-27", "name": "Saint-Fargeau", "lines": [ "Ligne 3" ], "color": "#837902", "planned": false, "lineage": "Saint-Fargeau" }, "geometry": { "type": "Point", "coordinates": [ 2.404519916, 48.87208261 ] } },
{ "type": "Feature", "properties": { "start_date": "1971-03-27", "end_date": "2028-12-02", "name": "Saint-Fargeau", "lines": [ "Ligne 3 bis" ], "color": "#6EC4E8", "planned": false, "lineage": "Saint-Fargeau" }, "geometry": { "type": "Point", "coordinates": [ 2.404519916, 48.87208261 ] } },
{ "type": "Feature", "properties": { "start_date": "1923-12-30", "end_date": "1937-07-27", "name": "Saint-François-Xavier", "lines": [ "Ligne 10" ], "color": "#C9910D", "planned": false, "lineage": "Saint-François-Xavier" }, "geometry": { "type": "Point", "coordinates": [ 2.314475477, 48.85195078 ] } },
{ "type": "Feature", "properties": { "start_date": "1937-07-27", "end_date": "1976-11-09", "name": "Saint-François-Xavier", "lines": [ "Ligne 14 (ancienne)" ], "color": "#135e12", "planned": false, "lineage": "Saint-François-Xavier" }, "geometry": { "type": "Point", "coordinates": [ 2.314475477, 48.85195078 ] } },
{ "type": "Feature", "properties": { "start_date": "1976-11-09", "end_date": "2028-12-02", "name": "Saint-François-Xavier", "lines": [ "Ligne 13" ], "color": "#6EC4E8", "planned": false, "lineage": "Saint-François-Xavier" }, "geometry": { "type": "Point", "coordinates": [ 2.314475477, 48.85195078 ] } },
{ "type": "Feature", "properties": { "start_date": "1911-04-08", "end_date": "1931-03-27", "name": "Saint-Georges", "lines": [ "Ligne A" ], "color": "#2b5439", "planned": false, "lineage": "Saint-Georges" }, "geometry": { "type": "Point", "coordinates": [ 2.337381542, 48.87844922 ] } },
{ "type": "Feature", "properties": { "start_date": "1931-03-27", "end_date": "2028-12-02", "name": "Saint-Georges", "lines": [ "Ligne 12" ], "color": "#007852", "planned": false, "lineage": "Saint-Georges" }, "geometry": { "type": "Point", "coordinates": [ 2.337381542, 48.87844922 ] } },
{ "type": "Feature", "properties": { "start_date": "1910-01-09", "end_date": "2028-12-02", "name": "Saint-Germain-des-Prés", "lines": [ "Ligne 4" ], "color": "#CF009E", "planned": false, "lineage": "Saint-Germain-des-Prés" }, "geometry": { "type": "Point", "coordinates": [ 2.333280444, 48.8537739 ] } },
{ "type": "Feature", "properties": { "start_date": "1906-04-24", "end_date": "1907-10-17", "name": "Saint-Jacques", "lines": [ "Ligne 2 Sud" ], "color": "#ab1f07", "planned": false, "lineage": "Saint-Jacques" }, "geometry": { "type": "Point", "coordinates": [ 2.337081134, 48.83291258 ] } },
{ "type": "Feature", "properties": { "start_date": "1907-10-17", "end_date": "1942-10-06", "name": "Saint-Jacques", "lines": [ "Ligne 5" ], "color": "#FF7E2E", "planned": false, "lineage": "Saint-Jacques" }, "geometry": { "type": "Point", "coordinates": [ 2.337081134, 48.83291258 ] } },
{ "type": "Feature", "properties": { "start_date": "1942-10-06", "end_date": "2028-12-02", "name": "Saint-Jacques", "lines": [ "Ligne 6" ], "color": "#6ECA97", "planned": false, "lineage": "Saint-Jacques" }, "geometry": { "type": "Point", "coordinates": [ 2.337081134, 48.83291258 ] } },
{ "type": "Feature", "properties": { "start_date": "1904-10-19", "end_date": "1910-11-05", "name": "Saint-Lazare", "lines": [ "Ligne 3" ], "color": "#837902", "planned": false, "lineage": "Saint-Lazare" }, "geometry": { "type": "Point", "coordinates": [ 2.326185659, 48.87557787 ] } },
{ "type": "Feature", "properties": { "start_date": "1910-11-05", "end_date": "1911-02-26", "name": "Saint-Lazare", "lines": [ "Ligne 3", "Ligne A" ], "color": "#D8D8B9", "planned": false, "lineage": "Saint-Lazare" }, "geometry": { "type": "Point", "coordinates": [ 2.326185659, 48.87557787 ] } },
{ "type": "Feature", "properties": { "start_date": "1911-02-26", "end_date": "1931-03-27", "name": "Saint-Lazare", "lines": [ "Ligne 3", "Ligne A", "Ligne B" ], "color": "#D8D8B9", "planned": false, "lineage": "Saint-Lazare" }, "geometry": { "type": "Point", "coordinates": [ 2.326185659, 48.87557787 ] } },
{ "type": "Feature", "properties": { "start_date": "1931-03-27", "end_date": "2003-12-16", "name": "Saint-Lazare", "lines": [ "Ligne 12", "Ligne 13", "Ligne 3" ], "color": "#D8D8B9", "planned": false, "lineage": "Saint-Lazare" }, "geometry": { "type": "Point", "coordinates": [ 2.326185659, 48.87557787 ] } },
{ "type": "Feature", "properties": { "start_date": "2003-12-16", "end_date": "2028-12-02", "name": "Saint-Lazare", "lines": [ "Couloirs", "Ligne 12", "Ligne 13", "Ligne 14", "Ligne 3" ], "color": "#D8D8B9", "planned": false, "lineage": "Saint-Lazare" }, "geometry": { "type": "Point", "coordinates": [ 2.326185659, 48.87557787 ] } },
{ "type": "Feature", "properties": { "start_date": "1934-03-24", "end_date": "1937-04-26", "name": "Tourelle", "lines": [ "Ligne 1" ], "color": "#FFCD00", "planned": false, "lineage": "Saint-Mandé" }, "geometry": { "type": "Point", "coordinates": [ 2.418673101, 48.84629776 ] } },
{ "type": "Feature", "properties": { "start_date": "1937-04-26", "end_date": "2002-07-16", "name": "Saint-Mandé", "lines": [ "Ligne 1" ], "color": "#FFCD00", "planned": false, "lineage": "Saint-Mandé" }, "geometry": { "type": "Point", "coordinates": [ 2.418673101, 48.84629776 ] } },
{ "type": "Feature", "properties": { "start_date": "2002-07-16", "end_date": "2028-12-02", "name": "Saint-Mandé - Tourelle", "lines": [ "Ligne 1" ], "color": "#FFCD00", "planned": false, "lineage": "Saint-Mandé" }, "geometry": { "type": "Point", "coordinates": [ 2.418673101, 48.84629776 ] } },
{ "type": "Feature", "properties": { "start_date": "1906-06-02", "end_date": "2028-12-02", "name": "Saint-Marcel", "lines": [ "Ligne 5" ], "color": "#FF7E2E", "planned": false, "lineage": "Saint-Marcel" }, "geometry": { "type": "Point", "coordinates": [ 2.360416353, 48.83798838 ] } },
{ "type": "Feature", "properties": { "start_date": "1931-05-05", "end_date": "1933-12-10", "name": "Saint-Martin", "lines": [ "Ligne 8" ], "color": "#E19BDF", "planned": false, "lineage": "Saint-Martin" }, "geometry": { "type": "Point", "coordinates": [ 2.358661, 48.86844 ] } },
{ "type": "Feature", "properties": { "start_date": "1933-12-10", "end_date": "1939-09-02", "name": "Saint-Martin", "lines": [ "Ligne 8", "Ligne 9" ], "color": "#D8D8B9", "planned": false, "lineage": "Saint-Martin" }, "geometry": { "type": "Point", "coordinates": [ 2.358661, 48.86844 ] } },
{ "type": "Feature", "properties": { "start_date": "1939-09-02", "end_date": "1939-09-03", "name": "Saint-Martin", "lines": [ "Ligne 8" ], "color": "#E19BDF", "planned": false, "lineage": "Saint-Martin" }, "geometry": { "type": "Point", "coordinates": [ 2.358661, 48.86844 ] } },
{ "type": "Feature", "properties": { "start_date": "1910-07-09", "end_date": "2028-12-02", "name": "Saint-Michel", "lines": [ "Ligne 4" ], "color": "#CF009E", "planned": false, "lineage": "Saint-Michel" }, "geometry": { "type": "Point", "coordinates": [ 2.343928814, 48.85365036 ] } },
{ "type": "Feature", "properties": { "start_date": "1900-08-06", "end_date": "2028-12-02", "name": "Saint-Paul", "lines": [ "Ligne 1" ], "color": "#FFCD00", "planned": false, "lineage": "Saint-Paul" }, "geometry": { "type": "Point", "coordinates": [ 2.360653354, 48.8551436 ] } },
{ "type": "Feature", "properties": { "start_date": "1923-05-27", "end_date": "2028-12-02", "name": "Saint-Philippe du Roule", "lines": [ "Ligne 9" ], "color": "#B6BD00", "planned": false, "lineage": "Saint-Philippe du Roule" }, "geometry": { "type": "Point", "coordinates": [ 2.310036421, 48.87194148 ] } },
{ "type": "Feature", "properties": { "start_date": "1910-01-09", "end_date": "1913-11-15", "name": "Vaugirard", "lines": [ "Ligne 4" ], "color": "#CF009E", "planned": false, "lineage": "Saint-Placide" }, "geometry": { "type": "Point", "coordinates": [ 2.32691288, 48.84684463 ] } },
{ "type": "Feature", "properties": { "start_date": "1913-11-15", "end_date": "2028-12-02", "name": "Saint-Placide", "lines": [ "Ligne 4" ], "color": "#CF009E", "planned": false, "lineage": "Saint-Placide" }, "geometry": { "type": "Point", "coordinates": [ 2.32691288, 48.84684463 ] } },
{ "type": "Feature", "properties": { "start_date": "1931-05-05", "end_date": "1932-01-12", "name": "Saint-Sébastien", "lines": [ "Ligne 8" ], "color": "#E19BDF", "planned": false, "lineage": "Saint-Sébastien - Froissart" }, "geometry": { "type": "Point", "coordinates": [ 2.36735791, 48.86047987 ] } },
{ "type": "Feature", "properties": { "start_date": "1932-01-12", "end_date": "2028-12-02", "name": "Saint-Sébastien - Froissart", "lines": [ "Ligne 8" ], "color": "#E19BDF", "planned": false, "lineage": "Saint-Sébastien - Froissart" }, "geometry": { "type": "Point", "coordinates": [ 2.36735791, 48.86047987 ] } },
{ "type": "Feature", "properties": { "start_date": "1910-01-09", "end_date": "2028-12-02", "name": "Saint-Sulpice", "lines": [ "Ligne 4" ], "color": "#CF009E", "planned": false, "lineage": "Saint-Sulpice" }, "geometry": { "type": "Point", "coordinates": [ 2.330651879, 48.85090947 ] } },
{ "type": "Feature", "properties": { "start_date": "1937-09-29", "end_date": "2028-12-02", "name": "Ségur", "lines": [ "Ligne 10" ], "color": "#C9910D", "planned": false, "lineage": "Ségur" }, "geometry": { "type": "Point", "coordinates": [ 2.306852639, 48.84743417 ] } },
{ "type": "Feature", "properties": { "start_date": "1904-11-20", "end_date": "2028-12-02", "name": "Sentier", "lines": [ "Ligne 3" ], "color": "#837902", "planned": false, "lineage": "Sentier" }, "geometry": { "type": "Point", "coordinates": [ 2.346387, 48.867569 ] } },
{ "type": "Feature", "properties": { "start_date": "1910-11-05", "end_date": "1923-12-30", "name": "Sèvres - Croix-Rouge", "lines": [ "Ligne A" ], "color": "#2b5439", "planned": false, "lineage": "Sèvres - Babylone" }, "geometry": { "type": "Point", "coordinates": [ 2.326655388, 48.85150955 ] } },
{ "type": "Feature", "properties": { "start_date": "1923-12-30", "end_date": "1931-03-27", "name": "Sèvres - Babylone", "lines": [ "Ligne 10", "Ligne A" ], "color": "#D8D8B9", "planned": false, "lineage": "Sèvres - Babylone" }, "geometry": { "type": "Point", "coordinates": [ 2.326655388, 48.85150955 ] } },
{ "type": "Feature", "properties": { "start_date": "1931-03-27", "end_date": "2028-12-02", "name": "Sèvres - Babylone", "lines": [ "Ligne 10", "Ligne 12" ], "color": "#D8D8B9", "planned": false, "lineage": "Sèvres - Babylone" }, "geometry": { "type": "Point", "coordinates": [ 2.326655388, 48.85150955 ] } },
{ "type": "Feature", "properties": { "start_date": "1906-04-24", "end_date": "1907-10-15", "name": "Avenue de Suffren", "lines": [ "Ligne 2 Sud" ], "color": "#ab1f07", "planned": false, "lineage": "Sèvres - Lecourbe" }, "geometry": { "type": "Point", "coordinates": [ 2.309475839, 48.84563376 ] } },
{ "type": "Feature", "properties": { "start_date": "1907-10-15", "end_date": "1907-10-17", "name": "Rue de Sèvres", "lines": [ "Ligne 2 Sud" ], "color": "#ab1f07", "planned": false, "lineage": "Sèvres - Lecourbe" }, "geometry": { "type": "Point", "coordinates": [ 2.309475839, 48.84563376 ] } },
{ "type": "Feature", "properties": { "start_date": "1907-10-17", "end_date": "1913-11-01", "name": "Rue de Sèvres", "lines": [ "Ligne 5" ], "color": "#FF7E2E", "planned": false, "lineage": "Sèvres - Lecourbe" }, "geometry": { "type": "Point", "coordinates": [ 2.309475839, 48.84563376 ] } },
{ "type": "Feature", "properties": { "start_date": "1913-11-01", "end_date": "1942-10-06", "name": "Sèvres - Lecourbe", "lines": [ "Ligne 5" ], "color": "#FF7E2E", "planned": false, "lineage": "Sèvres - Lecourbe" }, "geometry": { "type": "Point", "coordinates": [ 2.309475839, 48.84563376 ] } },
{ "type": "Feature", "properties": { "start_date": "1942-10-06", "end_date": "2028-12-02", "name": "Sèvres - Lecourbe", "lines": [ "Ligne 6" ], "color": "#6ECA97", "planned": false, "lineage": "Sèvres - Lecourbe" }, "geometry": { "type": "Point", "coordinates": [ 2.309475839, 48.84563376 ] } },
{ "type": "Feature", "properties": { "start_date": "1908-04-21", "end_date": "2028-12-02", "name": "Simplon", "lines": [ "Ligne 4" ], "color": "#CF009E", "planned": false, "lineage": "Simplon" }, "geometry": { "type": "Point", "coordinates": [ 2.347091065, 48.89463269 ] } },
{ "type": "Feature", "properties": { "start_date": "1910-11-05", "end_date": "1931-03-27", "name": "Solférino", "lines": [ "Ligne A" ], "color": "#2b5439", "planned": false, "lineage": "Solférino" }, "geometry": { "type": "Point", "coordinates": [ 2.323224843, 48.85824935 ] } },
{ "type": "Feature", "properties": { "start_date": "1931-03-27", "end_date": "2028-12-02", "name": "Solférino", "lines": [ "Ligne 12" ], "color": "#007852", "planned": false, "lineage": "Solférino" }, "geometry": { "type": "Point", "coordinates": [ 2.323224843, 48.85824935 ] } },
{ "type": "Feature", "properties": { "start_date": "1903-01-31", "end_date": "1910-11-05", "name": "Aubervilliers - Boulevard de la Villette", "lines": [ "Ligne 2" ], "color": "#003CA6", "planned": false, "lineage": "Stalingrad" }, "geometry": { "type": "Point", "coordinates": [ 2.365823686, 48.88426295 ] } },
{ "type": "Feature", "properties": { "start_date": "1910-11-05", "end_date": "1942-10-12", "name": "Aubervilliers - Boulevard de la Villette", "lines": [ "Ligne 2", "Ligne 7" ], "color": "#D8D8B9", "planned": false, "lineage": "Stalingrad" }, "geometry": { "type": "Point", "coordinates": [ 2.365823686, 48.88426295 ] } },
{ "type": "Feature", "properties": { "start_date": "1942-10-12", "end_date": "1946-02-10", "name": "Aubervilliers - Boulevard de la Villette", "lines": [ "Ligne 2", "Ligne 5", "Ligne 7" ], "color": "#D8D8B9", "planned": false, "lineage": "Stalingrad" }, "geometry": { "type": "Point", "coordinates": [ 2.365823686, 48.88426295 ] } },
{ "type": "Feature", "properties": { "start_date": "1946-02-10", "end_date": "2028-12-02", "name": "Stalingrad", "lines": [ "Ligne 2", "Ligne 5", "Ligne 7" ], "color": "#D8D8B9", "planned": false, "lineage": "Stalingrad" }, "geometry": { "type": "Point", "coordinates": [ 2.365823686, 48.88426295 ] } },
{ "type": "Feature", "properties": { "start_date": "1908-04-21", "end_date": "1931-05-05", "name": "Boulevard Saint-Denis", "lines": [ "Ligne 4" ], "color": "#CF009E", "planned": false, "lineage": "Strasbourg - Saint-Denis" }, "geometry": { "type": "Point", "coordinates": [ 2.354008555, 48.8695915 ] } },
{ "type": "Feature", "properties": { "start_date": "1931-05-05", "end_date": "1933-12-10", "name": "Strasbourg - Saint-Denis", "lines": [ "Ligne 4", "Ligne 8" ], "color": "#D8D8B9", "planned": false, "lineage": "Strasbourg - Saint-Denis" }, "geometry": { "type": "Point", "coordinates": [ 2.354008555, 48.8695915 ] } },
{ "type": "Feature", "properties": { "start_date": "1933-12-10", "end_date": "2028-12-02", "name": "Strasbourg - Saint-Denis", "lines": [ "Ligne 4", "Ligne 8", "Ligne 9" ], "color": "#D8D8B9", "planned": false, "lineage": "Strasbourg - Saint-Denis" }, "geometry": { "type": "Point", "coordinates": [ 2.354008555, 48.8695915 ] } },
{ "type": "Feature", "properties": { "start_date": "1930-06-03", "end_date": "2028-12-02", "name": "Sully - Morland", "lines": [ "Ligne 7" ], "color": "#FA9ABA", "planned": false, "lineage": "Sully - Morland" }, "geometry": { "type": "Point", "coordinates": [ 2.36189425, 48.85142483 ] } },
{ "type": "Feature", "properties": { "start_date": "1935-04-28", "end_date": "2028-12-02", "name": "Télégraphe", "lines": [ "Ligne 11" ], "color": "#704B1C", "planned": false, "lineage": "Télégraphe" }, "geometry": { "type": "Point", "coordinates": [ 2.398433983, 48.87546271 ] } },
{ "type": "Feature", "properties": { "start_date": "1904-10-19", "end_date": "2028-12-02", "name": "Temple", "lines": [ "Ligne 3" ], "color": "#837902", "planned": false, "lineage": "Temple" }, "geometry": { "type": "Point", "coordinates": [ 2.360595, 48.866488 ] } },
{ "type": "Feature", "properties": { "start_date": "1902-10-07", "end_date": "2028-12-02", "name": "Ternes", "lines": [ "Ligne 2" ], "color": "#003CA6", "planned": false, "lineage": "Ternes" }, "geometry": { "type": "Point", "coordinates": [ 2.298671, 48.878178 ] } },
{ "type": "Feature", "properties": { "start_date": "1930-03-07", "end_date": "1931-04-26", "name": "Tolbiac", "lines": [ "Ligne 10" ], "color": "#C9910D", "planned": false, "lineage": "Tolbiac" }, "geometry": { "type": "Point", "coordinates": [ 2.357678, 48.826665 ] } },
{ "type": "Feature", "properties": { "start_date": "1931-04-26", "end_date": "2028-12-02", "name": "Tolbiac", "lines": [ "Ligne 7" ], "color": "#FA9ABA", "planned": false, "lineage": "Tolbiac" }, "geometry": { "type": "Point", "coordinates": [ 2.357678, 48.826665 ] } },
{ "type": "Feature", "properties": { "start_date": "1910-11-05", "end_date": "1931-03-27", "name": "Trinité - d'Estienne d'Orves", "lines": [ "Ligne A" ], "color": "#2b5439", "planned": false, "lineage": "Trinité - d'Estienne d'Orves" }, "geometry": { "type": "Point", "coordinates": [ 2.333197296, 48.87630241 ] } },
{ "type": "Feature", "properties": { "start_date": "1931-03-27", "end_date": "2028-12-02", "name": "Trinité - d'Estienne d'Orves", "lines": [ "Ligne 12" ], "color": "#007852", "planned": false, "lineage": "Trinité - d'Estienne d'Orves" }, "geometry": { "type": "Point", "coordinates": [ 2.333197296, 48.87630241 ] } },
{ "type": "Feature", "properties": { "start_date": "1900-10-02", "end_date": "1903-11-05", "name": "Trocadéro", "lines": [ "Ligne 1" ], "color": "#FFCD00", "planned": false, "lineage": "Trocadéro" }, "geometry": { "type": "Point", "coordinates": [ 2.287060618, 48.86330141 ] } },
{ "type": "Feature", "properties": { "start_date": "1903-11-05", "end_date": "1907-10-17", "name": "Trocadéro", "lines": [ "Ligne 2 Sud" ], "color": "#ab1f07", "planned": false, "lineage": "Trocadéro" }, "geometry": { "type": "Point", "coordinates": [ 2.287060618, 48.86330141 ] } },
{ "type": "Feature", "properties": { "start_date": "1907-10-17", "end_date": "1922-11-08", "name": "Trocadéro", "lines": [ "Ligne 5" ], "color": "#FF7E2E", "planned": false, "lineage": "Trocadéro" }, "geometry": { "type": "Point", "coordinates": [ 2.287060618, 48.86330141 ] } },
{ "type": "Feature", "properties": { "start_date": "1922-11-08", "end_date": "1942-10-06", "name": "Trocadéro", "lines": [ "Ligne 5", "Ligne 9" ], "color": "#D8D8B9", "planned": false, "lineage": "Trocadéro" }, "geometry": { "type": "Point", "coordinates": [ 2.287060618, 48.86330141 ] } },
{ "type": "Feature", "properties": { "start_date": "1942-10-06", "end_date": "2028-12-02", "name": "Trocadéro", "lines": [ "Ligne 6", "Ligne 9" ], "color": "#D8D8B9", "planned": false, "lineage": "Trocadéro" }, "geometry": { "type": "Point", "coordinates": [ 2.287060618, 48.86330141 ] } },
{ "type": "Feature", "properties": { "start_date": "1900-07-19", "end_date": "2028-12-02", "name": "Tuileries", "lines": [ "Ligne 1" ], "color": "#FFCD00", "planned": false, "lineage": "Tuileries" }, "geometry": { "type": "Point", "coordinates": [ 2.33031418, 48.8644971 ] } },
{ "type": "Feature", "properties": { "start_date": "1923-12-30", "end_date": "2028-12-02", "name": "Vaneau", "lines": [ "Ligne 10" ], "color": "#C9910D", "planned": false, "lineage": "Vaneau" }, "geometry": { "type": "Point", "coordinates": [ 2.321205, 48.848811 ] } },
{ "type": "Feature", "properties": { "start_date": "1923-12-30", "end_date": "1937-07-27", "name": "Varenne", "lines": [ "Ligne 10" ], "color": "#C9910D", "planned": false, "lineage": "Varenne" }, "geometry": { "type": "Point", "coordinates": [ 2.314920723, 48.85623757 ] } },
{ "type": "Feature", "properties": { "start_date": "1937-07-27", "end_date": "1939-09-03", "name": "Varenne", "lines": [ "Ligne 14 (ancienne)" ], "color": "#135e12", "planned": false, "lineage": "Varenne" }, "geometry": { "type": "Point", "coordinates": [ 2.314920723, 48.85623757 ] } },
{ "type": "Feature", "properties": { "start_date": "1962-12-24", "end_date": "1976-11-09", "name": "Varenne", "lines": [ "Ligne 14 (ancienne)" ], "color": "#135e12", "planned": false, "lineage": "Varenne" }, "geometry": { "type": "Point", "coordinates": [ 2.314920723, 48.85623757 ] } },
{ "type": "Feature", "properties": { "start_date": "1976-11-09", "end_date": "2028-12-02", "name": "Varenne", "lines": [ "Ligne 13" ], "color": "#6EC4E8", "planned": false, "lineage": "Varenne" }, "geometry": { "type": "Point", "coordinates": [ 2.314920723, 48.85623757 ] } },
{ "type": "Feature", "properties": { "start_date": "1910-11-05", "end_date": "1931-03-27", "name": "Vaugirard", "lines": [ "Ligne A" ], "color": "#2b5439", "planned": false, "lineage": "Vaugirard" }, "geometry": { "type": "Point", "coordinates": [ 2.301491, 48.839649 ] } },
{ "type": "Feature", "properties": { "start_date": "1931-03-27", "end_date": "2028-12-02", "name": "Vaugirard", "lines": [ "Ligne 12" ], "color": "#007852", "planned": false, "lineage": "Vaugirard" }, "geometry": { "type": "Point", "coordinates": [ 2.301491, 48.839649 ] } },
{ "type": "Feature", "properties": { "start_date": "1910-01-09", "end_date": "2028-12-02", "name": "Vavin", "lines": [ "Ligne 4" ], "color": "#CF009E", "planned": false, "lineage": "Vavin" }, "geometry": { "type": "Point", "coordinates": [ 2.328948677, 48.84223223 ] } },
{ "type": "Feature", "properties": { "start_date": "1900-12-13", "end_date": "1931-01-01", "name": "Victor Hugo", "lines": [ "Ligne 2" ], "color": "#003CA6", "planned": false, "lineage": "Victor Hugo" }, "geometry": { "type": "Point", "coordinates": [ 2.285477, 48.872605 ] } },
{ "type": "Feature", "properties": { "start_date": "1931-01-01", "end_date": "2028-12-02", "name": "Victor Hugo", "lines": [ "Ligne 2" ], "color": "#003CA6", "planned": false, "lineage": "Victor Hugo" }, "geometry": { "type": "Point", "coordinates": [ 2.285199, 48.869817 ] } },
{ "type": "Feature", "properties": { "start_date": "1985-02-28", "end_date": "2028-12-02", "name": "Villejuif - Léo Lagrange", "lines": [ "Ligne 7" ], "color": "#FA9ABA", "planned": false, "lineage": "Villejuif - Léo Lagrange" }, "geometry": { "type": "Point", "coordinates": [ 2.363927364, 48.80376846 ] } },
{ "type": "Feature", "properties": { "start_date": "1985-02-28", "end_date": "2027-09-01", "name": "Villejuif - Louis Aragon", "lines": [ "Ligne 7" ], "color": "#FA9ABA", "planned": false, "lineage": "Villejuif - Louis Aragon" }, "geometry": { "type": "Point", "coordinates": [ 2.36756444, 48.78717548 ] } },
{ "type": "Feature", "properties": { "start_date": "2027-09-01", "end_date": "2028-12-02", "name": "Villejuif - Louis Aragon", "lines": [ "Ligne 15", "Ligne 7" ], "color": "#D8D8B9", "planned": false, "lineage": "Villejuif - Louis Aragon" }, "geometry": { "type": "Point", "coordinates": [ 2.36756444, 48.78717548 ] } },
{ "type": "Feature", "properties": { "start_date": "1985-02-28", "end_date": "2028-12-02", "name": "Villejuif - Paul Vaillant-Couturier", "lines": [ "Ligne 7" ], "color": "#FA9ABA", "planned": false, "lineage": "Villejuif - Paul Vaillant-Couturier" }, "geometry": { "type": "Point", "coordinates": [ 2.368248403, 48.79599124 ] } },
{ "type": "Feature", "properties": { "start_date": "1903-01-21", "end_date": "1904-10-19", "name": "Villiers", "lines": [ "Ligne 2" ], "color": "#003CA6", "planned": false, "lineage": "Villiers" }, "geometry": { "type": "Point", "coordinates": [ 2.314867079, 48.88113039 ] } },
{ "type": "Feature", "properties": { "start_date": "1904-10-19", "end_date": "2028-12-02", "name": "Villiers", "lines": [ "Ligne 2", "Ligne 3" ], "color": "#D8D8B9", "planned": false, "lineage": "Villiers" }, "geometry": { "type": "Point", "coordinates": [ 2.314867079, 48.88113039 ] } },
{ "type": "Feature", "properties": { "start_date": "1910-11-05", "end_date": "1931-03-27", "name": "Volontaires", "lines": [ "Ligne A" ], "color": "#2b5439", "planned": false, "lineage": "Volontaires" }, "geometry": { "type": "Point", "coordinates": [ 2.307504416, 48.84134253 ] } },
{ "type": "Feature", "properties": { "start_date": "1931-03-27", "end_date": "2028-12-02", "name": "Volontaires", "lines": [ "Ligne 12" ], "color": "#007852", "planned": false, "lineage": "Volontaires" }, "geometry": { "type": "Point", "coordinates": [ 2.307504416, 48.84134253 ] } },
{ "type": "Feature", "properties": { "start_date": "1933-12-10", "end_date": "2028-12-02", "name": "Voltaire", "lines": [ "Ligne 9" ], "color": "#B6BD00", "planned": false, "lineage": "Voltaire" }, "geometry": { "type": "Point", "coordinates": [ 2.380106449, 48.85780289 ] } },
{ "type": "Feature", "properties": { "start_date": "1910-05-23", "end_date": "2028-12-02", "name": "Wagram", "lines": [ "Ligne 3" ], "color": "#837902", "planned": false, "lineage": "Wagram" }, "geometry": { "type": "Point", "coordinates": [ 2.303668, 48.884057 ] } },
{ "type": "Feature", "properties": { "start_date": "2020-12-14", "end_date": "2028-12-02", "name": "Pont Cardinet", "lines": [ "Ligne 14" ], "color": "#62259D", "planned": false, "lineage": "Pont Cardinet" }, "geometry": { "type": "Point", "coordinates": [ 2.31530278, 48.8895194 ] } },
{ "type": "Feature", "properties": { "start_date": "2020-12-14", "end_date": "2028-12-02", "name": "Saint-Ouen", "lines": [ "Ligne 14" ], "color": "#62259D", "planned": false, "lineage": "Saint-Ouen" }, "geometry": { "type": "Point", "coordinates": [ 2.32180556, 48.9044972 ] } },
{ "type": "Feature", "properties": { "start_date": "2022-01-13", "end_date": "2027-09-01", "name": "Bagneux - Lucie Aubrac", "lines": [ "Ligne 4" ], "color": "#CF009E", "planned": false, "lineage": "Bagneux - Lucie Aubrac" }, "geometry": { "type": "Point", "coordinates": [ 2.31735617, 48.80266078 ] } },
{ "type": "Feature", "properties": { "start_date": "2027-09-01", "end_date": "2028-12-02", "name": "Bagneux - Lucie Aubrac", "lines": [ "Ligne 15", "Ligne 4" ], "color": "#D8D8B9", "planned": false, "lineage": "Bagneux - Lucie Aubrac" }, "geometry": { "type": "Point", "coordinates": [ 2.31735617, 48.80266078 ] } },
{ "type": "Feature", "properties": { "start_date": "2022-01-13", "end_date": "2028-12-02", "name": "Barbara", "lines": [ "Ligne 4" ], "color": "#CF009E", "planned": false, "lineage": "Barbara" }, "geometry": { "type": "Point", "coordinates": [ 2.31766944, 48.8092 ] } },
{ "type": "Feature", "properties": { "start_date": "2022-05-31", "end_date": "2028-12-02", "name": "Aimé Césaire", "lines": [ "Ligne 12" ], "color": "#007852", "planned": false, "lineage": "Aimé Césaire" }, "geometry": { "type": "Point", "coordinates": [ 2.37801969, 48.90831679 ] } },
{ "type": "Feature", "properties": { "start_date": "2022-05-31", "end_date": "2028-12-02", "name": "Mairie d'Aubervilliers", "lines": [ "Ligne 12" ], "color": "#007852", "planned": false, "lineage": "Mairie d'Aubervilliers" }, "geometry": { "type": "Point", "coordinates": [ 2.38065, 48.9138 ] } },
{ "type": "Feature", "properties": { "start_date": "2024-06-13", "end_date": "2028-12-02", "name": "Coteaux Beauclair", "lines": [ "Ligne 11" ], "color": "#704B1C", "planned": false, "lineage": "Coteaux Beauclair" }, "geometry": { "type": "Point", "coordinates": [ 2.46735, 48.88224 ] } },
{ "type": "Feature", "properties": { "start_date": "2024-06-13", "end_date": "2028-12-02", "name": "La Dhuys", "lines": [ "Ligne 11" ], "color": "#704B1C", "planned": false, "lineage": "La Dhuys" }, "geometry": { "type": "Point", "coordinates": [ 2.46549, 48.87811 ] } },
{ "type": "Feature", "properties": { "start_date": "2024-06-13", "end_date": "2028-12-02", "name": "Montreuil - Hôpital", "lines": [ "Ligne 11" ], "color": "#704B1C", "planned": false, "lineage": "Montreuil - Hôpital" }, "geometry": { "type": "Point", "coordinates": [ 2.45456, 48.8783 ] } },
{ "type": "Feature", "properties": { "start_date": "2024-06-13", "end_date": "2028-12-02", "name": "Romainville - Carnot", "lines": [ "Ligne 11" ], "color": "#704B1C", "planned": false, "lineage": "Romainville - Carnot" }, "geometry": { "type": "Point", "coordinates": [ 2.44052, 48.88317 ] } },
{ "type": "Feature", "properties": { "start_date": "2024-06-13", "end_date": "2028-12-02", "name": "Rosny - Bois-Perrier", "lines": [ "Ligne 11" ], "color": "#704B1C", "planned": false, "lineage": "Rosny - Bois-Perrier" }, "geometry": { "type": "Point", "coordinates": [ 2.48083, 48.88242 ] } },
{ "type": "Feature", "properties": { "start_date": "2024-06-13", "end_date": "2028-12-02", "name": "Serge Gainsbourg", "lines": [ "Ligne 11" ], "color": "#704B1C", "planned": false, "lineage": "Serge Gainsbourg" }, "geometry": { "type": "Point", "coordinates": [ 2.42743, 48.88136 ] } },
{ "type": "Feature", "properties": { "start_date": "2024-06-24", "end_date": "2028-12-02", "name": "Aéroport d'Orly", "lines": [ "Ligne 14" ], "color": "#62259D", "planned": false, "lineage": "Aéroport d'Orly" }, "geometry": { "type": "Point", "coordinates": [ 2.36237026, 48.72875283 ] } },
{ "type": "Feature", "properties": { "start_date": "2024-06-24", "end_date": "2028-12-02", "name": "Chevilly-Larue", "lines": [ "Ligne 14" ], "color": "#62259D", "planned": false, "lineage": "Chevilly-Larue" }, "geometry": { "type": "Point", "coordinates": [ 2.366663, 48.75836 ] } },
{ "type": "Feature", "properties": { "start_date": "2024-06-24", "end_date": "2028-12-02", "name": "Hôpital Bicêtre", "lines": [ "Ligne 14" ], "color": "#62259D", "planned": false, "lineage": "Hôpital Bicêtre" }, "geometry": { "type": "Point", "coordinates": [ 2.34978333, 48.8098167 ] } },
{ "type": "Feature", "properties": { "start_date": "2024-06-24", "end_date": "2028-12-02", "name": "L'Haÿ-les-Roses", "lines": [ "Ligne 14" ], "color": "#62259D", "planned": false, "lineage": "L'Haÿ-les-Roses" }, "geometry": { "type": "Point", "coordinates": [ 2.35408333, 48.7752778 ] } },
{ "type": "Feature", "properties": { "start_date": "2024-06-24", "end_date": "2027-12-01", "name": "Saint-Denis - Pleyel", "lines": [ "Ligne 14" ], "color": "#62259D", "planned": false, "lineage": "Saint-Denis - Pleyel" }, "geometry": { "type": "Point", "coordinates": [ 2.34667, 48.9176 ] } },
{ "type": "Feature", "properties": { "start_date": "2027-12-01", "end_date": "2028-12-02", "name": "Saint-Denis - Pleyel", "lines": [ "Ligne 14", "Ligne 16", "Ligne 17" ], "color": "#D8D8B9", "planned": false, "lineage": "Saint-Denis - Pleyel" }, "geometry": { "type": "Point", "coordinates": [ 2.34667, 48.9176 ] } },
{ "type": "Feature", "properties": { "start_date": "2024-06-24", "end_date": "2028-12-02", "name": "Thiais - Orly", "lines": [ "Ligne 14" ], "color": "#62259D", "planned": false, "lineage": "Thiais - Orly" }, "geometry": { "type": "Point", "coordinates": [ 2.372931, 48.747367 ] } },
{ "type": "Feature", "properties": { "start_date": "2025-01-18", "end_date": "2027-09-01", "name": "Villejuif - Gustave Roussy", "lines": [ "Ligne 14" ], "color": "#62259D", "planned": false, "lineage": "Villejuif - Gustave Roussy" }, "geometry": { "type": "Point", "coordinates": [ 2.34926, 48.79329 ] } },
{ "type": "Feature", "properties": { "start_date": "2027-09-01", "end_date": "2028-12-02", "name": "Villejuif - Gustave Roussy", "lines": [ "Ligne 14", "Ligne 15" ], "color": "#D8D8B9", "planned": false, "lineage": "Villejuif - Gustave Roussy" }, "geometry": { "type": "Point", "coordinates": [ 2.34926, 48.79329 ] } },
{ "type": "Feature", "properties": { "start_date": "2026-12-01", "end_date": "2028-12-02", "name": "Massy - Palaiseau", "lines": [ "Ligne 18" ], "color": "#00A88F", "planned": true, "lineage": "Massy - Palaiseau" }, "geometry": { "type": "Point", "coordinates": [ 2.25868056, 48.725125 ] } },
{ "type": "Feature", "properties": { "start_date": "2026-12-01", "end_date": "2028-12-02", "name": "Polytechnique", "lines": [ "Ligne 18" ], "color": "#00A88F", "planned": true, "lineage": "Polytechnique" }, "geometry": { "type": "Point", "coordinates": [ 2.20103889, 48.7154167 ] } },
{ "type": "Feature", "properties": { "start_date": "2026-12-01", "end_date": "2028-12-02", "name": "Université Paris-Saclay", "lines": [ "Ligne 18" ], "color": "#00A88F", "planned": true, "lineage": "Université Paris-Saclay" }, "geometry": { "type": "Point", "coordinates": [ 2.17385278, 48.7118139 ] } },
{ "type": "Feature", "properties": { "start_date": "2026-12-01", "end_date": "2028-12-02", "name": "Christ de Saclay", "lines": [ "Ligne 18" ], "color": "#00A88F", "planned": true, "lineage": "Christ de Saclay" }, "geometry": { "type": "Point", "coordinates": [ 2.16220833, 48.7299806 ] } },
{ "type": "Feature", "properties": { "start_date": "2027-09-01", "end_date": "2028-12-02", "name": "Issy", "lines": [ "Ligne 15" ], "color": "#B90845", "planned": true, "lineage": "Issy" }, "geometry": { "type": "Point", "coordinates": [ 2.259944, 48.821069 ] } },
{ "type": "Feature", "properties": { "start_date": "2027-09-01", "end_date": "2028-12-02", "name": "Clamart", "lines": [ "Ligne 15" ], "color": "#B90845", "planned": true, "lineage": "Clamart" }, "geometry": { "type": "Point", "coordinates": [ 2.2734, 48.814125 ] } },
{ "type": "Feature", "properties": { "start_date": "2027-09-01", "end_date": "2028-12-02", "name": "Arcueil - Cachan", "lines": [ "Ligne 15" ], "color": "#B90845", "planned": true, "lineage": "Arcueil - Cachan" }, "geometry": { "type": "Point", "coordinates": [ 2.32823, 48.79748 ] } },
{ "type": "Feature", "properties": { "start_date": "2027-09-01", "end_date": "2028-12-02", "name": "Mairie de Vitry-sur-Seine", "lines": [ "Ligne 15" ], "color": "#B90845", "planned": true, "lineage": "Mairie de Vitry-sur-Seine" }, "geometry": { "type": "Point", "coordinates": [ 2.38721944, 48.7899222 ] } },
{ "type": "Feature", "properties": { "start_date": "2027-09-01", "end_date": "2028-12-02", "name": "Les Ardoines", "lines": [ "Ligne 15" ], "color": "#B90845", "planned": true, "lineage": "Les Ardoines" }, "geometry": { "type": "Point", "coordinates": [ 2.40850556, 48.7824306 ] } },
{ "type": "Feature", "properties": { "start_date": "2027-09-01", "end_date": "2028-12-02", "name": "Le Vert de Maisons", "lines": [ "Ligne 15" ], "color": "#B90845", "planned": true, "lineage": "Le Vert de Maisons" }, "geometry": { "type": "Point", "coordinates": [ 2.43250833, 48.7894306 ] } },
{ "type": "Feature", "properties": { "start_date": "2027-09-01", "end_date": "2028-12-02", "name": "Saint-Maur - Créteil", "lines": [ "Ligne 15" ], "color": "#B90845", "planned": true, "lineage": "Saint-Maur - Créteil" }, "geometry": { "type": "Point", "coordinates": [ 2.47277222, 48.8068972 ] } },
{ "type": "Feature", "properties": { "start_date": "2027-09-01", "end_date": "2028-12-02", "name": "Champigny Centre", "lines": [ "Ligne 15" ], "color": "#B90845", "planned": true, "lineage": "Champigny Centre" }, "geometry": { "type": "Point", "coordinates": [ 2.50216111, 48.8161139 ] } },
{ "type": "Feature", "properties": { "start_date": "2027-09-01", "end_date": "2028-12-02", "name": "Villiers - Champigny - Bry", "lines": [ "Ligne 15" ], "color": "#B90845", "planned": true, "lineage": "Villiers - Champigny - Bry" }, "geometry": { "type": "Point", "coordinates": [ 2.52621, 48.82397 ] } },
{ "type": "Feature", "properties": { "start_date": "2027-09-01", "end_date": "2028-12-01", "name": "Noisy - Champs", "lines": [ "Ligne 15" ], "color": "#B90845", "planned": true, "lineage": "Noisy - Champs" }, "geometry": { "type": "Point", "coordinates": [ 2.58, 48.8429 ] } },
{ "type": "Feature", "properties": { "start_date": "2028-12-01", "end_date": "2028-12-02", "name": "Noisy - Champs", "lines": [ "Ligne 15", "Ligne 16" ], "color": "#D8D8B9", "planned": true, "lineage": "Noisy - Champs" }, "geometry": { "type": "Point", "coordinates": [ 2.58, 48.8429 ] } },
{ "type": "Feature", "properties": { "start_date": "2027-12-01", "end_date": "2028-12-02", "name": "La Courneuve - Six Routes", "lines": [ "Ligne 16", "Ligne 17" ], "color": "#D8D8B9", "planned": true, "lineage": "La Courneuve - Six Routes" }, "geometry": { "type": "Point", "coordinates": [ 2.38413333, 48.9290972 ] } },
{ "type": "Feature", "properties": { "start_date": "2027-12-01", "end_date": "2028-12-02", "name": "Le Bourget", "lines": [ "Ligne 16", "Ligne 17" ], "color": "#D8D8B9", "planned": true, "lineage": "Le Bourget" }, "geometry": { "type": "Point", "coordinates": [ 2.42209444, 48.9304944 ] } },
{ "type": "Feature", "properties": { "start_date": "2027-12-01", "end_date": "2028-12-02", "name": "Parc du Blanc-Mesnil", "lines": [ "Ligne 16" ], "color": "#F3A4BA", "planned": true, "lineage": "Parc du Blanc-Mesnil" }, "geometry": { "type": "Point", "coordinates": [ 2.46321389, 48.9461389 ] } },
{ "type": "Feature", "properties": { "start_date": "2027-12-01", "end_date": "2028-12-02", "name": "Aulnay Val Francilia", "lines": [ "Ligne 16" ], "color": "#F3A4BA", "planned": true, "lineage": "Aulnay Val Francilia" }, "geometry": { "type": "Point", "coordinates": [ 2.48821944, 48.9518167 ] } },
{ "type": "Feature", "properties": { "start_date": "2027-12-01", "end_date": "2028-12-02", "name": "Sevran - Beaudottes", "lines": [ "Ligne 16" ], "color": "#F3A4BA", "planned": true, "lineage": "Sevran - Beaudottes" }, "geometry": { "type": "Point", "coordinates": [ 2.52534444, 48.9470361 ] } },
{ "type": "Feature", "properties": { "start_date": "2027-12-01", "end_date": "2028-12-02", "name": "Sevran - Livry", "lines": [ "Ligne 16" ], "color": "#F3A4BA", "planned": true, "lineage": "Sevran - Livry" }, "geometry": { "type": "Point", "coordinates": [ 2.53474722, 48.93583611 ] } },
{ "type": "Feature", "properties": { "start_date": "2027-12-01", "end_date": "2028-12-02", "name": "Clichy - Montfermeil", "lines": [ "Ligne 16" ], "color": "#F3A4BA", "planned": true, "lineage": "Clichy - Montfermeil" }, "geometry": { "type": "Point", "coordinates": [ 2.55656667, 48.904425 ] } },
{ "type": "Feature", "properties": { "start_date": "2027-12-01", "end_date": "2028-12-02", "name": "Le Bourget - Aéroport", "lines": [ "Ligne 17" ], "color": "#D5C900", "planned": true, "lineage": "Le Bourget - Aéroport" }, "geometry": { "type": "Point", "coordinates": [ 2.43622222, 48.9465722 ] } },
{ "type": "Feature", "properties": { "start_date": "2028-12-01", "end_date": "2028-12-02", "name": "Chelles - Gournay", "lines": [ "Ligne 16" ], "color": "#F3A4BA", "planned": true, "lineage": "Chelles - Gournay" }, "geometry": { "type": "Point", "coordinates": [ 2.58580833, 48.8743167 ] } },
{ "type": "Feature", "properties": { "start_date": "1934-04-15", "end_date": "1935-04-28", "name": "Châtelet", "lines": [ "Couloirs", "Ligne 1", "Ligne 4", "Ligne 7" ], "color": "#D8D8B9", "planned": false, "lineage": "Pont Notre-Dame" }, "geometry": { "type": "Point", "coordinates": [ 2.348899, 48.856725 ] } },
{ "type": "Feature", "properties": { "start_date": "1934-04-15", "end_date": "1935-04-28", "name": "Châtelet", "lines": [ "Couloirs", "Ligne 1", "Ligne 4", "Ligne 7" ], "color": "#D8D8B9", "planned": false, "lineage": "Châtelet" }, "geometry": { "type": "Point", "coordinates": [ 2.347119401, 48.85851952 ] } },
{ "type": "Feature", "properties": { "start_date": "1935-04-28", "end_date": "1998-10-15", "name": "Châtelet", "lines": [ "Couloirs", "Ligne 1", "Ligne 11", "Ligne 4", "Ligne 7" ], "color": "#D8D8B9", "planned": false, "lineage": "Pont Notre-Dame" }, "geometry": { "type": "Point", "coordinates": [ 2.348899, 48.856725 ] } },
{ "type": "Feature", "properties": { "start_date": "1935-04-28", "end_date": "1998-10-15", "name": "Châtelet", "lines": [ "Couloirs", "Ligne 1", "Ligne 11", "Ligne 4", "Ligne 7" ], "color": "#D8D8B9", "planned": false, "lineage": "Châtelet" }, "geometry": { "type": "Point", "coordinates": [ 2.347119401, 48.85851952 ] } },
{ "type": "Feature", "properties": { "start_date": "1998-10-15", "end_date": "2028-12-02", "name": "Châtelet", "lines": [ "Couloirs", "Ligne 1", "Ligne 11", "Ligne 14", "Ligne 4", "Ligne 7" ], "color": "#D8D8B9", "planned": false, "lineage": "Pont Notre-Dame" }, "geometry": { "type": "Point", "coordinates": [ 2.348899, 48.856725 ] } },
{ "type": "Feature", "properties": { "start_date": "1998-10-15", "end_date": "2028-12-02", "name": "Châtelet", "lines": [ "Couloirs", "Ligne 1", "Ligne 11", "Ligne 14", "Ligne 4", "Ligne 7" ], "color": "#D8D8B9", "planned": false, "lineage": "Châtelet" }, "geometry": { "type": "Point", "coordinates": [ 2.347119401, 48.85851952 ] } },
{ "type": "Feature", "properties": { "start_date": "1942-10-06", "end_date": "1946-10-30", "name": "Marbeuf - Rond-point des Champs-Élysées", "lines": [ "Couloirs", "Ligne 1", "Ligne 9" ], "color": "#D8D8B9", "planned": false, "lineage": "Rond-point des Champs-Élysées" }, "geometry": { "type": "Point", "coordinates": [ 2.309191, 48.868507 ] } },
{ "type": "Feature", "properties": { "start_date": "1942-10-06", "end_date": "1946-10-30", "name": "Marbeuf - Rond-point des Champs-Élysées", "lines": [ "Couloirs", "Ligne 1", "Ligne 9" ], "color": "#D8D8B9", "planned": false, "lineage": "Marbeuf" }, "geometry": { "type": "Point", "coordinates": [ 2.30772, 48.869712 ] } },
{ "type": "Feature", "properties": { "start_date": "1946-10-30", "end_date": "2028-12-02", "name": "Franklin D. Roosevelt", "lines": [ "Couloirs", "Ligne 1", "Ligne 9" ], "color": "#D8D8B9", "planned": false, "lineage": "Rond-point des Champs-Élysées" }, "geometry": { "type": "Point", "coordinates": [ 2.309191, 48.868507 ] } },
{ "type": "Feature", "properties": { "start_date": "1946-10-30", "end_date": "2028-12-02", "name": "Franklin D. Roosevelt", "lines": [ "Couloirs", "Ligne 1", "Ligne 9" ], "color": "#D8D8B9", "planned": false, "lineage": "Marbeuf" }, "geometry": { "type": "Point", "coordinates": [ 2.30772, 48.869712 ] } },
{ "type": "Feature", "properties": { "start_date": "1946-10-30", "end_date": "2028-12-02", "name": "Franklin D. Roosevelt", "lines": [ "Couloirs", "Ligne 1", "Ligne 9" ], "color": "#D8D8B9", "planned": false, "lineage": "Rond-point des Champs-Élysées" }, "geometry": { "type": "Point", "coordinates": [ 2.309191, 48.868507 ] } },
{ "type": "Feature", "properties": { "start_date": "1946-10-30", "end_date": "2028-12-02", "name": "Franklin D. Roosevelt", "lines": [ "Couloirs", "Ligne 1", "Ligne 9" ], "color": "#D8D8B9", "planned": false, "lineage": "Marbeuf" }, "geometry": { "type": "Point", "coordinates": [ 2.30772, 48.869712 ] } },
{ "type": "Feature", "properties": { "start_date": "1931-08-25", "end_date": "2028-12-02", "name": "Marcadet - Poissonniers", "lines": [ "Couloirs", "Ligne 12", "Ligne 4" ], "color": "#D8D8B9", "planned": false, "lineage": "Poissonniers" }, "geometry": { "type": "Point", "coordinates": [ 2.350319, 48.891478 ] } },
{ "type": "Feature", "properties": { "start_date": "1931-08-25", "end_date": "2028-12-02", "name": "Marcadet - Poissonniers", "lines": [ "Couloirs", "Ligne 12", "Ligne 4" ], "color": "#D8D8B9", "planned": false, "lineage": "Marcadet" }, "geometry": { "type": "Point", "coordinates": [ 2.349582, 48.891195 ] } },
{ "type": "Feature", "properties": { "start_date": "1937-01-31", "end_date": "1942-10-06", "name": "Montparnasse - Bienvenüe", "lines": [ "Couloirs", "Ligne 12", "Ligne 14 (ancienne)", "Ligne 4", "Ligne 5" ], "color": "#D8D8B9", "planned": false, "lineage": "Montparnasse" }, "geometry": { "type": "Point", "coordinates": [ 2.323934, 48.843826 ] } },
{ "type": "Feature", "properties": { "start_date": "1937-01-31", "end_date": "1942-10-06", "name": "Montparnasse - Bienvenüe", "lines": [ "Couloirs", "Ligne 12", "Ligne 14 (ancienne)", "Ligne 4", "Ligne 5" ], "color": "#D8D8B9", "planned": false, "lineage": "Avenue du Maine" }, "geometry": { "type": "Point", "coordinates": [ 2.321668, 48.84202 ] } },
{ "type": "Feature", "properties": { "start_date": "1942-10-06", "end_date": "1976-11-09", "name": "Montparnasse - Bienvenüe", "lines": [ "Couloirs", "Ligne 12", "Ligne 14 (ancienne)", "Ligne 4", "Ligne 6" ], "color": "#D8D8B9", "planned": false, "lineage": "Montparnasse" }, "geometry": { "type": "Point", "coordinates": [ 2.323934, 48.843826 ] } },
{ "type": "Feature", "properties": { "start_date": "1942-10-06", "end_date": "1976-11-09", "name": "Montparnasse - Bienvenüe", "lines": [ "Couloirs", "Ligne 12", "Ligne 14 (ancienne)", "Ligne 4", "Ligne 6" ], "color": "#D8D8B9", "planned": false, "lineage": "Avenue du Maine" }, "geometry": { "type": "Point", "coordinates": [ 2.321668, 48.84202 ] } },
{ "type": "Feature", "properties": { "start_date": "1976-11-09", "end_date": "2028-12-02", "name": "Montparnasse - Bienvenüe", "lines": [ "Couloirs", "Ligne 12", "Ligne 13", "Ligne 4", "Ligne 6" ], "color": "#D8D8B9", "planned": false, "lineage": "Montparnasse" }, "geometry": { "type": "Point", "coordinates": [ 2.323934, 48.843826 ] } },
{ "type": "Feature", "properties": { "start_date": "1976-11-09", "end_date": "2028-12-02", "name": "Montparnasse - Bienvenüe", "lines": [ "Couloirs", "Ligne 12", "Ligne 13", "Ligne 4", "Ligne 6" ], "color": "#D8D8B9", "planned": false, "lineage": "Avenue du Maine" }, "geometry": { "type": "Point", "coordinates": [ 2.321668, 48.84202 ] } }
]
}
