{
"type": "FeatureCollection",
"name": "stations_historiques",
"features": [
{ "type": "Feature", "properties": { "start_date": "1913-01-30", "end_date": "1931-03-27", "nom": "Abbesses", "lignes": [ "Ligne A" ], "couleur": "#2b5439", "nom de référence": "Abbesses" }, "geometry": { "type": "Point", "coordinates": [ 2.338712812, 48.88441765 ] } },
{ "type": "Feature", "properties": { "start_date": "1931-03-27", "end_date": "2026-08-29", "nom": "Abbesses", "lignes": [ "Ligne 12" ], "couleur": "#007852", "nom de référence": "Abbesses" }, "geometry": { "type": "Point", "coordinates": [ 2.338712812, 48.88441765 ] } },
{ "type": "Feature", "properties": { "start_date": "1909-10-30", "end_date": "2026-08-29", "nom": "Alésia", "lignes": [ "Ligne 4" ], "couleur": "#CF009E", "nom de référence": "Alésia" }, "geometry": { "type": "Point", "coordinates": [ 2.326745674, 48.82839851 ] } },
{ "type": "Feature", "properties": { "start_date": "1903-01-31", "end_date": "1970-09-13", "nom": "Bagnolet", "lignes": [ "Ligne 2" ], "couleur": "#003CA6", "nom de référence": "Alexandre Dumas" }, "geometry": { "type": "Point", "coordinates": [ 2.394989816, 48.85617445 ] } },
{ "type": "Feature", "properties": { "start_date": "1970-09-13", "end_date": "2026-08-29", "nom": "Alexandre Dumas", "lignes": [ "Ligne 2" ], "couleur": "#003CA6", "nom de référence": "Alexandre Dumas" }, "geometry": { "type": "Point", "coordinates": [ 2.394989816, 48.85617445 ] } },
{ "type": "Feature", "properties": { "start_date": "1923-05-27", "end_date": "2026-08-29", "nom": "Alma - Marceau", "lignes": [ "Ligne 9" ], "couleur": "#B6BD00", "nom de référence": "Alma - Marceau" }, "geometry": { "type": "Point", "coordinates": [ 2.300234, 48.864904 ] } },
{ "type": "Feature", "properties": { "start_date": "1937-09-24", "end_date": "2026-08-29", "nom": "Anatole France", "lignes": [ "Ligne 3" ], "couleur": "#837902", "nom de référence": "Anatole France" }, "geometry": { "type": "Point", "coordinates": [ 2.285536, 48.892022 ] } },
{ "type": "Feature", "properties": { "start_date": "1902-10-07", "end_date": "2026-08-29", "nom": "Anvers", "lignes": [ "Ligne 2" ], "couleur": "#003CA6", "nom de référence": "Anvers" }, "geometry": { "type": "Point", "coordinates": [ 2.344848812, 48.88300713 ] } },
{ "type": "Feature", "properties": { "start_date": "1900-09-01", "end_date": "1948-05-25", "nom": "Obligado", "lignes": [ "Ligne 1" ], "couleur": "#FFCD00", "nom de référence": "Argentine" }, "geometry": { "type": "Point", "coordinates": [ 2.289321664, 48.87553309 ] } },
{ "type": "Feature", "properties": { "start_date": "1948-05-25", "end_date": "2026-08-29", "nom": "Argentine", "lignes": [ "Ligne 1" ], "couleur": "#FFCD00", "nom de référence": "Argentine" }, "geometry": { "type": "Point", "coordinates": [ 2.289321664, 48.87553309 ] } },
{ "type": "Feature", "properties": { "start_date": "1906-12-17", "end_date": "1939-09-03", "nom": "Arsenal", "lignes": [ "Ligne 5" ], "couleur": "#FF7E2E", "nom de référence": "Arsenal" }, "geometry": { "type": "Point", "coordinates": [ 2.366642, 48.849042 ] } },
{ "type": "Feature", "properties": { "start_date": "1904-10-19", "end_date": "1935-04-28", "nom": "Arts et Métiers", "lignes": [ "Ligne 3" ], "couleur": "#837902", "nom de référence": "Arts et Métiers" }, "geometry": { "type": "Point", "coordinates": [ 2.3561, 48.8655 ] } },
{ "type": "Feature", "properties": { "start_date": "1935-04-28", "end_date": "2026-08-29", "nom": "Arts et Métiers", "lignes": [ "Ligne 11", "Ligne 3" ], "couleur": "#D8D8B9", "nom de référence": "Arts et Métiers" }, "geometry": { "type": "Point", "coordinates": [ 2.3561, 48.8655 ] } },
{ "type": "Feature", "properties": { "start_date": "1910-11-05", "end_date": "1931-03-27", "nom": "Chambre des Députés", "lignes": [ "Ligne A" ], "couleur": "#2b5439", "nom de référence": "Assemblée nationale" }, "geometry": { "type": "Point", "coordinates": [ 2.321130037, 48.86065457 ] } },
{ "type": "Feature", "properties": { "start_date": "1931-03-27", "end_date": "1989-06-30", "nom": "Chambre des Députés", "lignes": [ "Ligne 12" ], "couleur": "#007852", "nom de référence": "Assemblée nationale" }, "geometry": { "type": "Point", "coordinates": [ 2.321130037, 48.86065457 ] } },
{ "type": "Feature", "properties": { "start_date": "1989-06-30", "end_date": "2026-08-29", "nom": "Assemblée nationale", "lignes": [ "Ligne 12" ], "couleur": "#007852", "nom de référence": "Assemblée nationale" }, "geometry": { "type": "Point", "coordinates": [ 2.321130037, 48.86065457 ] } },
{ "type": "Feature", "properties": { "start_date": "1979-10-04", "end_date": "2026-08-29", "nom": "Aubervilliers - Pantin - Quatre Chemins", "lignes": [ "Ligne 7" ], "couleur": "#FA9ABA", "nom de référence": "Aubervilliers - Pantin - Quatre Chemins" }, "geometry": { "type": "Point", "coordinates": [ 2.392495573, 48.90389694 ] } },
{ "type": "Feature", "properties": { "start_date": "1913-07-13", "end_date": "1937-03-01", "nom": "Commerce", "lignes": [ "Ligne 8" ], "couleur": "#E19BDF", "nom de référence": "Avenue Émile-Zola" }, "geometry": { "type": "Point", "coordinates": [ 2.294511795, 48.84697701 ] } },
{ "type": "Feature", "properties": { "start_date": "1937-03-01", "end_date": "1937-07-27", "nom": "Avenue Émile-Zola", "lignes": [ "Ligne 8" ], "couleur": "#E19BDF", "nom de référence": "Avenue Émile-Zola" }, "geometry": { "type": "Point", "coordinates": [ 2.294511795, 48.84697701 ] } },
{ "type": "Feature", "properties": { "start_date": "1937-07-27", "end_date": "2026-08-29", "nom": "Avenue Émile-Zola", "lignes": [ "Ligne 10" ], "couleur": "#C9910D", "nom de référence": "Avenue Émile-Zola" }, "geometry": { "type": "Point", "coordinates": [ 2.294511795, 48.84697701 ] } },
{ "type": "Feature", "properties": { "start_date": "1903-04-02", "end_date": "2026-08-29", "nom": "Avron", "lignes": [ "Ligne 2" ], "couleur": "#003CA6", "nom de référence": "Avron" }, "geometry": { "type": "Point", "coordinates": [ 2.397862673, 48.85194019 ] } },
{ "type": "Feature", "properties": { "start_date": "1937-07-27", "end_date": "2026-08-29", "nom": "Balard", "lignes": [ "Ligne 8" ], "couleur": "#E19BDF", "nom de référence": "Balard" }, "geometry": { "type": "Point", "coordinates": [ 2.278218327, 48.83627546 ] } },
{ "type": "Feature", "properties": { "start_date": "1903-01-31", "end_date": "1907-10-15", "nom": "Boulevard Barbès", "lignes": [ "Ligne 2" ], "couleur": "#003CA6", "nom de référence": "Barbès - Rochechouart" }, "geometry": { "type": "Point", "coordinates": [ 2.350516, 48.88364 ] } },
{ "type": "Feature", "properties": { "start_date": "1907-10-15", "end_date": "1908-04-21", "nom": "Barbès - Rochechouart", "lignes": [ "Ligne 2" ], "couleur": "#003CA6", "nom de référence": "Barbès - Rochechouart" }, "geometry": { "type": "Point", "coordinates": [ 2.350516, 48.88364 ] } },
{ "type": "Feature", "properties": { "start_date": "1908-04-21", "end_date": "2026-08-29", "nom": "Barbès - Rochechouart", "lignes": [ "Ligne 2", "Ligne 4" ], "couleur": "#D8D8B9", "nom de référence": "Barbès - Rochechouart" }, "geometry": { "type": "Point", "coordinates": [ 2.350516, 48.88364 ] } },
{ "type": "Feature", "properties": { "start_date": "1976-06-20", "end_date": "1998-05-25", "nom": "Saint-Denis - Basilique", "lignes": [ "Ligne 13" ], "couleur": "#6EC4E8", "nom de référence": "Basilique de Saint-Denis" }, "geometry": { "type": "Point", "coordinates": [ 2.360845506, 48.93809957 ] } },
{ "type": "Feature", "properties": { "start_date": "1998-05-25", "end_date": "2026-08-29", "nom": "Basilique de Saint-Denis", "lignes": [ "Ligne 13" ], "couleur": "#6EC4E8", "nom de référence": "Basilique de Saint-Denis" }, "geometry": { "type": "Point", "coordinates": [ 2.360845506, 48.93809957 ] } },
{ "type": "Feature", "properties": { "start_date": "1900-07-19", "end_date": "1906-12-17", "nom": "Bastille", "lignes": [ "Ligne 1" ], "couleur": "#FFCD00", "nom de référence": "Bastille" }, "geometry": { "type": "Point", "coordinates": [ 2.369077, 48.853082 ] } },
{ "type": "Feature", "properties": { "start_date": "1906-12-17", "end_date": "1931-05-05", "nom": "Bastille", "lignes": [ "Ligne 1", "Ligne 5" ], "couleur": "#D8D8B9", "nom de référence": "Bastille" }, "geometry": { "type": "Point", "coordinates": [ 2.369077, 48.853082 ] } },
{ "type": "Feature", "properties": { "start_date": "1931-05-05", "end_date": "2026-08-29", "nom": "Bastille", "lignes": [ "Ligne 1", "Ligne 5", "Ligne 8" ], "couleur": "#D8D8B9", "nom de référence": "Bastille" }, "geometry": { "type": "Point", "coordinates": [ 2.369077, 48.853082 ] } },
{ "type": "Feature", "properties": { "start_date": "1909-03-01", "end_date": "1939-09-03", "nom": "Bel-Air", "lignes": [ "Ligne 6" ], "couleur": "#6ECA97", "nom de référence": "Bel-Air" }, "geometry": { "type": "Point", "coordinates": [ 2.400912344, 48.8413443 ] } },
{ "type": "Feature", "properties": { "start_date": "1963-01-07", "end_date": "2026-08-29", "nom": "Bel-Air", "lignes": [ "Ligne 6" ], "couleur": "#6ECA97", "nom de référence": "Bel-Air" }, "geometry": { "type": "Point", "coordinates": [ 2.400912344, 48.8413443 ] } },
{ "type": "Feature", "properties": { "start_date": "1903-01-31", "end_date": "1935-04-28", "nom": "Belleville", "lignes": [ "Ligne 2" ], "couleur": "#003CA6", "nom de référence": "Belleville" }, "geometry": { "type": "Point", "coordinates": [ 2.376946807, 48.87208261 ] } },
{ "type": "Feature", "properties": { "start_date": "1935-04-28", "end_date": "2026-08-29", "nom": "Belleville", "lignes": [ "Ligne 11", "Ligne 2" ], "couleur": "#D8D8B9", "nom de référence": "Belleville" }, "geometry": { "type": "Point", "coordinates": [ 2.376946807, 48.87208261 ] } },
{ "type": "Feature", "properties": { "start_date": "1934-03-24", "end_date": "2026-08-29", "nom": "Bérault", "lignes": [ "Ligne 1" ], "couleur": "#FFCD00", "nom de référence": "Bérault" }, "geometry": { "type": "Point", "coordinates": [ 2.429238498, 48.84533424 ] } },
{ "type": "Feature", "properties": { "start_date": "1909-03-01", "end_date": "1998-10-15", "nom": "Bercy", "lignes": [ "Ligne 6" ], "couleur": "#6ECA97", "nom de référence": "Bercy" }, "geometry": { "type": "Point", "coordinates": [ 2.379582969, 48.84042809 ] } },
{ "type": "Feature", "properties": { "start_date": "1998-10-15", "end_date": "2026-08-29", "nom": "Bercy", "lignes": [ "Ligne 14", "Ligne 6" ], "couleur": "#D8D8B9", "nom de référence": "Bercy" }, "geometry": { "type": "Point", "coordinates": [ 2.379582969, 48.84042809 ] } },
{ "type": "Feature", "properties": { "start_date": "1998-10-15", "end_date": "2026-08-29", "nom": "Bibliothèque François-Mitterrand", "lignes": [ "Ligne 14" ], "couleur": "#62259D", "nom de référence": "Bibliothèque François-Mitterrand" }, "geometry": { "type": "Point", "coordinates": [ 2.376092612, 48.82960597 ] } },
{ "type": "Feature", "properties": { "start_date": "1934-02-03", "end_date": "2026-08-29", "nom": "Billancourt", "lignes": [ "Ligne 9" ], "couleur": "#B6BD00", "nom de référence": "Billancourt" }, "geometry": { "type": "Point", "coordinates": [ 2.238177359, 48.83208981 ] } },
{ "type": "Feature", "properties": { "start_date": "1906-04-24", "end_date": "1907-10-17", "nom": "Grenelle", "lignes": [ "Ligne 2 Sud" ], "couleur": "#ab1f07", "nom de référence": "Bir-Hakeim" }, "geometry": { "type": "Point", "coordinates": [ 2.289332, 48.853917 ] } },
{ "type": "Feature", "properties": { "start_date": "1907-10-17", "end_date": "1942-10-06", "nom": "Grenelle", "lignes": [ "Ligne 5" ], "couleur": "#FF7E2E", "nom de référence": "Bir-Hakeim" }, "geometry": { "type": "Point", "coordinates": [ 2.289332, 48.853917 ] } },
{ "type": "Feature", "properties": { "start_date": "1942-10-06", "end_date": "1949-06-18", "nom": "Grenelle", "lignes": [ "Ligne 6" ], "couleur": "#6ECA97", "nom de référence": "Bir-Hakeim" }, "geometry": { "type": "Point", "coordinates": [ 2.289332, 48.853917 ] } },
{ "type": "Feature", "properties": { "start_date": "1949-06-18", "end_date": "2026-08-29", "nom": "Bir-Hakeim", "lignes": [ "Ligne 6" ], "couleur": "#6ECA97", "nom de référence": "Bir-Hakeim" }, "geometry": { "type": "Point", "coordinates": [ 2.289332, 48.853917 ] } },
{ "type": "Feature", "properties": { "start_date": "1902-10-21", "end_date": "2026-08-29", "nom": "Blanche", "lignes": [ "Ligne 2" ], "couleur": "#003CA6", "nom de référence": "Blanche" }, "geometry": { "type": "Point", "coordinates": [ 2.333703, 48.883459 ] } },
{ "type": "Feature", "properties": { "start_date": "1985-04-25", "end_date": "2026-08-29", "nom": "Bobigny - Pablo Picasso", "lignes": [ "Ligne 5" ], "couleur": "#FF7E2E", "nom de référence": "Bobigny - Pablo Picasso" }, "geometry": { "type": "Point", "coordinates": [ 2.449994, 48.906538 ] } },
{ "type": "Feature", "properties": { "start_date": "1985-04-25", "end_date": "2026-08-29", "nom": "Bobigny - Pantin - Raymond Queneau", "lignes": [ "Ligne 5" ], "couleur": "#FF7E2E", "nom de référence": "Bobigny - Pantin - Raymond Queneau" }, "geometry": { "type": "Point", "coordinates": [ 2.424928844, 48.89540875 ] } },
{ "type": "Feature", "properties": { "start_date": "1900-10-02", "end_date": "1903-11-05", "nom": "Boissière", "lignes": [ "Ligne 1" ], "couleur": "#FFCD00", "nom de référence": "Boissière" }, "geometry": { "type": "Point", "coordinates": [ 2.290391922, 48.86738609 ] } },
{ "type": "Feature", "properties": { "start_date": "1903-11-05", "end_date": "1907-10-17", "nom": "Boissière", "lignes": [ "Ligne 2 Sud" ], "couleur": "#ab1f07", "nom de référence": "Boissière" }, "geometry": { "type": "Point", "coordinates": [ 2.290391922, 48.86738609 ] } },
{ "type": "Feature", "properties": { "start_date": "1907-10-17", "end_date": "1942-10-06", "nom": "Boissière", "lignes": [ "Ligne 5" ], "couleur": "#FF7E2E", "nom de référence": "Boissière" }, "geometry": { "type": "Point", "coordinates": [ 2.290391922, 48.86738609 ] } },
{ "type": "Feature", "properties": { "start_date": "1942-10-06", "end_date": "2026-08-29", "nom": "Boissière", "lignes": [ "Ligne 6" ], "couleur": "#6ECA97", "nom de référence": "Boissière" }, "geometry": { "type": "Point", "coordinates": [ 2.290391922, 48.86738609 ] } },
{ "type": "Feature", "properties": { "start_date": "1911-01-18", "end_date": "1967-12-03", "nom": "Bolivar", "lignes": [ "Ligne 7" ], "couleur": "#FA9ABA", "nom de référence": "Bolivar" }, "geometry": { "type": "Point", "coordinates": [ 2.374921739, 48.88050244 ] } },
{ "type": "Feature", "properties": { "start_date": "1967-12-03", "end_date": "2026-08-29", "nom": "Bolivar", "lignes": [ "Ligne 7 bis" ], "couleur": "#6ECA97", "nom de référence": "Bolivar" }, "geometry": { "type": "Point", "coordinates": [ 2.374921739, 48.88050244 ] } },
{ "type": "Feature", "properties": { "start_date": "1931-05-05", "end_date": "1933-12-10", "nom": "Bonne-Nouvelle", "lignes": [ "Ligne 8" ], "couleur": "#E19BDF", "nom de référence": "Bonne-Nouvelle" }, "geometry": { "type": "Point", "coordinates": [ 2.348874807, 48.87063948 ] } },
{ "type": "Feature", "properties": { "start_date": "1933-12-10", "end_date": "2026-08-29", "nom": "Bonne-Nouvelle", "lignes": [ "Ligne 8", "Ligne 9" ], "couleur": "#D8D8B9", "nom de référence": "Bonne-Nouvelle" }, "geometry": { "type": "Point", "coordinates": [ 2.348874807, 48.87063948 ] } },
{ "type": "Feature", "properties": { "start_date": "1911-01-18", "end_date": "1967-12-03", "nom": "Botzaris", "lignes": [ "Ligne 7" ], "couleur": "#FA9ABA", "nom de référence": "Botzaris" }, "geometry": { "type": "Point", "coordinates": [ 2.388040423, 48.87955169 ] } },
{ "type": "Feature", "properties": { "start_date": "1967-12-03", "end_date": "2026-08-29", "nom": "Botzaris", "lignes": [ "Ligne 7 bis" ], "couleur": "#6ECA97", "nom de référence": "Botzaris" }, "geometry": { "type": "Point", "coordinates": [ 2.388040423, 48.87955169 ] } },
{ "type": "Feature", "properties": { "start_date": "1937-07-27", "end_date": "2026-08-29", "nom": "Boucicaut", "lignes": [ "Ligne 8" ], "couleur": "#E19BDF", "nom de référence": "Boucicaut" }, "geometry": { "type": "Point", "coordinates": [ 2.287817, 48.841101 ] } },
{ "type": "Feature", "properties": { "start_date": "1980-10-03", "end_date": "2026-08-29", "nom": "Boulogne - Jean Jaurès", "lignes": [ "Ligne 10" ], "couleur": "#C9910D", "nom de référence": "Boulogne - Jean Jaurès" }, "geometry": { "type": "Point", "coordinates": [ 2.238877416, 48.84227813 ] } },
{ "type": "Feature", "properties": { "start_date": "1981-10-02", "end_date": "2026-08-29", "nom": "Boulogne - Pont de Saint-Cloud", "lignes": [ "Ligne 10" ], "couleur": "#C9910D", "nom de référence": "Boulogne - Pont de Saint-Cloud" }, "geometry": { "type": "Point", "coordinates": [ 2.228331, 48.840684 ] } },
{ "type": "Feature", "properties": { "start_date": "1904-10-19", "end_date": "2026-08-29", "nom": "Bourse", "lignes": [ "Ligne 3" ], "couleur": "#837902", "nom de référence": "Bourse" }, "geometry": { "type": "Point", "coordinates": [ 2.341369987, 48.86873757 ] } },
{ "type": "Feature", "properties": { "start_date": "1906-12-31", "end_date": "2026-08-29", "nom": "Bréguet - Sabin", "lignes": [ "Ligne 5" ], "couleur": "#FF7E2E", "nom de référence": "Bréguet - Sabin" }, "geometry": { "type": "Point", "coordinates": [ 2.370093763, 48.85613345 ] } },
{ "type": "Feature", "properties": { "start_date": "1912-01-20", "end_date": "1931-03-27", "nom": "Brochant", "lignes": [ "Ligne B" ], "couleur": "#1891c4", "nom de référence": "Brochant" }, "geometry": { "type": "Point", "coordinates": [ 2.31970042, 48.8908555 ] } },
{ "type": "Feature", "properties": { "start_date": "1931-03-27", "end_date": "2026-08-29", "nom": "Brochant", "lignes": [ "Ligne 13" ], "couleur": "#6EC4E8", "nom de référence": "Brochant" }, "geometry": { "type": "Point", "coordinates": [ 2.31970042, 48.8908555 ] } },
{ "type": "Feature", "properties": { "start_date": "1912-02-13", "end_date": "1967-12-03", "nom": "Buttes Chaumont", "lignes": [ "Ligne 7" ], "couleur": "#FA9ABA", "nom de référence": "Buttes Chaumont" }, "geometry": { "type": "Point", "coordinates": [ 2.381772101, 48.87850037 ] } },
{ "type": "Feature", "properties": { "start_date": "1967-12-03", "end_date": "2026-08-29", "nom": "Buttes Chaumont", "lignes": [ "Ligne 7 bis" ], "couleur": "#6ECA97", "nom de référence": "Buttes Chaumont" }, "geometry": { "type": "Point", "coordinates": [ 2.381772101, 48.87850037 ] } },
{ "type": "Feature", "properties": { "start_date": "1933-12-10", "end_date": "2026-08-29", "nom": "Buzenval", "lignes": [ "Ligne 9" ], "couleur": "#B6BD00", "nom de référence": "Buzenval" }, "geometry": { "type": "Point", "coordinates": [ 2.402045, 48.851976 ] } },
{ "type": "Feature", "properties": { "start_date": "1910-11-05", "end_date": "2026-08-29", "nom": "Cadet", "lignes": [ "Ligne 7" ], "couleur": "#FA9ABA", "nom de référence": "Cadet" }, "geometry": { "type": "Point", "coordinates": [ 2.344875634, 48.87613482 ] } },
{ "type": "Feature", "properties": { "start_date": "1906-04-24", "end_date": "1907-10-17", "nom": "Cambronne", "lignes": [ "Ligne 2 Sud" ], "couleur": "#ab1f07", "nom de référence": "Cambronne" }, "geometry": { "type": "Point", "coordinates": [ 2.302936614, 48.84753654 ] } },
{ "type": "Feature", "properties": { "start_date": "1907-10-17", "end_date": "1942-10-06", "nom": "Cambronne", "lignes": [ "Ligne 5" ], "couleur": "#FF7E2E", "nom de référence": "Cambronne" }, "geometry": { "type": "Point", "coordinates": [ 2.302936614, 48.84753654 ] } },
{ "type": "Feature", "properties": { "start_date": "1942-10-06", "end_date": "2026-08-29", "nom": "Cambronne", "lignes": [ "Ligne 6" ], "couleur": "#6ECA97", "nom de référence": "Cambronne" }, "geometry": { "type": "Point", "coordinates": [ 2.302936614, 48.84753654 ] } },
{ "type": "Feature", "properties": { "start_date": "1906-06-06", "end_date": "2026-08-29", "nom": "Campo-Formio", "lignes": [ "Ligne 5" ], "couleur": "#FF7E2E", "nom de référence": "Campo-Formio" }, "geometry": { "type": "Point", "coordinates": [ 2.358128428, 48.83502241 ] } },
{ "type": "Feature", "properties": { "start_date": "1931-04-26", "end_date": "2026-08-29", "nom": "Cardinal Lemoine", "lignes": [ "Ligne 10" ], "couleur": "#C9910D", "nom de référence": "Cardinal Lemoine" }, "geometry": { "type": "Point", "coordinates": [ 2.351202965, 48.8471394 ] } },
{ "type": "Feature", "properties": { "start_date": "1952-06-30", "end_date": "2026-08-29", "nom": "Carrefour Pleyel", "lignes": [ "Ligne 13" ], "couleur": "#6EC4E8", "nom de référence": "Carrefour Pleyel" }, "geometry": { "type": "Point", "coordinates": [ 2.343926132, 48.91994192 ] } },
{ "type": "Feature", "properties": { "start_date": "1930-02-15", "end_date": "1931-04-26", "nom": "Censier - Daubenton", "lignes": [ "Ligne 10" ], "couleur": "#C9910D", "nom de référence": "Censier - Daubenton" }, "geometry": { "type": "Point", "coordinates": [ 2.351774, 48.840597 ] } },
{ "type": "Feature", "properties": { "start_date": "1931-04-26", "end_date": "2026-08-29", "nom": "Censier - Daubenton", "lignes": [ "Ligne 7" ], "couleur": "#FA9ABA", "nom de référence": "Censier - Daubenton" }, "geometry": { "type": "Point", "coordinates": [ 2.351774, 48.840597 ] } },
{ "type": "Feature", "properties": { "start_date": "1913-07-13", "end_date": "1939-09-03", "nom": "Champs de Mars", "lignes": [ "Ligne 8" ], "couleur": "#E19BDF", "nom de référence": "Champs de Mars" }, "geometry": { "type": "Point", "coordinates": [ 2.301879823, 48.85185547 ] } },
{ "type": "Feature", "properties": { "start_date": "1900-07-19", "end_date": "1931-05-20", "nom": "Champs-Élysées", "lignes": [ "Ligne 1" ], "couleur": "#FFCD00", "nom de référence": "Champs-Élysées - Clemenceau" }, "geometry": { "type": "Point", "coordinates": [ 2.31395945, 48.86741142 ] } },
{ "type": "Feature", "properties": { "start_date": "1931-05-20", "end_date": "1975-02-18", "nom": "Champs-Élysées - Clemenceau", "lignes": [ "Ligne 1" ], "couleur": "#FFCD00", "nom de référence": "Champs-Élysées - Clemenceau" }, "geometry": { "type": "Point", "coordinates": [ 2.31395945, 48.86741142 ] } },
{ "type": "Feature", "properties": { "start_date": "1975-02-18", "end_date": "2026-08-29", "nom": "Champs-Élysées - Clemenceau", "lignes": [ "Ligne 1", "Ligne 13" ], "couleur": "#D8D8B9", "nom de référence": "Champs-Élysées - Clemenceau" }, "geometry": { "type": "Point", "coordinates": [ 2.31395945, 48.86741142 ] } },
{ "type": "Feature", "properties": { "start_date": "1913-09-30", "end_date": "1937-07-27", "nom": "Chardon-Lagache", "lignes": [ "Ligne 8" ], "couleur": "#E19BDF", "nom de référence": "Chardon-Lagache" }, "geometry": { "type": "Point", "coordinates": [ 2.26621449, 48.84513775 ] } },
{ "type": "Feature", "properties": { "start_date": "1937-07-27", "end_date": "2026-08-29", "nom": "Chardon-Lagache", "lignes": [ "Ligne 10" ], "couleur": "#C9910D", "nom de référence": "Chardon-Lagache" }, "geometry": { "type": "Point", "coordinates": [ 2.26621449, 48.84513775 ] } },
{ "type": "Feature", "properties": { "start_date": "1942-10-05", "end_date": "2026-08-29", "nom": "Charenton - Écoles", "lignes": [ "Ligne 8" ], "couleur": "#E19BDF", "nom de référence": "Charenton - Écoles" }, "geometry": { "type": "Point", "coordinates": [ 2.41386205, 48.82148972 ] } },
{ "type": "Feature", "properties": { "start_date": "1900-09-01", "end_date": "1900-12-13", "nom": "Étoile", "lignes": [ "Ligne 1" ], "couleur": "#FFCD00", "nom de référence": "Charles de Gaulle - Étoile" }, "geometry": { "type": "Point", "coordinates": [ 2.295762685, 48.8744076 ] } },
{ "type": "Feature", "properties": { "start_date": "1900-12-13", "end_date": "1903-11-05", "nom": "Étoile", "lignes": [ "Ligne 1", "Ligne 2" ], "couleur": "#D8D8B9", "nom de référence": "Charles de Gaulle - Étoile" }, "geometry": { "type": "Point", "coordinates": [ 2.295762685, 48.8744076 ] } },
{ "type": "Feature", "properties": { "start_date": "1903-11-05", "end_date": "1907-10-17", "nom": "Étoile", "lignes": [ "Ligne 1", "Ligne 2", "Ligne 2 Sud" ], "couleur": "#D8D8B9", "nom de référence": "Charles de Gaulle - Étoile" }, "geometry": { "type": "Point", "coordinates": [ 2.295762685, 48.8744076 ] } },
{ "type": "Feature", "properties": { "start_date": "1907-10-17", "end_date": "1942-10-06", "nom": "Étoile", "lignes": [ "Ligne 1", "Ligne 2", "Ligne 5" ], "couleur": "#D8D8B9", "nom de référence": "Charles de Gaulle - Étoile" }, "geometry": { "type": "Point", "coordinates": [ 2.295762685, 48.8744076 ] } },
{ "type": "Feature", "properties": { "start_date": "1942-10-06", "end_date": "1970-11-13", "nom": "Étoile", "lignes": [ "Ligne 1", "Ligne 2", "Ligne 6" ], "couleur": "#D8D8B9", "nom de référence": "Charles de Gaulle - Étoile" }, "geometry": { "type": "Point", "coordinates": [ 2.295762685, 48.8744076 ] } },
{ "type": "Feature", "properties": { "start_date": "1970-11-13", "end_date": "2026-08-29", "nom": "Charles de Gaulle - Étoile", "lignes": [ "Ligne 1", "Ligne 2", "Ligne 6" ], "couleur": "#D8D8B9", "nom de référence": "Charles de Gaulle - Étoile" }, "geometry": { "type": "Point", "coordinates": [ 2.295762685, 48.8744076 ] } },
{ "type": "Feature", "properties": { "start_date": "1913-07-13", "end_date": "1937-07-27", "nom": "Beaugrenelle", "lignes": [ "Ligne 8" ], "couleur": "#E19BDF", "nom de référence": "Charles Michels" }, "geometry": { "type": "Point", "coordinates": [ 2.286942, 48.846591 ] } },
{ "type": "Feature", "properties": { "start_date": "1937-07-27", "end_date": "1945-07-14", "nom": "Beaugrenelle", "lignes": [ "Ligne 10" ], "couleur": "#C9910D", "nom de référence": "Charles Michels" }, "geometry": { "type": "Point", "coordinates": [ 2.286942, 48.846591 ] } },
{ "type": "Feature", "properties": { "start_date": "1945-07-14", "end_date": "2026-08-29", "nom": "Charles Michels", "lignes": [ "Ligne 10" ], "couleur": "#C9910D", "nom de référence": "Charles Michels" }, "geometry": { "type": "Point", "coordinates": [ 2.286942, 48.846591 ] } },
{ "type": "Feature", "properties": { "start_date": "1933-12-10", "end_date": "2026-08-29", "nom": "Charonne", "lignes": [ "Ligne 9" ], "couleur": "#B6BD00", "nom de référence": "Charonne" }, "geometry": { "type": "Point", "coordinates": [ 2.384639382, 48.85510281 ] } },
{ "type": "Feature", "properties": { "start_date": "1908-04-21", "end_date": "2026-08-29", "nom": "Château d'Eau", "lignes": [ "Ligne 4" ], "couleur": "#CF009E", "nom de référence": "Château d'Eau" }, "geometry": { "type": "Point", "coordinates": [ 2.356148958, 48.8729012 ] } },
{ "type": "Feature", "properties": { "start_date": "1934-03-24", "end_date": "2026-08-29", "nom": "Château de Vincennes", "lignes": [ "Ligne 1" ], "couleur": "#FFCD00", "nom de référence": "Château de Vincennes" }, "geometry": { "type": "Point", "coordinates": [ 2.439509705, 48.84453631 ] } },
{ "type": "Feature", "properties": { "start_date": "1908-04-21", "end_date": "2026-08-29", "nom": "Château Rouge", "lignes": [ "Ligne 4" ], "couleur": "#CF009E", "nom de référence": "Château Rouge" }, "geometry": { "type": "Point", "coordinates": [ 2.349552, 48.88673 ] } },
{ "type": "Feature", "properties": { "start_date": "1910-11-05", "end_date": "2026-08-29", "nom": "Château-Landon", "lignes": [ "Ligne 7" ], "couleur": "#FA9ABA", "nom de référence": "Château-Landon" }, "geometry": { "type": "Point", "coordinates": [ 2.362071276, 48.87845627 ] } },
{ "type": "Feature", "properties": { "start_date": "1900-08-06", "end_date": "1908-04-21", "nom": "Châtelet", "lignes": [ "Ligne 1" ], "couleur": "#FFCD00", "nom de référence": "Châtelet" }, "geometry": { "type": "Point", "coordinates": [ 2.347119401, 48.85851952 ] } },
{ "type": "Feature", "properties": { "start_date": "1908-04-21", "end_date": "1934-04-15", "nom": "Châtelet", "lignes": [ "Ligne 1", "Ligne 4" ], "couleur": "#D8D8B9", "nom de référence": "Châtelet" }, "geometry": { "type": "Point", "coordinates": [ 2.347119401, 48.85851952 ] } },
{ "type": "Feature", "properties": { "start_date": "1935-04-28", "end_date": "1998-10-15", "nom": "Châtelet", "lignes": [ "Couloirs", "Ligne 1", "Ligne 11", "Ligne 4" ], "couleur": "#D8D8B9", "nom de référence": "Châtelet" }, "geometry": { "type": "Point", "coordinates": [ 2.347119401, 48.85851952 ] } },
{ "type": "Feature", "properties": { "start_date": "1998-10-15", "end_date": "2026-08-29", "nom": "Châtelet", "lignes": [ "Couloirs", "Ligne 1", "Ligne 11", "Ligne 14", "Ligne 4" ], "couleur": "#D8D8B9", "nom de référence": "Châtelet" }, "geometry": { "type": "Point", "coordinates": [ 2.347119401, 48.85851952 ] } },
{ "type": "Feature", "properties": { "start_date": "1926-04-16", "end_date": "1926-11-01", "nom": "Pont Notre-Dame", "lignes": [ "Ligne 7" ], "couleur": "#FA9ABA", "nom de référence": "Pont Notre-Dame" }, "geometry": { "type": "Point", "coordinates": [ 2.348899, 48.856725 ] } },
{ "type": "Feature", "properties": { "start_date": "1926-11-01", "end_date": "1934-04-15", "nom": "Pont Notre-Dame - Pont au Change", "lignes": [ "Ligne 7" ], "couleur": "#FA9ABA", "nom de référence": "Pont Notre-Dame" }, "geometry": { "type": "Point", "coordinates": [ 2.348899, 48.856725 ] } },
{ "type": "Feature", "properties": { "start_date": "1976-11-09", "end_date": "2026-08-29", "nom": "Châtillon - Montrouge", "lignes": [ "Ligne 13" ], "couleur": "#6EC4E8", "nom de référence": "Châtillon - Montrouge" }, "geometry": { "type": "Point", "coordinates": [ 2.301826179, 48.81053942 ] } },
{ "type": "Feature", "properties": { "start_date": "1910-11-05", "end_date": "1923-06-03", "nom": "Chaussée d'Antin - La Fayette", "lignes": [ "Ligne 7" ], "couleur": "#FA9ABA", "nom de référence": "Chaussée d'Antin - La Fayette" }, "geometry": { "type": "Point", "coordinates": [ 2.333932221, 48.87307232 ] } },
{ "type": "Feature", "properties": { "start_date": "1923-06-03", "end_date": "2026-08-29", "nom": "Chaussée d'Antin - La Fayette", "lignes": [ "Ligne 7", "Ligne 9" ], "couleur": "#D8D8B9", "nom de référence": "Chaussée d'Antin - La Fayette" }, "geometry": { "type": "Point", "coordinates": [ 2.333932221, 48.87307232 ] } },
{ "type": "Feature", "properties": { "start_date": "1931-05-05", "end_date": "2026-08-29", "nom": "Chemin Vert", "lignes": [ "Ligne 8" ], "couleur": "#E19BDF", "nom de référence": "Chemin Vert" }, "geometry": { "type": "Point", "coordinates": [ 2.368347645, 48.85677758 ] } },
{ "type": "Feature", "properties": { "start_date": "1909-03-01", "end_date": "2026-08-29", "nom": "Chevaleret", "lignes": [ "Ligne 6" ], "couleur": "#6ECA97", "nom de référence": "Chevaleret" }, "geometry": { "type": "Point", "coordinates": [ 2.368082106, 48.83493767 ] } },
{ "type": "Feature", "properties": { "start_date": "1910-12-10", "end_date": "2026-08-29", "nom": "Cité", "lignes": [ "Ligne 4" ], "couleur": "#CF009E", "nom de référence": "Cité" }, "geometry": { "type": "Point", "coordinates": [ 2.346720374, 48.85510059 ] } },
{ "type": "Feature", "properties": { "start_date": "1930-02-15", "end_date": "1939-09-03", "nom": "Cluny", "lignes": [ "Ligne 10" ], "couleur": "#C9910D", "nom de référence": "Cluny - La Sorbonne" }, "geometry": { "type": "Point", "coordinates": [ 2.344273345, 48.85105028 ] } },
{ "type": "Feature", "properties": { "start_date": "1988-02-17", "end_date": "1988-12-15", "nom": "Cluny - La Sorbonne", "lignes": [ ], "couleur": "#D8D8B9", "nom de référence": "Cluny - La Sorbonne" }, "geometry": { "type": "Point", "coordinates": [ 2.344273345, 48.85105028 ] } },
{ "type": "Feature", "properties": { "start_date": "1988-12-15", "end_date": "2026-08-29", "nom": "Cluny - La Sorbonne", "lignes": [ "Ligne 10" ], "couleur": "#C9910D", "nom de référence": "Cluny - La Sorbonne" }, "geometry": { "type": "Point", "coordinates": [ 2.344273345, 48.85105028 ] } },
{ "type": "Feature", "properties": { "start_date": "1903-01-31", "end_date": "1945-08-19", "nom": "Combat", "lignes": [ "Ligne 2" ], "couleur": "#003CA6", "nom de référence": "Colonel Fabien" }, "geometry": { "type": "Point", "coordinates": [ 2.37116, 48.877136 ] } },
{ "type": "Feature", "properties": { "start_date": "1945-08-19", "end_date": "2026-08-29", "nom": "Colonel Fabien", "lignes": [ "Ligne 2" ], "couleur": "#003CA6", "nom de référence": "Colonel Fabien" }, "geometry": { "type": "Point", "coordinates": [ 2.37116, 48.877136 ] } },
{ "type": "Feature", "properties": { "start_date": "1937-07-27", "end_date": "2026-08-29", "nom": "Commerce", "lignes": [ "Ligne 8" ], "couleur": "#E19BDF", "nom de référence": "Commerce" }, "geometry": { "type": "Point", "coordinates": [ 2.294215, 48.845093 ] } },
{ "type": "Feature", "properties": { "start_date": "1900-08-13", "end_date": "1910-11-05", "nom": "Concorde", "lignes": [ "Ligne 1" ], "couleur": "#FFCD00", "nom de référence": "Concorde" }, "geometry": { "type": "Point", "coordinates": [ 2.322397, 48.866176 ] } },
{ "type": "Feature", "properties": { "start_date": "1910-11-05", "end_date": "1914-03-12", "nom": "Concorde", "lignes": [ "Ligne 1", "Ligne A" ], "couleur": "#D8D8B9", "nom de référence": "Concorde" }, "geometry": { "type": "Point", "coordinates": [ 2.322397, 48.866176 ] } },
{ "type": "Feature", "properties": { "start_date": "1914-03-12", "end_date": "1931-03-27", "nom": "Concorde", "lignes": [ "Ligne 1", "Ligne 8", "Ligne A" ], "couleur": "#D8D8B9", "nom de référence": "Concorde" }, "geometry": { "type": "Point", "coordinates": [ 2.322397, 48.866176 ] } },
{ "type": "Feature", "properties": { "start_date": "1931-03-27", "end_date": "2026-08-29", "nom": "Concorde", "lignes": [ "Ligne 1", "Ligne 12", "Ligne 8" ], "couleur": "#D8D8B9", "nom de référence": "Concorde" }, "geometry": { "type": "Point", "coordinates": [ 2.322397, 48.866176 ] } },
{ "type": "Feature", "properties": { "start_date": "1910-11-05", "end_date": "1931-03-27", "nom": "Convention", "lignes": [ "Ligne A" ], "couleur": "#2b5439", "nom de référence": "Convention" }, "geometry": { "type": "Point", "coordinates": [ 2.296795, 48.837419 ] } },
{ "type": "Feature", "properties": { "start_date": "1931-03-27", "end_date": "2026-08-29", "nom": "Convention", "lignes": [ "Ligne 12" ], "couleur": "#007852", "nom de référence": "Convention" }, "geometry": { "type": "Point", "coordinates": [ 2.296795, 48.837419 ] } },
{ "type": "Feature", "properties": { "start_date": "1910-11-05", "end_date": "1946-02-10", "nom": "Pont de Flandres", "lignes": [ "Ligne 7" ], "couleur": "#FA9ABA", "nom de référence": "Corentin Cariou" }, "geometry": { "type": "Point", "coordinates": [ 2.382307, 48.89473 ] } },
{ "type": "Feature", "properties": { "start_date": "1946-02-10", "end_date": "2026-08-29", "nom": "Corentin Cariou", "lignes": [ "Ligne 7" ], "couleur": "#FA9ABA", "nom de référence": "Corentin Cariou" }, "geometry": { "type": "Point", "coordinates": [ 2.382307, 48.89473 ] } },
{ "type": "Feature", "properties": { "start_date": "1934-03-24", "end_date": "1945-10-15", "nom": "Petits Ménages", "lignes": [ "Ligne 12" ], "couleur": "#007852", "nom de référence": "Corentin Celton" }, "geometry": { "type": "Point", "coordinates": [ 2.278985, 48.826833 ] } },
{ "type": "Feature", "properties": { "start_date": "1945-10-15", "end_date": "2026-08-29", "nom": "Corentin Celton", "lignes": [ "Ligne 12" ], "couleur": "#007852", "nom de référence": "Corentin Celton" }, "geometry": { "type": "Point", "coordinates": [ 2.278985, 48.826833 ] } },
{ "type": "Feature", "properties": { "start_date": "1906-04-24", "end_date": "1907-10-17", "nom": "Corvisart", "lignes": [ "Ligne 2 Sud" ], "couleur": "#ab1f07", "nom de référence": "Corvisart" }, "geometry": { "type": "Point", "coordinates": [ 2.350508273, 48.82980683 ] } },
{ "type": "Feature", "properties": { "start_date": "1907-10-17", "end_date": "1942-10-06", "nom": "Corvisart", "lignes": [ "Ligne 5" ], "couleur": "#FF7E2E", "nom de référence": "Corvisart" }, "geometry": { "type": "Point", "coordinates": [ 2.350508273, 48.82980683 ] } },
{ "type": "Feature", "properties": { "start_date": "1942-10-06", "end_date": "2026-08-29", "nom": "Corvisart", "lignes": [ "Ligne 6" ], "couleur": "#6ECA97", "nom de référence": "Corvisart" }, "geometry": { "type": "Point", "coordinates": [ 2.350508273, 48.82980683 ] } },
{ "type": "Feature", "properties": { "start_date": "1998-10-15", "end_date": "2026-08-29", "nom": "Cour Saint-Émilion", "lignes": [ "Ligne 14" ], "couleur": "#62259D", "nom de référence": "Cour Saint-Émilion" }, "geometry": { "type": "Point", "coordinates": [ 2.386632402, 48.83333856 ] } },
{ "type": "Feature", "properties": { "start_date": "1902-10-07", "end_date": "2026-08-29", "nom": "Courcelles", "lignes": [ "Ligne 2" ], "couleur": "#003CA6", "nom de référence": "Courcelles" }, "geometry": { "type": "Point", "coordinates": [ 2.304339, 48.879401 ] } },
{ "type": "Feature", "properties": { "start_date": "1903-01-31", "end_date": "2026-08-29", "nom": "Couronnes", "lignes": [ "Ligne 2" ], "couleur": "#003CA6", "nom de référence": "Couronnes" }, "geometry": { "type": "Point", "coordinates": [ 2.379861, 48.869521 ] } },
{ "type": "Feature", "properties": { "start_date": "1973-09-24", "end_date": "2026-08-29", "nom": "Créteil - L'Échat", "lignes": [ "Ligne 8" ], "couleur": "#E19BDF", "nom de référence": "Créteil - L'Échat" }, "geometry": { "type": "Point", "coordinates": [ 2.449355721, 48.79596297 ] } },
{ "type": "Feature", "properties": { "start_date": "1974-09-10", "end_date": "2026-08-29", "nom": "Créteil - Préfecture", "lignes": [ "Ligne 8" ], "couleur": "#E19BDF", "nom de référence": "Créteil - Préfecture" }, "geometry": { "type": "Point", "coordinates": [ 2.459317446, 48.77977215 ] } },
{ "type": "Feature", "properties": { "start_date": "1974-09-10", "end_date": "2026-08-29", "nom": "Créteil - Université", "lignes": [ "Ligne 8" ], "couleur": "#E19BDF", "nom de référence": "Créteil - Université" }, "geometry": { "type": "Point", "coordinates": [ 2.450785339, 48.78975375 ] } },
{ "type": "Feature", "properties": { "start_date": "1910-11-05", "end_date": "2026-08-29", "nom": "Crimée", "lignes": [ "Ligne 7" ], "couleur": "#FA9ABA", "nom de référence": "Crimée" }, "geometry": { "type": "Point", "coordinates": [ 2.377377, 48.89142 ] } },
{ "type": "Feature", "properties": { "start_date": "1937-10-14", "end_date": "2026-08-29", "nom": "Croix de Chavaux", "lignes": [ "Ligne 9" ], "couleur": "#B6BD00", "nom de référence": "Croix de Chavaux" }, "geometry": { "type": "Point", "coordinates": [ 2.435764, 48.858055 ] } },
{ "type": "Feature", "properties": { "start_date": "1923-12-30", "end_date": "1939-09-03", "nom": "Croix-Rouge", "lignes": [ "Ligne 10" ], "couleur": "#C9910D", "nom de référence": "Croix-Rouge" }, "geometry": { "type": "Point", "coordinates": [ 2.329503894, 48.8518943 ] } },
{ "type": "Feature", "properties": { "start_date": "1911-01-18", "end_date": "1967-12-03", "nom": "Danube", "lignes": [ "Ligne 7" ], "couleur": "#FA9ABA", "nom de référence": "Danube" }, "geometry": { "type": "Point", "coordinates": [ 2.394201458, 48.88180772 ] } },
{ "type": "Feature", "properties": { "start_date": "1967-12-03", "end_date": "2026-08-29", "nom": "Danube", "lignes": [ "Ligne 7 bis" ], "couleur": "#6ECA97", "nom de référence": "Danube" }, "geometry": { "type": "Point", "coordinates": [ 2.394201458, 48.88180772 ] } },
{ "type": "Feature", "properties": { "start_date": "1909-03-01", "end_date": "1931-05-05", "nom": "Daumesnil", "lignes": [ "Ligne 6" ], "couleur": "#6ECA97", "nom de référence": "Daumesnil" }, "geometry": { "type": "Point", "coordinates": [ 2.395792007, 48.8396443 ] } },
{ "type": "Feature", "properties": { "start_date": "1931-05-05", "end_date": "2026-08-29", "nom": "Daumesnil", "lignes": [ "Ligne 6", "Ligne 8" ], "couleur": "#D8D8B9", "nom de référence": "Daumesnil" }, "geometry": { "type": "Point", "coordinates": [ 2.395792007, 48.8396443 ] } },
{ "type": "Feature", "properties": { "start_date": "1906-04-24", "end_date": "1907-10-17", "nom": "Denfert-Rochereau", "lignes": [ "Ligne 2 Sud" ], "couleur": "#ab1f07", "nom de référence": "Denfert-Rochereau" }, "geometry": { "type": "Point", "coordinates": [ 2.332727909, 48.8339013 ] } },
{ "type": "Feature", "properties": { "start_date": "1907-10-17", "end_date": "1909-10-30", "nom": "Denfert-Rochereau", "lignes": [ "Ligne 5" ], "couleur": "#FF7E2E", "nom de référence": "Denfert-Rochereau" }, "geometry": { "type": "Point", "coordinates": [ 2.332727909, 48.8339013 ] } },
{ "type": "Feature", "properties": { "start_date": "1909-10-30", "end_date": "1942-10-06", "nom": "Denfert-Rochereau", "lignes": [ "Ligne 4", "Ligne 5" ], "couleur": "#D8D8B9", "nom de référence": "Denfert-Rochereau" }, "geometry": { "type": "Point", "coordinates": [ 2.332727909, 48.8339013 ] } },
{ "type": "Feature", "properties": { "start_date": "1942-10-06", "end_date": "2026-08-29", "nom": "Denfert-Rochereau", "lignes": [ "Ligne 4", "Ligne 6" ], "couleur": "#D8D8B9", "nom de référence": "Denfert-Rochereau" }, "geometry": { "type": "Point", "coordinates": [ 2.332727909, 48.8339013 ] } },
{ "type": "Feature", "properties": { "start_date": "1909-03-01", "end_date": "1939-07-12", "nom": "Charenton", "lignes": [ "Ligne 6" ], "couleur": "#6ECA97", "nom de référence": "Dugommier" }, "geometry": { "type": "Point", "coordinates": [ 2.389963567, 48.83904937 ] } },
{ "type": "Feature", "properties": { "start_date": "1939-07-12", "end_date": "2026-08-29", "nom": "Dugommier", "lignes": [ "Ligne 6" ], "couleur": "#6ECA97", "nom de référence": "Dugommier" }, "geometry": { "type": "Point", "coordinates": [ 2.389963567, 48.83904937 ] } },
{ "type": "Feature", "properties": { "start_date": "1906-04-24", "end_date": "1907-10-17", "nom": "Dupleix", "lignes": [ "Ligne 2 Sud" ], "couleur": "#ab1f07", "nom de référence": "Dupleix" }, "geometry": { "type": "Point", "coordinates": [ 2.293610573, 48.85039234 ] } },
{ "type": "Feature", "properties": { "start_date": "1907-10-17", "end_date": "1942-10-06", "nom": "Dupleix", "lignes": [ "Ligne 5" ], "couleur": "#FF7E2E", "nom de référence": "Dupleix" }, "geometry": { "type": "Point", "coordinates": [ 2.293610573, 48.85039234 ] } },
{ "type": "Feature", "properties": { "start_date": "1942-10-06", "end_date": "2026-08-29", "nom": "Dupleix", "lignes": [ "Ligne 6" ], "couleur": "#6ECA97", "nom de référence": "Dupleix" }, "geometry": { "type": "Point", "coordinates": [ 2.293610573, 48.85039234 ] } },
{ "type": "Feature", "properties": { "start_date": "1923-12-30", "end_date": "1937-07-27", "nom": "Duroc", "lignes": [ "Ligne 10" ], "couleur": "#C9910D", "nom de référence": "Duroc" }, "geometry": { "type": "Point", "coordinates": [ 2.316479087, 48.84682874 ] } },
{ "type": "Feature", "properties": { "start_date": "1937-07-27", "end_date": "1976-11-09", "nom": "Duroc", "lignes": [ "Ligne 10", "Ligne 14 (ancienne)" ], "couleur": "#D8D8B9", "nom de référence": "Duroc" }, "geometry": { "type": "Point", "coordinates": [ 2.316479087, 48.84682874 ] } },
{ "type": "Feature", "properties": { "start_date": "1976-11-09", "end_date": "2026-08-29", "nom": "Duroc", "lignes": [ "Ligne 10", "Ligne 13" ], "couleur": "#D8D8B9", "nom de référence": "Duroc" }, "geometry": { "type": "Point", "coordinates": [ 2.316479087, 48.84682874 ] } },
{ "type": "Feature", "properties": { "start_date": "1913-07-13", "end_date": "2026-08-29", "nom": "École Militaire", "lignes": [ "Ligne 8" ], "couleur": "#E19BDF", "nom de référence": "École Militaire" }, "geometry": { "type": "Point", "coordinates": [ 2.306737304, 48.85510987 ] } },
{ "type": "Feature", "properties": { "start_date": "1970-09-19", "end_date": "1996-01-01", "nom": "Maisons-Alfort - École Vétérinaire", "lignes": [ "Ligne 8" ], "couleur": "#E19BDF", "nom de référence": "École vétérinaire de Maisons-Alfort" }, "geometry": { "type": "Point", "coordinates": [ 2.421881855, 48.81519006 ] } },
{ "type": "Feature", "properties": { "start_date": "1996-01-01", "end_date": "2026-08-29", "nom": "École vétérinaire de Maisons-Alfort", "lignes": [ "Ligne 8" ], "couleur": "#E19BDF", "nom de référence": "École vétérinaire de Maisons-Alfort" }, "geometry": { "type": "Point", "coordinates": [ 2.421881855, 48.81519006 ] } },
{ "type": "Feature", "properties": { "start_date": "1906-04-24", "end_date": "1907-10-17", "nom": "Edgar Quinet", "lignes": [ "Ligne 2 Sud" ], "couleur": "#ab1f07", "nom de référence": "Edgar Quinet" }, "geometry": { "type": "Point", "coordinates": [ 2.325083613, 48.84104773 ] } },
{ "type": "Feature", "properties": { "start_date": "1907-10-17", "end_date": "1942-10-06", "nom": "Edgar Quinet", "lignes": [ "Ligne 5" ], "couleur": "#FF7E2E", "nom de référence": "Edgar Quinet" }, "geometry": { "type": "Point", "coordinates": [ 2.325083613, 48.84104773 ] } },
{ "type": "Feature", "properties": { "start_date": "1942-10-06", "end_date": "2026-08-29", "nom": "Edgar Quinet", "lignes": [ "Ligne 6" ], "couleur": "#6ECA97", "nom de référence": "Edgar Quinet" }, "geometry": { "type": "Point", "coordinates": [ 2.325083613, 48.84104773 ] } },
{ "type": "Feature", "properties": { "start_date": "1913-09-30", "end_date": "1921-05-15", "nom": "Wilhem", "lignes": [ "Ligne 8" ], "couleur": "#E19BDF", "nom de référence": "Église d'Auteuil" }, "geometry": { "type": "Point", "coordinates": [ 2.269020081, 48.8471694 ] } },
{ "type": "Feature", "properties": { "start_date": "1921-05-15", "end_date": "1937-07-27", "nom": "Église d'Auteuil", "lignes": [ "Ligne 8" ], "couleur": "#E19BDF", "nom de référence": "Église d'Auteuil" }, "geometry": { "type": "Point", "coordinates": [ 2.269020081, 48.8471694 ] } },
{ "type": "Feature", "properties": { "start_date": "1937-07-27", "end_date": "2026-08-29", "nom": "Église d'Auteuil", "lignes": [ "Ligne 10" ], "couleur": "#C9910D", "nom de référence": "Église d'Auteuil" }, "geometry": { "type": "Point", "coordinates": [ 2.269020081, 48.8471694 ] } },
{ "type": "Feature", "properties": { "start_date": "1942-10-12", "end_date": "2026-08-29", "nom": "Église de Pantin", "lignes": [ "Ligne 5" ], "couleur": "#FF7E2E", "nom de référence": "Église de Pantin" }, "geometry": { "type": "Point", "coordinates": [ 2.412917912, 48.89362771 ] } },
{ "type": "Feature", "properties": { "start_date": "1992-04-01", "end_date": "2026-08-29", "nom": "Esplanade de La Défense", "lignes": [ "Ligne 1" ], "couleur": "#FFCD00", "nom de référence": "Esplanade de La Défense" }, "geometry": { "type": "Point", "coordinates": [ 2.250442325, 48.88784312 ] } },
{ "type": "Feature", "properties": { "start_date": "1908-04-21", "end_date": "2026-08-29", "nom": "Étienne Marcel", "lignes": [ "Ligne 4" ], "couleur": "#CF009E", "nom de référence": "Étienne Marcel" }, "geometry": { "type": "Point", "coordinates": [ 2.350607514, 48.86411131 ] } },
{ "type": "Feature", "properties": { "start_date": "1904-10-19", "end_date": "2026-08-29", "nom": "Europe", "lignes": [ "Ligne 3" ], "couleur": "#837902", "nom de référence": "Europe" }, "geometry": { "type": "Point", "coordinates": [ 2.32238, 48.878821 ] } },
{ "type": "Feature", "properties": { "start_date": "1922-11-08", "end_date": "2026-08-29", "nom": "Exelmans", "lignes": [ "Ligne 9" ], "couleur": "#B6BD00", "nom de référence": "Exelmans" }, "geometry": { "type": "Point", "coordinates": [ 2.259549201, 48.84240522 ] } },
{ "type": "Feature", "properties": { "start_date": "1931-05-05", "end_date": "2026-08-29", "nom": "Faidherbe - Chaligny", "lignes": [ "Ligne 8" ], "couleur": "#E19BDF", "nom de référence": "Faidherbe - Chaligny" }, "geometry": { "type": "Point", "coordinates": [ 2.38339752, 48.8501576 ] } },
{ "type": "Feature", "properties": { "start_date": "1910-11-05", "end_date": "1931-03-27", "nom": "Falguière", "lignes": [ "Ligne A" ], "couleur": "#2b5439", "nom de référence": "Falguière" }, "geometry": { "type": "Point", "coordinates": [ 2.317954, 48.84449 ] } },
{ "type": "Feature", "properties": { "start_date": "1931-03-27", "end_date": "2026-08-29", "nom": "Falguière", "lignes": [ "Ligne 12" ], "couleur": "#007852", "nom de référence": "Falguière" }, "geometry": { "type": "Point", "coordinates": [ 2.317954, 48.84449 ] } },
{ "type": "Feature", "properties": { "start_date": "1937-07-27", "end_date": "2026-08-29", "nom": "Félix Faure", "lignes": [ "Ligne 8" ], "couleur": "#E19BDF", "nom de référence": "Félix Faure" }, "geometry": { "type": "Point", "coordinates": [ 2.291004, 48.842351 ] } },
{ "type": "Feature", "properties": { "start_date": "1931-05-05", "end_date": "2026-08-29", "nom": "Filles du Calvaire", "lignes": [ "Ligne 8" ], "couleur": "#E19BDF", "nom de référence": "Filles du Calvaire" }, "geometry": { "type": "Point", "coordinates": [ 2.366121411, 48.86407249 ] } },
{ "type": "Feature", "properties": { "start_date": "1979-10-04", "end_date": "2026-08-29", "nom": "Fort d'Aubervilliers", "lignes": [ "Ligne 7" ], "couleur": "#FA9ABA", "nom de référence": "Fort d'Aubervilliers" }, "geometry": { "type": "Point", "coordinates": [ 2.40378499, 48.91423986 ] } },
{ "type": "Feature", "properties": { "start_date": "1900-07-19", "end_date": "1942-10-06", "nom": "Marbeuf", "lignes": [ "Ligne 1" ], "couleur": "#FFCD00", "nom de référence": "Marbeuf" }, "geometry": { "type": "Point", "coordinates": [ 2.30772, 48.869712 ] } },
{ "type": "Feature", "properties": { "start_date": "1923-05-27", "end_date": "1942-10-06", "nom": "Rond-point des Champs-Élysées", "lignes": [ "Ligne 9" ], "couleur": "#B6BD00", "nom de référence": "Rond-point des Champs-Élysées" }, "geometry": { "type": "Point", "coordinates": [ 2.309191, 48.868507 ] } },
{ "type": "Feature", "properties": { "start_date": "2012-12-18", "end_date": "2026-08-29", "nom": "Front Populaire", "lignes": [ "Ligne 12" ], "couleur": "#007852", "nom de référence": "Front Populaire" }, "geometry": { "type": "Point", "coordinates": [ 2.365793764, 48.90689109 ] } },
{ "type": "Feature", "properties": { "start_date": "1980-05-03", "end_date": "2008-06-14", "nom": "Gabriel Péri - Asnières - Gennevilliers", "lignes": [ "Ligne 13" ], "couleur": "#6EC4E8", "nom de référence": "Gabriel Péri" }, "geometry": { "type": "Point", "coordinates": [ 2.294388413, 48.91657541 ] } },
{ "type": "Feature", "properties": { "start_date": "2008-06-14", "end_date": "2026-08-29", "nom": "Gabriel Péri", "lignes": [ "Ligne 13" ], "couleur": "#6EC4E8", "nom de référence": "Gabriel Péri" }, "geometry": { "type": "Point", "coordinates": [ 2.294388413, 48.91657541 ] } },
{ "type": "Feature", "properties": { "start_date": "1937-01-21", "end_date": "1976-11-09", "nom": "Gaîté", "lignes": [ "Ligne 14 (ancienne)" ], "couleur": "#135e12", "nom de référence": "Gaîté" }, "geometry": { "type": "Point", "coordinates": [ 2.322637439, 48.83865393 ] } },
{ "type": "Feature", "properties": { "start_date": "1976-11-09", "end_date": "2026-08-29", "nom": "Gaîté", "lignes": [ "Ligne 13" ], "couleur": "#6EC4E8", "nom de référence": "Gaîté" }, "geometry": { "type": "Point", "coordinates": [ 2.322637439, 48.83865393 ] } },
{ "type": "Feature", "properties": { "start_date": "1971-04-02", "end_date": "2026-08-29", "nom": "Gallieni", "lignes": [ "Ligne 3" ], "couleur": "#837902", "nom de référence": "Gallieni" }, "geometry": { "type": "Point", "coordinates": [ 2.416637, 48.864936 ] } },
{ "type": "Feature", "properties": { "start_date": "1905-01-25", "end_date": "1971-03-27", "nom": "Gambetta", "lignes": [ "Ligne 3" ], "couleur": "#837902", "nom de référence": "Gambetta" }, "geometry": { "type": "Point", "coordinates": [ 2.398451, 48.864947 ] } },
{ "type": "Feature", "properties": { "start_date": "1971-03-27", "end_date": "2026-08-29", "nom": "Gambetta", "lignes": [ "Ligne 3", "Ligne 3 bis" ], "couleur": "#D8D8B9", "nom de référence": "Gambetta" }, "geometry": { "type": "Point", "coordinates": [ 2.398451, 48.864947 ] } },
{ "type": "Feature", "properties": { "start_date": "1906-06-02", "end_date": "1930-10-15", "nom": "Gare d'Orléans", "lignes": [ "Ligne 5" ], "couleur": "#FF7E2E", "nom de référence": "Gare d'Austerlitz" }, "geometry": { "type": "Point", "coordinates": [ 2.364970744, 48.84262588 ] } },
{ "type": "Feature", "properties": { "start_date": "1930-10-15", "end_date": "1939-07-12", "nom": "Gare d'Orléans - Austerlitz", "lignes": [ "Ligne 5" ], "couleur": "#FF7E2E", "nom de référence": "Gare d'Austerlitz" }, "geometry": { "type": "Point", "coordinates": [ 2.364970744, 48.84262588 ] } },
{ "type": "Feature", "properties": { "start_date": "1939-07-12", "end_date": "1985-04-25", "nom": "Gare d'Orléans - Austerlitz", "lignes": [ "Ligne 10", "Ligne 5" ], "couleur": "#D8D8B9", "nom de référence": "Gare d'Austerlitz" }, "geometry": { "type": "Point", "coordinates": [ 2.364970744, 48.84262588 ] } },
{ "type": "Feature", "properties": { "start_date": "1985-04-25", "end_date": "2026-08-29", "nom": "Gare d'Austerlitz", "lignes": [ "Ligne 10", "Ligne 5" ], "couleur": "#D8D8B9", "nom de référence": "Gare d'Austerlitz" }, "geometry": { "type": "Point", "coordinates": [ 2.364970744, 48.84262588 ] } },
{ "type": "Feature", "properties": { "start_date": "1907-11-15", "end_date": "1908-04-21", "nom": "Gare de l'Est", "lignes": [ "Ligne 5" ], "couleur": "#FF7E2E", "nom de référence": "Gare de l'Est" }, "geometry": { "type": "Point", "coordinates": [ 2.358278632, 48.87614188 ] } },
{ "type": "Feature", "properties": { "start_date": "1908-04-21", "end_date": "1910-11-05", "nom": "Gare de l'Est", "lignes": [ "Ligne 4", "Ligne 5" ], "couleur": "#D8D8B9", "nom de référence": "Gare de l'Est" }, "geometry": { "type": "Point", "coordinates": [ 2.358278632, 48.87614188 ] } },
{ "type": "Feature", "properties": { "start_date": "1910-11-05", "end_date": "1953-06-21", "nom": "Gare de l'Est", "lignes": [ "Ligne 4", "Ligne 5", "Ligne 7" ], "couleur": "#D8D8B9", "nom de référence": "Gare de l'Est" }, "geometry": { "type": "Point", "coordinates": [ 2.358278632, 48.87614188 ] } },
{ "type": "Feature", "properties": { "start_date": "1953-06-21", "end_date": "2026-08-29", "nom": "Gare de l'Est - Verdun", "lignes": [ "Ligne 4", "Ligne 5", "Ligne 7" ], "couleur": "#D8D8B9", "nom de référence": "Gare de l'Est" }, "geometry": { "type": "Point", "coordinates": [ 2.358278632, 48.87614188 ] } },
{ "type": "Feature", "properties": { "start_date": "1900-07-19", "end_date": "1906-08-01", "nom": "Gare de Lyon", "lignes": [ "Ligne 1" ], "couleur": "#FFCD00", "nom de référence": "Gare de Lyon" }, "geometry": { "type": "Point", "coordinates": [ 2.374065908, 48.84470455 ] } },
{ "type": "Feature", "properties": { "start_date": "1906-08-01", "end_date": "1906-12-17", "nom": "Gare de Lyon", "lignes": [ "Ligne 1", "Ligne 5" ], "couleur": "#D8D8B9", "nom de référence": "Gare de Lyon" }, "geometry": { "type": "Point", "coordinates": [ 2.374065908, 48.84470455 ] } },
{ "type": "Feature", "properties": { "start_date": "1906-12-17", "end_date": "1998-10-15", "nom": "Gare de Lyon", "lignes": [ "Ligne 1" ], "couleur": "#FFCD00", "nom de référence": "Gare de Lyon" }, "geometry": { "type": "Point", "coordinates": [ 2.374065908, 48.84470455 ] } },
{ "type": "Feature", "properties": { "start_date": "1998-10-15", "end_date": "2026-08-29", "nom": "Gare de Lyon", "lignes": [ "Ligne 1", "Ligne 14" ], "couleur": "#D8D8B9", "nom de référence": "Gare de Lyon" }, "geometry": { "type": "Point", "coordinates": [ 2.374065908, 48.84470455 ] } },
{ "type": "Feature", "properties": { "start_date": "1907-11-15", "end_date": "1908-04-21", "nom": "Gare du Nord", "lignes": [ "Ligne 5" ], "couleur": "#FF7E2E", "nom de référence": "Gare du Nord" }, "geometry": { "type": "Point", "coordinates": [ 2.354931235, 48.88057476 ] } },
{ "type": "Feature", "properties": { "start_date": "1908-04-21", "end_date": "2026-08-29", "nom": "Gare du Nord", "lignes": [ "Ligne 4", "Ligne 5" ], "couleur": "#D8D8B9", "nom de référence": "Gare du Nord" }, "geometry": { "type": "Point", "coordinates": [ 2.354931235, 48.88057476 ] } },
{ "type": "Feature", "properties": { "start_date": "1952-06-30", "end_date": "2026-08-29", "nom": "Garibaldi", "lignes": [ "Ligne 13" ], "couleur": "#6EC4E8", "nom de référence": "Garibaldi" }, "geometry": { "type": "Point", "coordinates": [ 2.331907153, 48.90639693 ] } },
{ "type": "Feature", "properties": { "start_date": "1900-08-13", "end_date": "1920-05-27", "nom": "Alma", "lignes": [ "Ligne 1" ], "couleur": "#FFCD00", "nom de référence": "George V" }, "geometry": { "type": "Point", "coordinates": [ 2.300462683, 48.87198257 ] } },
{ "type": "Feature", "properties": { "start_date": "1920-05-27", "end_date": "2026-08-29", "nom": "George V", "lignes": [ "Ligne 1" ], "couleur": "#FFCD00", "nom de référence": "George V" }, "geometry": { "type": "Point", "coordinates": [ 2.300462683, 48.87198257 ] } },
{ "type": "Feature", "properties": { "start_date": "1906-04-24", "end_date": "1907-10-17", "nom": "Glacière", "lignes": [ "Ligne 2 Sud" ], "couleur": "#ab1f07", "nom de référence": "Glacière" }, "geometry": { "type": "Point", "coordinates": [ 2.343384326, 48.8311505 ] } },
{ "type": "Feature", "properties": { "start_date": "1907-10-17", "end_date": "1942-10-06", "nom": "Glacière", "lignes": [ "Ligne 5" ], "couleur": "#FF7E2E", "nom de référence": "Glacière" }, "geometry": { "type": "Point", "coordinates": [ 2.343384326, 48.8311505 ] } },
{ "type": "Feature", "properties": { "start_date": "1942-10-06", "end_date": "2026-08-29", "nom": "Glacière", "lignes": [ "Ligne 6" ], "couleur": "#6ECA97", "nom de référence": "Glacière" }, "geometry": { "type": "Point", "coordinates": [ 2.343384326, 48.8311505 ] } },
{ "type": "Feature", "properties": { "start_date": "1935-04-28", "end_date": "2026-08-29", "nom": "Goncourt", "lignes": [ "Ligne 11" ], "couleur": "#704B1C", "nom de référence": "Goncourt" }, "geometry": { "type": "Point", "coordinates": [ 2.370686531, 48.86983144 ] } },
{ "type": "Feature", "properties": { "start_date": "1931-05-05", "end_date": "1933-12-10", "nom": "Rue Montmartre", "lignes": [ "Ligne 8" ], "couleur": "#E19BDF", "nom de référence": "Grands Boulevards" }, "geometry": { "type": "Point", "coordinates": [ 2.344341874, 48.87142633 ] } },
{ "type": "Feature", "properties": { "start_date": "1933-12-10", "end_date": "1998-09-01", "nom": "Rue Montmartre", "lignes": [ "Ligne 8", "Ligne 9" ], "couleur": "#D8D8B9", "nom de référence": "Grands Boulevards" }, "geometry": { "type": "Point", "coordinates": [ 2.344341874, 48.87142633 ] } },
{ "type": "Feature", "properties": { "start_date": "1998-09-01", "end_date": "2026-08-29", "nom": "Grands Boulevards", "lignes": [ "Ligne 8", "Ligne 9" ], "couleur": "#D8D8B9", "nom de référence": "Grands Boulevards" }, "geometry": { "type": "Point", "coordinates": [ 2.344341874, 48.87142633 ] } },
{ "type": "Feature", "properties": { "start_date": "1911-02-26", "end_date": "1912-01-01", "nom": "Marcadet", "lignes": [ "Ligne B" ], "couleur": "#1891c4", "nom de référence": "Guy Môquet" }, "geometry": { "type": "Point", "coordinates": [ 2.327174, 48.892221 ] } },
{ "type": "Feature", "properties": { "start_date": "1912-01-01", "end_date": "1931-03-27", "nom": "Marcadet - Balagny", "lignes": [ "Ligne B" ], "couleur": "#1891c4", "nom de référence": "Guy Môquet" }, "geometry": { "type": "Point", "coordinates": [ 2.327174, 48.892221 ] } },
{ "type": "Feature", "properties": { "start_date": "1931-03-27", "end_date": "1946-01-27", "nom": "Marcadet - Balagny", "lignes": [ "Ligne 13" ], "couleur": "#6EC4E8", "nom de référence": "Guy Môquet" }, "geometry": { "type": "Point", "coordinates": [ 2.327174, 48.892221 ] } },
{ "type": "Feature", "properties": { "start_date": "1946-01-27", "end_date": "2026-08-29", "nom": "Guy Môquet", "lignes": [ "Ligne 13" ], "couleur": "#6EC4E8", "nom de référence": "Guy Môquet" }, "geometry": { "type": "Point", "coordinates": [ 2.327174, 48.892221 ] } },
{ "type": "Feature", "properties": { "start_date": "1904-10-19", "end_date": "1923-06-03", "nom": "Caumartin", "lignes": [ "Ligne 3" ], "couleur": "#837902", "nom de référence": "Havre - Caumartin" }, "geometry": { "type": "Point", "coordinates": [ 2.328325, 48.873608 ] } },
{ "type": "Feature", "properties": { "start_date": "1923-06-03", "end_date": "1926-01-01", "nom": "Caumartin", "lignes": [ "Ligne 3", "Ligne 9" ], "couleur": "#D8D8B9", "nom de référence": "Havre - Caumartin" }, "geometry": { "type": "Point", "coordinates": [ 2.328325, 48.873608 ] } },
{ "type": "Feature", "properties": { "start_date": "1926-01-01", "end_date": "2026-08-29", "nom": "Havre - Caumartin", "lignes": [ "Ligne 3", "Ligne 9" ], "couleur": "#D8D8B9", "nom de référence": "Havre - Caumartin" }, "geometry": { "type": "Point", "coordinates": [ 2.328325, 48.873608 ] } },
{ "type": "Feature", "properties": { "start_date": "1942-10-12", "end_date": "2026-08-29", "nom": "Hoche", "lignes": [ "Ligne 5" ], "couleur": "#FF7E2E", "nom de référence": "Hoche" }, "geometry": { "type": "Point", "coordinates": [ 2.403143942, 48.89149389 ] } },
{ "type": "Feature", "properties": { "start_date": "1900-07-19", "end_date": "1935-04-28", "nom": "Hôtel de Ville", "lignes": [ "Ligne 1" ], "couleur": "#FFCD00", "nom de référence": "Hôtel de Ville" }, "geometry": { "type": "Point", "coordinates": [ 2.35149454, 48.85676953 ] } },
{ "type": "Feature", "properties": { "start_date": "1935-04-28", "end_date": "2026-08-29", "nom": "Hôtel de Ville", "lignes": [ "Ligne 1", "Ligne 11" ], "couleur": "#D8D8B9", "nom de référence": "Hôtel de Ville" }, "geometry": { "type": "Point", "coordinates": [ 2.35149454, 48.85676953 ] } },
{ "type": "Feature", "properties": { "start_date": "1923-05-27", "end_date": "2026-08-29", "nom": "Iéna", "lignes": [ "Ligne 9" ], "couleur": "#B6BD00", "nom de référence": "Iéna" }, "geometry": { "type": "Point", "coordinates": [ 2.293379903, 48.86446597 ] } },
{ "type": "Feature", "properties": { "start_date": "1913-12-24", "end_date": "1923-12-30", "nom": "Invalides", "lignes": [ "Ligne 8" ], "couleur": "#E19BDF", "nom de référence": "Invalides" }, "geometry": { "type": "Point", "coordinates": [ 2.314457, 48.860907 ] } },
{ "type": "Feature", "properties": { "start_date": "1923-12-30", "end_date": "1937-07-27", "nom": "Invalides", "lignes": [ "Ligne 10", "Ligne 8" ], "couleur": "#D8D8B9", "nom de référence": "Invalides" }, "geometry": { "type": "Point", "coordinates": [ 2.314457, 48.860907 ] } },
{ "type": "Feature", "properties": { "start_date": "1937-07-27", "end_date": "1976-11-09", "nom": "Invalides", "lignes": [ "Ligne 14 (ancienne)", "Ligne 8" ], "couleur": "#D8D8B9", "nom de référence": "Invalides" }, "geometry": { "type": "Point", "coordinates": [ 2.314457, 48.860907 ] } },
{ "type": "Feature", "properties": { "start_date": "1976-11-09", "end_date": "2026-08-29", "nom": "Invalides", "lignes": [ "Ligne 13", "Ligne 8" ], "couleur": "#D8D8B9", "nom de référence": "Invalides" }, "geometry": { "type": "Point", "coordinates": [ 2.314457, 48.860907 ] } },
{ "type": "Feature", "properties": { "start_date": "1906-12-17", "end_date": "1946-02-10", "nom": "Lancry", "lignes": [ "Ligne 5" ], "couleur": "#FF7E2E", "nom de référence": "Jacques Bonsergent" }, "geometry": { "type": "Point", "coordinates": [ 2.36060679, 48.8712005 ] } },
{ "type": "Feature", "properties": { "start_date": "1946-02-10", "end_date": "2026-08-29", "nom": "Jacques Bonsergent", "lignes": [ "Ligne 5" ], "couleur": "#FF7E2E", "nom de référence": "Jacques Bonsergent" }, "geometry": { "type": "Point", "coordinates": [ 2.36060679, 48.8712005 ] } },
{ "type": "Feature", "properties": { "start_date": "1922-11-08", "end_date": "2026-08-29", "nom": "Jasmin", "lignes": [ "Ligne 9" ], "couleur": "#B6BD00", "nom de référence": "Jasmin" }, "geometry": { "type": "Point", "coordinates": [ 2.267856002, 48.85189783 ] } },
{ "type": "Feature", "properties": { "start_date": "1903-02-23", "end_date": "1911-01-18", "nom": "Rue d'Allemagne", "lignes": [ "Ligne 2" ], "couleur": "#003CA6", "nom de référence": "Jaurès" }, "geometry": { "type": "Point", "coordinates": [ 2.370198369, 48.88179008 ] } },
{ "type": "Feature", "properties": { "start_date": "1911-01-18", "end_date": "1914-08-01", "nom": "Rue d'Allemagne", "lignes": [ "Ligne 2", "Ligne 7" ], "couleur": "#D8D8B9", "nom de référence": "Jaurès" }, "geometry": { "type": "Point", "coordinates": [ 2.370198369, 48.88179008 ] } },
{ "type": "Feature", "properties": { "start_date": "1914-08-01", "end_date": "1942-10-12", "nom": "Jaurès", "lignes": [ "Ligne 2", "Ligne 7" ], "couleur": "#D8D8B9", "nom de référence": "Jaurès" }, "geometry": { "type": "Point", "coordinates": [ 2.370198369, 48.88179008 ] } },
{ "type": "Feature", "properties": { "start_date": "1942-10-12", "end_date": "1967-12-03", "nom": "Jaurès", "lignes": [ "Ligne 2", "Ligne 5", "Ligne 7" ], "couleur": "#D8D8B9", "nom de référence": "Jaurès" }, "geometry": { "type": "Point", "coordinates": [ 2.370198369, 48.88179008 ] } },
{ "type": "Feature", "properties": { "start_date": "1967-12-03", "end_date": "2026-08-29", "nom": "Jaurès", "lignes": [ "Ligne 2", "Ligne 5", "Ligne 7 bis" ], "couleur": "#D8D8B9", "nom de référence": "Jaurès" }, "geometry": { "type": "Point", "coordinates": [ 2.370198369, 48.88179008 ] } },
{ "type": "Feature", "properties": { "start_date": "1913-09-30", "end_date": "1937-07-27", "nom": "Javel - André Citroën", "lignes": [ "Ligne 8" ], "couleur": "#E19BDF", "nom de référence": "Javel - André Citroën" }, "geometry": { "type": "Point", "coordinates": [ 2.278716266, 48.84616506 ] } },
{ "type": "Feature", "properties": { "start_date": "1937-07-27", "end_date": "2026-08-29", "nom": "Javel - André Citroën", "lignes": [ "Ligne 10" ], "couleur": "#C9910D", "nom de référence": "Javel - André Citroën" }, "geometry": { "type": "Point", "coordinates": [ 2.278716266, 48.84616506 ] } },
{ "type": "Feature", "properties": { "start_date": "1935-04-28", "end_date": "2026-08-29", "nom": "Jourdain", "lignes": [ "Ligne 11" ], "couleur": "#704B1C", "nom de référence": "Jourdain" }, "geometry": { "type": "Point", "coordinates": [ 2.389507592, 48.87519986 ] } },
{ "type": "Feature", "properties": { "start_date": "1912-10-31", "end_date": "1931-03-27", "nom": "Jules Joffrin", "lignes": [ "Ligne A" ], "couleur": "#2b5439", "nom de référence": "Jules Joffrin" }, "geometry": { "type": "Point", "coordinates": [ 2.344781756, 48.89243737 ] } },
{ "type": "Feature", "properties": { "start_date": "1931-03-27", "end_date": "2026-08-29", "nom": "Jules Joffrin", "lignes": [ "Ligne 12" ], "couleur": "#007852", "nom de référence": "Jules Joffrin" }, "geometry": { "type": "Point", "coordinates": [ 2.344781756, 48.89243737 ] } },
{ "type": "Feature", "properties": { "start_date": "1931-04-26", "end_date": "2026-08-29", "nom": "Jussieu", "lignes": [ "Ligne 10", "Ligne 7" ], "couleur": "#D8D8B9", "nom de référence": "Jussieu" }, "geometry": { "type": "Point", "coordinates": [ 2.355738, 48.846052 ] } },
{ "type": "Feature", "properties": { "start_date": "1900-10-02", "end_date": "1903-11-05", "nom": "Kléber", "lignes": [ "Ligne 1" ], "couleur": "#FFCD00", "nom de référence": "Kléber" }, "geometry": { "type": "Point", "coordinates": [ 2.293118, 48.871138 ] } },
{ "type": "Feature", "properties": { "start_date": "1903-11-05", "end_date": "1907-10-17", "nom": "Kléber", "lignes": [ "Ligne 2 Sud" ], "couleur": "#ab1f07", "nom de référence": "Kléber" }, "geometry": { "type": "Point", "coordinates": [ 2.293118, 48.871138 ] } },
{ "type": "Feature", "properties": { "start_date": "1907-10-17", "end_date": "1942-10-06", "nom": "Kléber", "lignes": [ "Ligne 5" ], "couleur": "#FF7E2E", "nom de référence": "Kléber" }, "geometry": { "type": "Point", "coordinates": [ 2.293118, 48.871138 ] } },
{ "type": "Feature", "properties": { "start_date": "1942-10-06", "end_date": "2026-08-29", "nom": "Kléber", "lignes": [ "Ligne 6" ], "couleur": "#6ECA97", "nom de référence": "Kléber" }, "geometry": { "type": "Point", "coordinates": [ 2.293118, 48.871138 ] } },
{ "type": "Feature", "properties": { "start_date": "1903-01-31", "end_date": "2026-08-29", "nom": "La Chapelle", "lignes": [ "Ligne 2" ], "couleur": "#003CA6", "nom de référence": "La Chapelle" }, "geometry": { "type": "Point", "coordinates": [ 2.360287607, 48.88441111 ] } },
{ "type": "Feature", "properties": { "start_date": "1987-05-06", "end_date": "2026-08-29", "nom": "La Courneuve - 8 Mai 1945", "lignes": [ "Ligne 7" ], "couleur": "#FA9ABA", "nom de référence": "La Courneuve - 8 Mai 1945" }, "geometry": { "type": "Point", "coordinates": [ 2.410668, 48.920777 ] } },
{ "type": "Feature", "properties": { "start_date": "1992-04-01", "end_date": "1997-01-01", "nom": "Grande Arche de la Défense", "lignes": [ "Ligne 1" ], "couleur": "#FFCD00", "nom de référence": "La Défense" }, "geometry": { "type": "Point", "coordinates": [ 2.237882798, 48.89193447 ] } },
{ "type": "Feature", "properties": { "start_date": "1997-01-01", "end_date": "2026-08-29", "nom": "La Défense", "lignes": [ "Ligne 1" ], "couleur": "#FFCD00", "nom de référence": "La Défense" }, "geometry": { "type": "Point", "coordinates": [ 2.237882798, 48.89193447 ] } },
{ "type": "Feature", "properties": { "start_date": "1911-02-26", "end_date": "1931-03-27", "nom": "La Fourche", "lignes": [ "Ligne B" ], "couleur": "#1891c4", "nom de référence": "La Fourche" }, "geometry": { "type": "Point", "coordinates": [ 2.325875, 48.8869 ] } },
{ "type": "Feature", "properties": { "start_date": "1931-03-27", "end_date": "2026-08-29", "nom": "La Fourche", "lignes": [ "Ligne 13" ], "couleur": "#6EC4E8", "nom de référence": "La Fourche" }, "geometry": { "type": "Point", "coordinates": [ 2.325875, 48.8869 ] } },
{ "type": "Feature", "properties": { "start_date": "1906-04-24", "end_date": "1907-10-17", "nom": "La Motte-Picquet", "lignes": [ "Ligne 2 Sud" ], "couleur": "#ab1f07", "nom de référence": "La Motte-Picquet - Grenelle" }, "geometry": { "type": "Point", "coordinates": [ 2.298089862, 48.84914273 ] } },
{ "type": "Feature", "properties": { "start_date": "1907-10-17", "end_date": "1913-07-13", "nom": "La Motte-Picquet", "lignes": [ "Ligne 5" ], "couleur": "#FF7E2E", "nom de référence": "La Motte-Picquet - Grenelle" }, "geometry": { "type": "Point", "coordinates": [ 2.298089862, 48.84914273 ] } },
{ "type": "Feature", "properties": { "start_date": "1913-07-13", "end_date": "1913-11-01", "nom": "La Motte-Picquet", "lignes": [ "Ligne 5", "Ligne 8" ], "couleur": "#D8D8B9", "nom de référence": "La Motte-Picquet - Grenelle" }, "geometry": { "type": "Point", "coordinates": [ 2.298089862, 48.84914273 ] } },
{ "type": "Feature", "properties": { "start_date": "1913-11-01", "end_date": "1937-07-27", "nom": "La Motte-Picquet - Grenelle", "lignes": [ "Ligne 5", "Ligne 8" ], "couleur": "#D8D8B9", "nom de référence": "La Motte-Picquet - Grenelle" }, "geometry": { "type": "Point", "coordinates": [ 2.298089862, 48.84914273 ] } },
{ "type": "Feature", "properties": { "start_date": "1937-07-27", "end_date": "1942-10-06", "nom": "La Motte-Picquet - Grenelle", "lignes": [ "Ligne 10", "Ligne 5", "Ligne 8" ], "couleur": "#D8D8B9", "nom de référence": "La Motte-Picquet - Grenelle" }, "geometry": { "type": "Point", "coordinates": [ 2.298089862, 48.84914273 ] } },
{ "type": "Feature", "properties": { "start_date": "1942-10-06", "end_date": "2026-08-29", "nom": "La Motte-Picquet - Grenelle", "lignes": [ "Ligne 10", "Ligne 6", "Ligne 8" ], "couleur": "#D8D8B9", "nom de référence": "La Motte-Picquet - Grenelle" }, "geometry": { "type": "Point", "coordinates": [ 2.298089862, 48.84914273 ] } },
{ "type": "Feature", "properties": { "start_date": "1922-11-08", "end_date": "2026-08-29", "nom": "La Muette", "lignes": [ "Ligne 9" ], "couleur": "#B6BD00", "nom de référence": "La Muette" }, "geometry": { "type": "Point", "coordinates": [ 2.273719311, 48.85771818 ] } },
{ "type": "Feature", "properties": { "start_date": "1913-07-13", "end_date": "2026-08-29", "nom": "La Tour-Maubourg", "lignes": [ "Ligne 8" ], "couleur": "#E19BDF", "nom de référence": "La Tour-Maubourg" }, "geometry": { "type": "Point", "coordinates": [ 2.310398519, 48.857667 ] } },
{ "type": "Feature", "properties": { "start_date": "1912-10-31", "end_date": "1931-03-27", "nom": "Lamarck - Caulaincourt", "lignes": [ "Ligne A" ], "couleur": "#2b5439", "nom de référence": "Lamarck - Caulaincourt" }, "geometry": { "type": "Point", "coordinates": [ 2.338693, 48.889849 ] } },
{ "type": "Feature", "properties": { "start_date": "1931-03-27", "end_date": "2026-08-29", "nom": "Lamarck - Caulaincourt", "lignes": [ "Ligne 12" ], "couleur": "#007852", "nom de référence": "Lamarck - Caulaincourt" }, "geometry": { "type": "Point", "coordinates": [ 2.338693, 48.889849 ] } },
{ "type": "Feature", "properties": { "start_date": "1942-10-12", "end_date": "2026-08-29", "nom": "Laumière", "lignes": [ "Ligne 5" ], "couleur": "#FF7E2E", "nom de référence": "Laumière" }, "geometry": { "type": "Point", "coordinates": [ 2.378524, 48.885006 ] } },
{ "type": "Feature", "properties": { "start_date": "1982-12-10", "end_date": "2026-08-29", "nom": "Le Kremlin-Bicêtre", "lignes": [ "Ligne 7" ], "couleur": "#FA9ABA", "nom de référence": "Le Kremlin-Bicêtre" }, "geometry": { "type": "Point", "coordinates": [ 2.361849, 48.810388 ] } },
{ "type": "Feature", "properties": { "start_date": "1911-06-06", "end_date": "2026-08-29", "nom": "Le Peletier", "lignes": [ "Ligne 7" ], "couleur": "#FA9ABA", "nom de référence": "Le Peletier" }, "geometry": { "type": "Point", "coordinates": [ 2.339548767, 48.87472003 ] } },
{ "type": "Feature", "properties": { "start_date": "1931-05-05", "end_date": "2026-08-29", "nom": "Ledru-Rollin", "lignes": [ "Ligne 8" ], "couleur": "#E19BDF", "nom de référence": "Ledru-Rollin" }, "geometry": { "type": "Point", "coordinates": [ 2.376121, 48.851346 ] } },
{ "type": "Feature", "properties": { "start_date": "2008-06-14", "end_date": "2026-08-29", "nom": "Les Agnettes", "lignes": [ "Ligne 13" ], "couleur": "#6EC4E8", "nom de référence": "Les Agnettes" }, "geometry": { "type": "Point", "coordinates": [ 2.285891175, 48.92303856 ] } },
{ "type": "Feature", "properties": { "start_date": "2008-06-14", "end_date": "2026-08-29", "nom": "Les Courtilles", "lignes": [ "Ligne 13" ], "couleur": "#6EC4E8", "nom de référence": "Les Courtilles" }, "geometry": { "type": "Point", "coordinates": [ 2.283788323, 48.93060576 ] } },
{ "type": "Feature", "properties": { "start_date": "1930-02-15", "end_date": "1931-04-26", "nom": "Les Gobelins", "lignes": [ "Ligne 10" ], "couleur": "#C9910D", "nom de référence": "Les Gobelins" }, "geometry": { "type": "Point", "coordinates": [ 2.35225, 48.8364 ] } },
{ "type": "Feature", "properties": { "start_date": "1931-04-26", "end_date": "2026-08-29", "nom": "Les Gobelins", "lignes": [ "Ligne 7" ], "couleur": "#FA9ABA", "nom de référence": "Les Gobelins" }, "geometry": { "type": "Point", "coordinates": [ 2.35225, 48.8364 ] } },
{ "type": "Feature", "properties": { "start_date": "1908-04-27", "end_date": "1977-10-03", "nom": "Les Halles", "lignes": [ "Ligne 4" ], "couleur": "#CF009E", "nom de référence": "Les Halles" }, "geometry": { "type": "Point", "coordinates": [ 2.345848, 48.86272 ] } },
{ "type": "Feature", "properties": { "start_date": "1977-10-03", "end_date": "1977-12-09", "nom": "Les Halles", "lignes": [ "Ligne 4" ], "couleur": "#CF009E", "nom de référence": "Les Halles" }, "geometry": { "type": "Point", "coordinates": [ 2.345972, 48.862396 ] } },
{ "type": "Feature", "properties": { "start_date": "1977-12-09", "end_date": "2026-08-29", "nom": "Les Halles", "lignes": [ "Couloirs", "Ligne 4" ], "couleur": "#D8D8B9", "nom de référence": "Les Halles" }, "geometry": { "type": "Point", "coordinates": [ 2.345972, 48.862396 ] } },
{ "type": "Feature", "properties": { "start_date": "1937-04-29", "end_date": "2026-08-29", "nom": "Les Sablons", "lignes": [ "Ligne 1" ], "couleur": "#FFCD00", "nom de référence": "Les Sablons" }, "geometry": { "type": "Point", "coordinates": [ 2.272539085, 48.8809018 ] } },
{ "type": "Feature", "properties": { "start_date": "1942-10-05", "end_date": "2026-08-29", "nom": "Liberté", "lignes": [ "Ligne 8" ], "couleur": "#E19BDF", "nom de référence": "Liberté" }, "geometry": { "type": "Point", "coordinates": [ 2.407022, 48.825882 ] } },
{ "type": "Feature", "properties": { "start_date": "1911-02-26", "end_date": "1914-01-08", "nom": "Berlin", "lignes": [ "Ligne B" ], "couleur": "#1891c4", "nom de référence": "Liège" }, "geometry": { "type": "Point", "coordinates": [ 2.326983, 48.879626 ] } },
{ "type": "Feature", "properties": { "start_date": "1914-01-08", "end_date": "1931-03-27", "nom": "Liège", "lignes": [ "Ligne B" ], "couleur": "#1891c4", "nom de référence": "Liège" }, "geometry": { "type": "Point", "coordinates": [ 2.326983, 48.879626 ] } },
{ "type": "Feature", "properties": { "start_date": "1931-03-27", "end_date": "1939-09-03", "nom": "Liège", "lignes": [ "Ligne 13" ], "couleur": "#6EC4E8", "nom de référence": "Liège" }, "geometry": { "type": "Point", "coordinates": [ 2.326983, 48.879626 ] } },
{ "type": "Feature", "properties": { "start_date": "1968-09-16", "end_date": "2026-08-29", "nom": "Liège", "lignes": [ "Ligne 13" ], "couleur": "#6EC4E8", "nom de référence": "Liège" }, "geometry": { "type": "Point", "coordinates": [ 2.326983, 48.879626 ] } },
{ "type": "Feature", "properties": { "start_date": "1910-11-05", "end_date": "1967-12-03", "nom": "Louis Blanc", "lignes": [ "Ligne 7" ], "couleur": "#FA9ABA", "nom de référence": "Louis Blanc" }, "geometry": { "type": "Point", "coordinates": [ 2.364839315, 48.88113745 ] } },
{ "type": "Feature", "properties": { "start_date": "1967-12-03", "end_date": "2026-08-29", "nom": "Louis Blanc", "lignes": [ "Ligne 7", "Ligne 7 bis" ], "couleur": "#D8D8B9", "nom de référence": "Louis Blanc" }, "geometry": { "type": "Point", "coordinates": [ 2.364839315, 48.88113745 ] } },
{ "type": "Feature", "properties": { "start_date": "1937-09-24", "end_date": "1946-05-01", "nom": "Vallier", "lignes": [ "Ligne 3" ], "couleur": "#837902", "nom de référence": "Louise Michel" }, "geometry": { "type": "Point", "coordinates": [ 2.288002, 48.888836 ] } },
{ "type": "Feature", "properties": { "start_date": "1946-05-01", "end_date": "2026-08-29", "nom": "Louise Michel", "lignes": [ "Ligne 3" ], "couleur": "#837902", "nom de référence": "Louise Michel" }, "geometry": { "type": "Point", "coordinates": [ 2.288002, 48.888836 ] } },
{ "type": "Feature", "properties": { "start_date": "1937-07-27", "end_date": "2026-08-29", "nom": "Lourmel", "lignes": [ "Ligne 8" ], "couleur": "#E19BDF", "nom de référence": "Lourmel" }, "geometry": { "type": "Point", "coordinates": [ 2.2818169, 48.8386045 ] } },
{ "type": "Feature", "properties": { "start_date": "1900-08-13", "end_date": "1989-03-29", "nom": "Louvre", "lignes": [ "Ligne 1" ], "couleur": "#FFCD00", "nom de référence": "Louvre - Rivoli" }, "geometry": { "type": "Point", "coordinates": [ 2.340283, 48.86108 ] } },
{ "type": "Feature", "properties": { "start_date": "1989-03-29", "end_date": "2026-08-29", "nom": "Louvre - Rivoli", "lignes": [ "Ligne 1" ], "couleur": "#FFCD00", "nom de référence": "Louvre - Rivoli" }, "geometry": { "type": "Point", "coordinates": [ 2.340283, 48.86108 ] } },
{ "type": "Feature", "properties": { "start_date": "1925-03-10", "end_date": "2026-08-29", "nom": "Mabillon", "lignes": [ "Ligne 10" ], "couleur": "#C9910D", "nom de référence": "Mabillon" }, "geometry": { "type": "Point", "coordinates": [ 2.335321605, 48.85277499 ] } },
{ "type": "Feature", "properties": { "start_date": "1910-11-05", "end_date": "1913-07-13", "nom": "Madeleine", "lignes": [ "Ligne A" ], "couleur": "#2b5439", "nom de référence": "Madeleine" }, "geometry": { "type": "Point", "coordinates": [ 2.3251637, 48.87006435 ] } },
{ "type": "Feature", "properties": { "start_date": "1913-07-13", "end_date": "1931-03-27", "nom": "Madeleine", "lignes": [ "Ligne 8", "Ligne A" ], "couleur": "#D8D8B9", "nom de référence": "Madeleine" }, "geometry": { "type": "Point", "coordinates": [ 2.3251637, 48.87006435 ] } },
{ "type": "Feature", "properties": { "start_date": "1931-03-27", "end_date": "1998-10-15", "nom": "Madeleine", "lignes": [ "Ligne 12", "Ligne 8" ], "couleur": "#D8D8B9", "nom de référence": "Madeleine" }, "geometry": { "type": "Point", "coordinates": [ 2.3251637, 48.87006435 ] } },
{ "type": "Feature", "properties": { "start_date": "1998-10-15", "end_date": "2026-08-29", "nom": "Madeleine", "lignes": [ "Ligne 12", "Ligne 14", "Ligne 8" ], "couleur": "#D8D8B9", "nom de référence": "Madeleine" }, "geometry": { "type": "Point", "coordinates": [ 2.3251637, 48.87006435 ] } },
{ "type": "Feature", "properties": { "start_date": "1934-03-24", "end_date": "2026-08-29", "nom": "Mairie d'Issy", "lignes": [ "Ligne 12" ], "couleur": "#007852", "nom de référence": "Mairie d'Issy" }, "geometry": { "type": "Point", "coordinates": [ 2.273434, 48.824152 ] } },
{ "type": "Feature", "properties": { "start_date": "1946-05-01", "end_date": "2026-08-29", "nom": "Mairie d'Ivry", "lignes": [ "Ligne 7" ], "couleur": "#FA9ABA", "nom de référence": "Mairie d'Ivry" }, "geometry": { "type": "Point", "coordinates": [ 2.383386791, 48.81112408 ] } },
{ "type": "Feature", "properties": { "start_date": "1980-05-03", "end_date": "2026-08-29", "nom": "Mairie de Clichy", "lignes": [ "Ligne 13" ], "couleur": "#6EC4E8", "nom de référence": "Mairie de Clichy" }, "geometry": { "type": "Point", "coordinates": [ 2.305342555, 48.90395865 ] } },
{ "type": "Feature", "properties": { "start_date": "1937-10-14", "end_date": "2026-08-29", "nom": "Mairie de Montreuil", "lignes": [ "Ligne 9" ], "couleur": "#B6BD00", "nom de référence": "Mairie de Montreuil" }, "geometry": { "type": "Point", "coordinates": [ 2.441847, 48.862283 ] } },
{ "type": "Feature", "properties": { "start_date": "2013-03-23", "end_date": "2026-08-29", "nom": "Mairie de Montrouge", "lignes": [ "Ligne 4" ], "couleur": "#CF009E", "nom de référence": "Mairie de Montrouge" }, "geometry": { "type": "Point", "coordinates": [ 2.31953674, 48.81806483 ] } },
{ "type": "Feature", "properties": { "start_date": "1952-06-30", "end_date": "2020-12-14", "nom": "Mairie de Saint-Ouen", "lignes": [ "Ligne 13" ], "couleur": "#6EC4E8", "nom de référence": "Mairie de Saint-Ouen" }, "geometry": { "type": "Point", "coordinates": [ 2.333752513, 48.91161864 ] } },
{ "type": "Feature", "properties": { "start_date": "2020-12-14", "end_date": "2026-08-29", "nom": "Mairie de Saint-Ouen", "lignes": [ "Ligne 13", "Ligne 14" ], "couleur": "#D8D8B9", "nom de référence": "Mairie de Saint-Ouen" }, "geometry": { "type": "Point", "coordinates": [ 2.333752513, 48.91161864 ] } },
{ "type": "Feature", "properties": { "start_date": "1937-02-17", "end_date": "2026-08-29", "nom": "Mairie des Lilas", "lignes": [ "Ligne 11" ], "couleur": "#704B1C", "nom de référence": "Mairie des Lilas" }, "geometry": { "type": "Point", "coordinates": [ 2.416289449, 48.87978806 ] } },
{ "type": "Feature", "properties": { "start_date": "1930-03-07", "end_date": "1931-04-26", "nom": "Maison Blanche", "lignes": [ "Ligne 10" ], "couleur": "#C9910D", "nom de référence": "Maison Blanche" }, "geometry": { "type": "Point", "coordinates": [ 2.358531, 48.822155 ] } },
{ "type": "Feature", "properties": { "start_date": "1931-04-26", "end_date": "2024-06-24", "nom": "Maison Blanche", "lignes": [ "Ligne 7" ], "couleur": "#FA9ABA", "nom de référence": "Maison Blanche" }, "geometry": { "type": "Point", "coordinates": [ 2.358531, 48.822155 ] } },
{ "type": "Feature", "properties": { "start_date": "2024-06-24", "end_date": "2026-08-29", "nom": "Maison Blanche", "lignes": [ "Ligne 14", "Ligne 7" ], "couleur": "#D8D8B9", "nom de référence": "Maison Blanche" }, "geometry": { "type": "Point", "coordinates": [ 2.358531, 48.822155 ] } },
{ "type": "Feature", "properties": { "start_date": "1972-04-27", "end_date": "2026-08-29", "nom": "Maisons-Alfort - Les Juilliottes", "lignes": [ "Ligne 8" ], "couleur": "#E19BDF", "nom de référence": "Maisons-Alfort - Les Juilliottes" }, "geometry": { "type": "Point", "coordinates": [ 2.446432, 48.802567 ] } },
{ "type": "Feature", "properties": { "start_date": "1970-09-19", "end_date": "2026-08-29", "nom": "Maisons-Alfort - Stade", "lignes": [ "Ligne 8" ], "couleur": "#E19BDF", "nom de référence": "Maisons-Alfort - Stade" }, "geometry": { "type": "Point", "coordinates": [ 2.436073422, 48.80868116 ] } },
{ "type": "Feature", "properties": { "start_date": "1976-11-09", "end_date": "2026-08-29", "nom": "Malakoff - Plateau de Vanves", "lignes": [ "Ligne 13" ], "couleur": "#6EC4E8", "nom de référence": "Malakoff - Plateau de Vanves" }, "geometry": { "type": "Point", "coordinates": [ 2.298511, 48.822623 ] } },
{ "type": "Feature", "properties": { "start_date": "1976-11-09", "end_date": "2026-08-29", "nom": "Malakoff - Rue Étienne-Dolet", "lignes": [ "Ligne 13" ], "couleur": "#6EC4E8", "nom de référence": "Malakoff - Rue Étienne-Dolet" }, "geometry": { "type": "Point", "coordinates": [ 2.297301292, 48.81470258 ] } },
{ "type": "Feature", "properties": { "start_date": "1910-05-23", "end_date": "2026-08-29", "nom": "Malesherbes", "lignes": [ "Ligne 3" ], "couleur": "#837902", "nom de référence": "Malesherbes" }, "geometry": { "type": "Point", "coordinates": [ 2.311002, 48.882476 ] } },
{ "type": "Feature", "properties": { "start_date": "1933-12-10", "end_date": "2026-08-29", "nom": "Maraîchers", "lignes": [ "Ligne 9" ], "couleur": "#B6BD00", "nom de référence": "Maraîchers" }, "geometry": { "type": "Point", "coordinates": [ 2.40699023, 48.85285088 ] } },
{ "type": "Feature", "properties": { "start_date": "1908-04-21", "end_date": "1931-08-25", "nom": "Marcadet", "lignes": [ "Ligne 4" ], "couleur": "#CF009E", "nom de référence": "Marcadet" }, "geometry": { "type": "Point", "coordinates": [ 2.349582, 48.891195 ] } },
{ "type": "Feature", "properties": { "start_date": "1916-08-23", "end_date": "1931-03-27", "nom": "Poissonniers", "lignes": [ "Ligne A" ], "couleur": "#2b5439", "nom de référence": "Poissonniers" }, "geometry": { "type": "Point", "coordinates": [ 2.350319, 48.891478 ] } },
{ "type": "Feature", "properties": { "start_date": "1931-03-27", "end_date": "1931-08-25", "nom": "Poissonniers", "lignes": [ "Ligne 12" ], "couleur": "#007852", "nom de référence": "Poissonniers" }, "geometry": { "type": "Point", "coordinates": [ 2.350319, 48.891478 ] } },
{ "type": "Feature", "properties": { "start_date": "1934-02-03", "end_date": "2026-08-29", "nom": "Marcel Sembat", "lignes": [ "Ligne 9" ], "couleur": "#B6BD00", "nom de référence": "Marcel Sembat" }, "geometry": { "type": "Point", "coordinates": [ 2.243579328, 48.83367001 ] } },
{ "type": "Feature", "properties": { "start_date": "1905-01-25", "end_date": "1969-08-23", "nom": "Martin Nadaud", "lignes": [ "Ligne 3" ], "couleur": "#837902", "nom de référence": "Martin Nadaud" }, "geometry": { "type": "Point", "coordinates": [ 2.398120165, 48.86489827 ] } },
{ "type": "Feature", "properties": { "start_date": "1916-08-23", "end_date": "1931-03-27", "nom": "Torcy", "lignes": [ "Ligne A" ], "couleur": "#2b5439", "nom de référence": "Marx Dormoy" }, "geometry": { "type": "Point", "coordinates": [ 2.359968, 48.890483 ] } },
{ "type": "Feature", "properties": { "start_date": "1931-03-27", "end_date": "1946-05-11", "nom": "Torcy", "lignes": [ "Ligne 12" ], "couleur": "#007852", "nom de référence": "Marx Dormoy" }, "geometry": { "type": "Point", "coordinates": [ 2.359968, 48.890483 ] } },
{ "type": "Feature", "properties": { "start_date": "1946-05-11", "end_date": "2026-08-29", "nom": "Marx Dormoy", "lignes": [ "Ligne 12" ], "couleur": "#007852", "nom de référence": "Marx Dormoy" }, "geometry": { "type": "Point", "coordinates": [ 2.359968, 48.890483 ] } },
{ "type": "Feature", "properties": { "start_date": "1930-02-15", "end_date": "2026-08-29", "nom": "Maubert - Mutualité", "lignes": [ "Ligne 10" ], "couleur": "#C9910D", "nom de référence": "Maubert - Mutualité" }, "geometry": { "type": "Point", "coordinates": [ 2.347936034, 48.8501929 ] } },
{ "type": "Feature", "properties": { "start_date": "1903-01-31", "end_date": "2026-08-29", "nom": "Ménilmontant", "lignes": [ "Ligne 2" ], "couleur": "#003CA6", "nom de référence": "Ménilmontant" }, "geometry": { "type": "Point", "coordinates": [ 2.383618, 48.866248 ] } },
{ "type": "Feature", "properties": { "start_date": "1931-05-05", "end_date": "2026-08-29", "nom": "Michel Bizot", "lignes": [ "Ligne 8" ], "couleur": "#E19BDF", "nom de référence": "Michel Bizot" }, "geometry": { "type": "Point", "coordinates": [ 2.40123421, 48.83748523 ] } },
{ "type": "Feature", "properties": { "start_date": "1913-09-30", "end_date": "1922-11-08", "nom": "Michel-Ange - Auteuil", "lignes": [ "Ligne 8" ], "couleur": "#E19BDF", "nom de référence": "Michel-Ange - Auteuil" }, "geometry": { "type": "Point", "coordinates": [ 2.263870239, 48.84777129 ] } },
{ "type": "Feature", "properties": { "start_date": "1922-11-08", "end_date": "1937-07-27", "nom": "Michel-Ange - Auteuil", "lignes": [ "Ligne 8", "Ligne 9" ], "couleur": "#D8D8B9", "nom de référence": "Michel-Ange - Auteuil" }, "geometry": { "type": "Point", "coordinates": [ 2.263870239, 48.84777129 ] } },
{ "type": "Feature", "properties": { "start_date": "1937-07-27", "end_date": "2026-08-29", "nom": "Michel-Ange - Auteuil", "lignes": [ "Ligne 10", "Ligne 9" ], "couleur": "#D8D8B9", "nom de référence": "Michel-Ange - Auteuil" }, "geometry": { "type": "Point", "coordinates": [ 2.263870239, 48.84777129 ] } },
{ "type": "Feature", "properties": { "start_date": "1913-09-30", "end_date": "1922-11-08", "nom": "Michel-Ange - Molitor", "lignes": [ "Ligne 8" ], "couleur": "#E19BDF", "nom de référence": "Michel-Ange - Molitor" }, "geometry": { "type": "Point", "coordinates": [ 2.261194, 48.84496 ] } },
{ "type": "Feature", "properties": { "start_date": "1922-11-08", "end_date": "1937-07-27", "nom": "Michel-Ange - Molitor", "lignes": [ "Ligne 8", "Ligne 9" ], "couleur": "#D8D8B9", "nom de référence": "Michel-Ange - Molitor" }, "geometry": { "type": "Point", "coordinates": [ 2.261194, 48.84496 ] } },
{ "type": "Feature", "properties": { "start_date": "1937-07-27", "end_date": "2026-08-29", "nom": "Michel-Ange - Molitor", "lignes": [ "Ligne 10", "Ligne 9" ], "couleur": "#D8D8B9", "nom de référence": "Michel-Ange - Molitor" }, "geometry": { "type": "Point", "coordinates": [ 2.261194, 48.84496 ] } },
{ "type": "Feature", "properties": { "start_date": "1913-09-30", "end_date": "1937-07-27", "nom": "Mirabeau", "lignes": [ "Ligne 8" ], "couleur": "#E19BDF", "nom de référence": "Mirabeau" }, "geometry": { "type": "Point", "coordinates": [ 2.271707654, 48.84673872 ] } },
{ "type": "Feature", "properties": { "start_date": "1937-07-27", "end_date": "2026-08-29", "nom": "Mirabeau", "lignes": [ "Ligne 10" ], "couleur": "#C9910D", "nom de référence": "Mirabeau" }, "geometry": { "type": "Point", "coordinates": [ 2.271707654, 48.84673872 ] } },
{ "type": "Feature", "properties": { "start_date": "1923-05-27", "end_date": "1973-04-27", "nom": "Miromesnil", "lignes": [ "Ligne 9" ], "couleur": "#B6BD00", "nom de référence": "Miromesnil" }, "geometry": { "type": "Point", "coordinates": [ 2.314464748, 48.87366684 ] } },
{ "type": "Feature", "properties": { "start_date": "1973-04-27", "end_date": "2026-08-29", "nom": "Miromesnil", "lignes": [ "Ligne 13", "Ligne 9" ], "couleur": "#D8D8B9", "nom de référence": "Miromesnil" }, "geometry": { "type": "Point", "coordinates": [ 2.314464748, 48.87366684 ] } },
{ "type": "Feature", "properties": { "start_date": "1902-10-07", "end_date": "2026-08-29", "nom": "Monceau", "lignes": [ "Ligne 2" ], "couleur": "#003CA6", "nom de référence": "Monceau" }, "geometry": { "type": "Point", "coordinates": [ 2.308603, 48.880319 ] } },
{ "type": "Feature", "properties": { "start_date": "1931-05-05", "end_date": "2026-08-29", "nom": "Montgallet", "lignes": [ "Ligne 8" ], "couleur": "#E19BDF", "nom de référence": "Montgallet" }, "geometry": { "type": "Point", "coordinates": [ 2.389974296, 48.84427635 ] } },
{ "type": "Feature", "properties": { "start_date": "1906-04-24", "end_date": "1907-10-17", "nom": "Avenue du Maine", "lignes": [ "Ligne 2 Sud" ], "couleur": "#ab1f07", "nom de référence": "Avenue du Maine" }, "geometry": { "type": "Point", "coordinates": [ 2.321668, 48.84202 ] } },
{ "type": "Feature", "properties": { "start_date": "1907-10-17", "end_date": "1933-06-30", "nom": "Avenue du Maine", "lignes": [ "Ligne 5" ], "couleur": "#FF7E2E", "nom de référence": "Avenue du Maine" }, "geometry": { "type": "Point", "coordinates": [ 2.321668, 48.84202 ] } },
{ "type": "Feature", "properties": { "start_date": "1933-06-30", "end_date": "1937-01-21", "nom": "Bienvenüe", "lignes": [ "Ligne 5" ], "couleur": "#FF7E2E", "nom de référence": "Avenue du Maine" }, "geometry": { "type": "Point", "coordinates": [ 2.321668, 48.84202 ] } },
{ "type": "Feature", "properties": { "start_date": "1937-01-21", "end_date": "1937-01-31", "nom": "Bienvenüe", "lignes": [ "Ligne 14 (ancienne)", "Ligne 5" ], "couleur": "#D8D8B9", "nom de référence": "Avenue du Maine" }, "geometry": { "type": "Point", "coordinates": [ 2.321668, 48.84202 ] } },
{ "type": "Feature", "properties": { "start_date": "1942-10-06", "end_date": "1976-11-09", "nom": "Montparnasse - Bienvenüe", "lignes": [ "Couloirs", "Ligne 14 (ancienne)", "Ligne 6" ], "couleur": "#D8D8B9", "nom de référence": "Avenue du Maine" }, "geometry": { "type": "Point", "coordinates": [ 2.321668, 48.84202 ] } },
{ "type": "Feature", "properties": { "start_date": "1976-11-09", "end_date": "2026-08-29", "nom": "Montparnasse - Bienvenüe", "lignes": [ "Couloirs", "Ligne 13", "Ligne 6" ], "couleur": "#D8D8B9", "nom de référence": "Avenue du Maine" }, "geometry": { "type": "Point", "coordinates": [ 2.321668, 48.84202 ] } },
{ "type": "Feature", "properties": { "start_date": "1910-04-06", "end_date": "1910-11-05", "nom": "Montparnasse", "lignes": [ "Ligne 4" ], "couleur": "#CF009E", "nom de référence": "Montparnasse" }, "geometry": { "type": "Point", "coordinates": [ 2.323934, 48.843826 ] } },
{ "type": "Feature", "properties": { "start_date": "1910-11-05", "end_date": "1931-03-27", "nom": "Montparnasse", "lignes": [ "Ligne 4", "Ligne A" ], "couleur": "#D8D8B9", "nom de référence": "Montparnasse" }, "geometry": { "type": "Point", "coordinates": [ 2.323934, 48.843826 ] } },
{ "type": "Feature", "properties": { "start_date": "1931-03-27", "end_date": "1937-01-31", "nom": "Montparnasse", "lignes": [ "Ligne 12", "Ligne 4" ], "couleur": "#D8D8B9", "nom de référence": "Montparnasse" }, "geometry": { "type": "Point", "coordinates": [ 2.323934, 48.843826 ] } },
{ "type": "Feature", "properties": { "start_date": "1909-10-30", "end_date": "2026-08-29", "nom": "Mouton-Duvernet", "lignes": [ "Ligne 4" ], "couleur": "#CF009E", "nom de référence": "Mouton-Duvernet" }, "geometry": { "type": "Point", "coordinates": [ 2.3299, 48.8314 ] } },
{ "type": "Feature", "properties": { "start_date": "1900-07-19", "end_date": "1903-04-02", "nom": "Nation", "lignes": [ "Ligne 1" ], "couleur": "#FFCD00", "nom de référence": "Nation" }, "geometry": { "type": "Point", "coordinates": [ 2.395905745, 48.84846575 ] } },
{ "type": "Feature", "properties": { "start_date": "1903-04-02", "end_date": "1909-03-01", "nom": "Nation", "lignes": [ "Ligne 1", "Ligne 2" ], "couleur": "#D8D8B9", "nom de référence": "Nation" }, "geometry": { "type": "Point", "coordinates": [ 2.395905745, 48.84846575 ] } },
{ "type": "Feature", "properties": { "start_date": "1909-03-01", "end_date": "1933-12-10", "nom": "Nation", "lignes": [ "Ligne 1", "Ligne 2", "Ligne 6" ], "couleur": "#D8D8B9", "nom de référence": "Nation" }, "geometry": { "type": "Point", "coordinates": [ 2.395905745, 48.84846575 ] } },
{ "type": "Feature", "properties": { "start_date": "1933-12-10", "end_date": "2026-08-29", "nom": "Nation", "lignes": [ "Ligne 1", "Ligne 2", "Ligne 6", "Ligne 9" ], "couleur": "#D8D8B9", "nom de référence": "Nation" }, "geometry": { "type": "Point", "coordinates": [ 2.395905745, 48.84846575 ] } },
{ "type": "Feature", "properties": { "start_date": "1909-03-01", "end_date": "2026-08-29", "nom": "Nationale", "lignes": [ "Ligne 6" ], "couleur": "#6ECA97", "nom de référence": "Nationale" }, "geometry": { "type": "Point", "coordinates": [ 2.362717688, 48.83318272 ] } },
{ "type": "Feature", "properties": { "start_date": "1910-11-05", "end_date": "1931-03-27", "nom": "Notre-Dame-de-Lorette", "lignes": [ "Ligne A" ], "couleur": "#2b5439", "nom de référence": "Notre-Dame-de-Lorette" }, "geometry": { "type": "Point", "coordinates": [ 2.338586, 48.876084 ] } },
{ "type": "Feature", "properties": { "start_date": "1931-03-27", "end_date": "2026-08-29", "nom": "Notre-Dame-de-Lorette", "lignes": [ "Ligne 12" ], "couleur": "#007852", "nom de référence": "Notre-Dame-de-Lorette" }, "geometry": { "type": "Point", "coordinates": [ 2.338586, 48.876084 ] } },
{ "type": "Feature", "properties": { "start_date": "1910-11-05", "end_date": "1931-03-27", "nom": "Notre-Dame-des-Champs", "lignes": [ "Ligne A" ], "couleur": "#2b5439", "nom de référence": "Notre-Dame-des-Champs" }, "geometry": { "type": "Point", "coordinates": [ 2.328787744, 48.84456761 ] } },
{ "type": "Feature", "properties": { "start_date": "1931-03-27", "end_date": "2026-08-29", "nom": "Notre-Dame-des-Champs", "lignes": [ "Ligne 12" ], "couleur": "#007852", "nom de référence": "Notre-Dame-des-Champs" }, "geometry": { "type": "Point", "coordinates": [ 2.328787744, 48.84456761 ] } },
{ "type": "Feature", "properties": { "start_date": "1907-01-15", "end_date": "1933-12-10", "nom": "Oberkampf", "lignes": [ "Ligne 5" ], "couleur": "#FF7E2E", "nom de référence": "Oberkampf" }, "geometry": { "type": "Point", "coordinates": [ 2.368877, 48.864545 ] } },
{ "type": "Feature", "properties": { "start_date": "1933-12-10", "end_date": "2026-08-29", "nom": "Oberkampf", "lignes": [ "Ligne 5", "Ligne 9" ], "couleur": "#D8D8B9", "nom de référence": "Oberkampf" }, "geometry": { "type": "Point", "coordinates": [ 2.368877, 48.864545 ] } },
{ "type": "Feature", "properties": { "start_date": "1910-01-09", "end_date": "1926-02-14", "nom": "Odéon", "lignes": [ "Ligne 4" ], "couleur": "#CF009E", "nom de référence": "Odéon" }, "geometry": { "type": "Point", "coordinates": [ 2.338951, 48.852066 ] } },
{ "type": "Feature", "properties": { "start_date": "1926-02-14", "end_date": "2026-08-29", "nom": "Odéon", "lignes": [ "Ligne 10", "Ligne 4" ], "couleur": "#D8D8B9", "nom de référence": "Odéon" }, "geometry": { "type": "Point", "coordinates": [ 2.338951, 48.852066 ] } },
{ "type": "Feature", "properties": { "start_date": "2007-06-26", "end_date": "2026-08-29", "nom": "Olympiades", "lignes": [ "Ligne 14" ], "couleur": "#62259D", "nom de référence": "Olympiades" }, "geometry": { "type": "Point", "coordinates": [ 2.366403, 48.82702 ] } },
{ "type": "Feature", "properties": { "start_date": "1904-10-19", "end_date": "1910-11-05", "nom": "Opéra", "lignes": [ "Ligne 3" ], "couleur": "#837902", "nom de référence": "Opéra" }, "geometry": { "type": "Point", "coordinates": [ 2.3323524, 48.87063595 ] } },
{ "type": "Feature", "properties": { "start_date": "1910-11-05", "end_date": "1913-07-13", "nom": "Opéra", "lignes": [ "Ligne 3", "Ligne 7" ], "couleur": "#D8D8B9", "nom de référence": "Opéra" }, "geometry": { "type": "Point", "coordinates": [ 2.3323524, 48.87063595 ] } },
{ "type": "Feature", "properties": { "start_date": "1913-07-13", "end_date": "2026-08-29", "nom": "Opéra", "lignes": [ "Ligne 3", "Ligne 7", "Ligne 8" ], "couleur": "#D8D8B9", "nom de référence": "Opéra" }, "geometry": { "type": "Point", "coordinates": [ 2.3323524, 48.87063595 ] } },
{ "type": "Feature", "properties": { "start_date": "1942-10-12", "end_date": "2026-08-29", "nom": "Ourcq", "lignes": [ "Ligne 5" ], "couleur": "#FF7E2E", "nom de référence": "Ourcq" }, "geometry": { "type": "Point", "coordinates": [ 2.385747135, 48.88685563 ] } },
{ "type": "Feature", "properties": { "start_date": "1900-07-19", "end_date": "1916-07-01", "nom": "Palais Royal", "lignes": [ "Ligne 1" ], "couleur": "#FFCD00", "nom de référence": "Palais-Royal - Musée du Louvre" }, "geometry": { "type": "Point", "coordinates": [ 2.335816612, 48.86284682 ] } },
{ "type": "Feature", "properties": { "start_date": "1916-07-01", "end_date": "1989-03-29", "nom": "Palais Royal", "lignes": [ "Ligne 1", "Ligne 7" ], "couleur": "#D8D8B9", "nom de référence": "Palais-Royal - Musée du Louvre" }, "geometry": { "type": "Point", "coordinates": [ 2.335816612, 48.86284682 ] } },
{ "type": "Feature", "properties": { "start_date": "1989-03-29", "end_date": "2026-08-29", "nom": "Palais-Royal - Musée du Louvre", "lignes": [ "Ligne 1", "Ligne 7" ], "couleur": "#D8D8B9", "nom de référence": "Palais-Royal - Musée du Louvre" }, "geometry": { "type": "Point", "coordinates": [ 2.335816612, 48.86284682 ] } },
{ "type": "Feature", "properties": { "start_date": "1904-10-19", "end_date": "2026-08-29", "nom": "Parmentier", "lignes": [ "Ligne 3" ], "couleur": "#837902", "nom de référence": "Parmentier" }, "geometry": { "type": "Point", "coordinates": [ 2.374381, 48.865299 ] } },
{ "type": "Feature", "properties": { "start_date": "1906-04-24", "end_date": "1907-10-17", "nom": "Passy", "lignes": [ "Ligne 2 Sud" ], "couleur": "#ab1f07", "nom de référence": "Passy" }, "geometry": { "type": "Point", "coordinates": [ 2.285779, 48.857445 ] } },
{ "type": "Feature", "properties": { "start_date": "1907-10-17", "end_date": "1942-10-06", "nom": "Passy", "lignes": [ "Ligne 5" ], "couleur": "#FF7E2E", "nom de référence": "Passy" }, "geometry": { "type": "Point", "coordinates": [ 2.285779, 48.857445 ] } },
{ "type": "Feature", "properties": { "start_date": "1942-10-06", "end_date": "2026-08-29", "nom": "Passy", "lignes": [ "Ligne 6" ], "couleur": "#6ECA97", "nom de référence": "Passy" }, "geometry": { "type": "Point", "coordinates": [ 2.285779, 48.857445 ] } },
{ "type": "Feature", "properties": { "start_date": "1906-04-24", "end_date": "1907-10-17", "nom": "Pasteur", "lignes": [ "Ligne 2 Sud" ], "couleur": "#ab1f07", "nom de référence": "Pasteur" }, "geometry": { "type": "Point", "coordinates": [ 2.312681079, 48.84283594 ] } },
{ "type": "Feature", "properties": { "start_date": "1907-10-17", "end_date": "1910-11-05", "nom": "Pasteur", "lignes": [ "Ligne 5" ], "couleur": "#FF7E2E", "nom de référence": "Pasteur" }, "geometry": { "type": "Point", "coordinates": [ 2.312681079, 48.84283594 ] } },
{ "type": "Feature", "properties": { "start_date": "1910-11-05", "end_date": "1931-03-27", "nom": "Pasteur", "lignes": [ "Ligne 5", "Ligne A" ], "couleur": "#D8D8B9", "nom de référence": "Pasteur" }, "geometry": { "type": "Point", "coordinates": [ 2.312681079, 48.84283594 ] } },
{ "type": "Feature", "properties": { "start_date": "1931-03-27", "end_date": "1942-10-06", "nom": "Pasteur", "lignes": [ "Ligne 12", "Ligne 5" ], "couleur": "#D8D8B9", "nom de référence": "Pasteur" }, "geometry": { "type": "Point", "coordinates": [ 2.312681079, 48.84283594 ] } },
{ "type": "Feature", "properties": { "start_date": "1942-10-06", "end_date": "2026-08-29", "nom": "Pasteur", "lignes": [ "Ligne 12", "Ligne 6" ], "couleur": "#D8D8B9", "nom de référence": "Pasteur" }, "geometry": { "type": "Point", "coordinates": [ 2.312681079, 48.84283594 ] } },
{ "type": "Feature", "properties": { "start_date": "1921-11-27", "end_date": "1971-03-27", "nom": "Pelleport", "lignes": [ "Ligne 3" ], "couleur": "#837902", "nom de référence": "Pelleport" }, "geometry": { "type": "Point", "coordinates": [ 2.401751876, 48.86867053 ] } },
{ "type": "Feature", "properties": { "start_date": "1971-03-27", "end_date": "2026-08-29", "nom": "Pelleport", "lignes": [ "Ligne 3 bis" ], "couleur": "#6EC4E8", "nom de référence": "Pelleport" }, "geometry": { "type": "Point", "coordinates": [ 2.401751876, 48.86867053 ] } },
{ "type": "Feature", "properties": { "start_date": "1903-02-25", "end_date": "1904-10-19", "nom": "Père Lachaise", "lignes": [ "Ligne 2" ], "couleur": "#003CA6", "nom de référence": "Père Lachaise" }, "geometry": { "type": "Point", "coordinates": [ 2.387388, 48.862921 ] } },
{ "type": "Feature", "properties": { "start_date": "1904-10-19", "end_date": "2026-08-29", "nom": "Père Lachaise", "lignes": [ "Ligne 2", "Ligne 3" ], "couleur": "#D8D8B9", "nom de référence": "Père Lachaise" }, "geometry": { "type": "Point", "coordinates": [ 2.387388, 48.862921 ] } },
{ "type": "Feature", "properties": { "start_date": "1910-05-23", "end_date": "2026-08-29", "nom": "Pereire", "lignes": [ "Ligne 3" ], "couleur": "#837902", "nom de référence": "Pereire" }, "geometry": { "type": "Point", "coordinates": [ 2.299211, 48.884648 ] } },
{ "type": "Feature", "properties": { "start_date": "1937-01-21", "end_date": "1976-11-09", "nom": "Pernety", "lignes": [ "Ligne 14 (ancienne)" ], "couleur": "#135e12", "nom de référence": "Pernety" }, "geometry": { "type": "Point", "coordinates": [ 2.318512201, 48.83421027 ] } },
{ "type": "Feature", "properties": { "start_date": "1976-11-09", "end_date": "2026-08-29", "nom": "Pernety", "lignes": [ "Ligne 13" ], "couleur": "#6EC4E8", "nom de référence": "Pernety" }, "geometry": { "type": "Point", "coordinates": [ 2.318512201, 48.83421027 ] } },
{ "type": "Feature", "properties": { "start_date": "1903-01-31", "end_date": "2026-08-29", "nom": "Philippe Auguste", "lignes": [ "Ligne 2" ], "couleur": "#003CA6", "nom de référence": "Philippe Auguste" }, "geometry": { "type": "Point", "coordinates": [ 2.390938, 48.858021 ] } },
{ "type": "Feature", "properties": { "start_date": "1909-03-01", "end_date": "1937-03-01", "nom": "Saint-Mandé", "lignes": [ "Ligne 6" ], "couleur": "#6ECA97", "nom de référence": "Picpus" }, "geometry": { "type": "Point", "coordinates": [ 2.40049392, 48.84515011 ] } },
{ "type": "Feature", "properties": { "start_date": "1937-03-01", "end_date": "2026-08-29", "nom": "Picpus", "lignes": [ "Ligne 6" ], "couleur": "#6ECA97", "nom de référence": "Picpus" }, "geometry": { "type": "Point", "coordinates": [ 2.40049392, 48.84515011 ] } },
{ "type": "Feature", "properties": { "start_date": "1946-05-01", "end_date": "2007-03-08", "nom": "Pierre Curie", "lignes": [ "Ligne 7" ], "couleur": "#FA9ABA", "nom de référence": "Pierre et Marie Curie" }, "geometry": { "type": "Point", "coordinates": [ 2.377893627, 48.81591773 ] } },
{ "type": "Feature", "properties": { "start_date": "2007-03-08", "end_date": "2026-08-29", "nom": "Pierre et Marie Curie", "lignes": [ "Ligne 7" ], "couleur": "#FA9ABA", "nom de référence": "Pierre et Marie Curie" }, "geometry": { "type": "Point", "coordinates": [ 2.377893627, 48.81591773 ] } },
{ "type": "Feature", "properties": { "start_date": "1902-10-07", "end_date": "1911-04-08", "nom": "Pigalle", "lignes": [ "Ligne 2" ], "couleur": "#003CA6", "nom de référence": "Pigalle" }, "geometry": { "type": "Point", "coordinates": [ 2.337573, 48.882255 ] } },
{ "type": "Feature", "properties": { "start_date": "1911-04-08", "end_date": "1931-03-27", "nom": "Pigalle", "lignes": [ "Ligne 2", "Ligne A" ], "couleur": "#D8D8B9", "nom de référence": "Pigalle" }, "geometry": { "type": "Point", "coordinates": [ 2.337573, 48.882255 ] } },
{ "type": "Feature", "properties": { "start_date": "1931-03-27", "end_date": "2026-08-29", "nom": "Pigalle", "lignes": [ "Ligne 12", "Ligne 2" ], "couleur": "#D8D8B9", "nom de référence": "Pigalle" }, "geometry": { "type": "Point", "coordinates": [ 2.337573, 48.882255 ] } },
{ "type": "Feature", "properties": { "start_date": "1906-04-24", "end_date": "1906-06-02", "nom": "Place d'Italie", "lignes": [ "Ligne 2 Sud" ], "couleur": "#ab1f07", "nom de référence": "Place d'Italie" }, "geometry": { "type": "Point", "coordinates": [ 2.355692, 48.831483 ] } },
{ "type": "Feature", "properties": { "start_date": "1906-06-02", "end_date": "1907-10-17", "nom": "Place d'Italie", "lignes": [ "Ligne 2 Sud", "Ligne 5" ], "couleur": "#D8D8B9", "nom de référence": "Place d'Italie" }, "geometry": { "type": "Point", "coordinates": [ 2.355692, 48.831483 ] } },
{ "type": "Feature", "properties": { "start_date": "1907-10-17", "end_date": "1909-03-01", "nom": "Place d'Italie", "lignes": [ "Ligne 5" ], "couleur": "#FF7E2E", "nom de référence": "Place d'Italie" }, "geometry": { "type": "Point", "coordinates": [ 2.355692, 48.831483 ] } },
{ "type": "Feature", "properties": { "start_date": "1909-03-01", "end_date": "1930-02-15", "nom": "Place d'Italie", "lignes": [ "Ligne 5", "Ligne 6" ], "couleur": "#D8D8B9", "nom de référence": "Place d'Italie" }, "geometry": { "type": "Point", "coordinates": [ 2.355692, 48.831483 ] } },
{ "type": "Feature", "properties": { "start_date": "1930-02-15", "end_date": "1931-04-26", "nom": "Place d'Italie", "lignes": [ "Ligne 10", "Ligne 5", "Ligne 6" ], "couleur": "#D8D8B9", "nom de référence": "Place d'Italie" }, "geometry": { "type": "Point", "coordinates": [ 2.355692, 48.831483 ] } },
{ "type": "Feature", "properties": { "start_date": "1931-04-26", "end_date": "2026-08-29", "nom": "Place d'Italie", "lignes": [ "Ligne 5", "Ligne 6", "Ligne 7" ], "couleur": "#D8D8B9", "nom de référence": "Place d'Italie" }, "geometry": { "type": "Point", "coordinates": [ 2.355692, 48.831483 ] } },
{ "type": "Feature", "properties": { "start_date": "1902-10-26", "end_date": "1911-02-26", "nom": "Place de Clichy", "lignes": [ "Ligne 2" ], "couleur": "#003CA6", "nom de référence": "Place de Clichy" }, "geometry": { "type": "Point", "coordinates": [ 2.327625, 48.883809 ] } },
{ "type": "Feature", "properties": { "start_date": "1911-02-26", "end_date": "1931-03-27", "nom": "Place de Clichy", "lignes": [ "Ligne 2", "Ligne B" ], "couleur": "#D8D8B9", "nom de référence": "Place de Clichy" }, "geometry": { "type": "Point", "coordinates": [ 2.327625, 48.883809 ] } },
{ "type": "Feature", "properties": { "start_date": "1931-03-27", "end_date": "2026-08-29", "nom": "Place de Clichy", "lignes": [ "Ligne 13", "Ligne 2" ], "couleur": "#D8D8B9", "nom de référence": "Place de Clichy" }, "geometry": { "type": "Point", "coordinates": [ 2.327625, 48.883809 ] } },
{ "type": "Feature", "properties": { "start_date": "1912-02-13", "end_date": "1921-11-27", "nom": "Place des Fêtes", "lignes": [ "Ligne 7" ], "couleur": "#FA9ABA", "nom de référence": "Place des Fêtes" }, "geometry": { "type": "Point", "coordinates": [ 2.392959595, 48.87684044 ] } },
{ "type": "Feature", "properties": { "start_date": "1921-11-27", "end_date": "1935-04-28", "nom": "Place des Fêtes", "lignes": [ "Ligne 7", "Voie des Fêtes et voie navette" ], "couleur": "#D8D8B9", "nom de référence": "Place des Fêtes" }, "geometry": { "type": "Point", "coordinates": [ 2.392959595, 48.87684044 ] } },
{ "type": "Feature", "properties": { "start_date": "1935-04-28", "end_date": "1939-09-03", "nom": "Place des Fêtes", "lignes": [ "Ligne 11", "Ligne 7", "Voie des Fêtes et voie navette" ], "couleur": "#D8D8B9", "nom de référence": "Place des Fêtes" }, "geometry": { "type": "Point", "coordinates": [ 2.392959595, 48.87684044 ] } },
{ "type": "Feature", "properties": { "start_date": "1939-09-03", "end_date": "1967-12-03", "nom": "Place des Fêtes", "lignes": [ "Ligne 11", "Ligne 7" ], "couleur": "#D8D8B9", "nom de référence": "Place des Fêtes" }, "geometry": { "type": "Point", "coordinates": [ 2.392959595, 48.87684044 ] } },
{ "type": "Feature", "properties": { "start_date": "1967-12-03", "end_date": "2026-08-29", "nom": "Place des Fêtes", "lignes": [ "Ligne 11", "Ligne 7 bis" ], "couleur": "#D8D8B9", "nom de référence": "Place des Fêtes" }, "geometry": { "type": "Point", "coordinates": [ 2.392959595, 48.87684044 ] } },
{ "type": "Feature", "properties": { "start_date": "1930-02-15", "end_date": "1931-04-26", "nom": "Place Monge", "lignes": [ "Ligne 10" ], "couleur": "#C9910D", "nom de référence": "Place Monge" }, "geometry": { "type": "Point", "coordinates": [ 2.352279, 48.84359 ] } },
{ "type": "Feature", "properties": { "start_date": "1931-04-26", "end_date": "2026-08-29", "nom": "Place Monge", "lignes": [ "Ligne 7" ], "couleur": "#FA9ABA", "nom de référence": "Place Monge" }, "geometry": { "type": "Point", "coordinates": [ 2.352279, 48.84359 ] } },
{ "type": "Feature", "properties": { "start_date": "1937-01-21", "end_date": "1976-11-09", "nom": "Plaisance", "lignes": [ "Ligne 14 (ancienne)" ], "couleur": "#135e12", "nom de référence": "Plaisance" }, "geometry": { "type": "Point", "coordinates": [ 2.313740551, 48.83155306 ] } },
{ "type": "Feature", "properties": { "start_date": "1976-11-09", "end_date": "2026-08-29", "nom": "Plaisance", "lignes": [ "Ligne 13" ], "couleur": "#6EC4E8", "nom de référence": "Plaisance" }, "geometry": { "type": "Point", "coordinates": [ 2.313740551, 48.83155306 ] } },
{ "type": "Feature", "properties": { "start_date": "2011-10-08", "end_date": "2026-08-29", "nom": "Pointe du Lac", "lignes": [ "Ligne 8" ], "couleur": "#E19BDF", "nom de référence": "Pointe du Lac" }, "geometry": { "type": "Point", "coordinates": [ 2.46481061, 48.76878622 ] } },
{ "type": "Feature", "properties": { "start_date": "1910-11-05", "end_date": "2026-08-29", "nom": "Poissonnière", "lignes": [ "Ligne 7" ], "couleur": "#FA9ABA", "nom de référence": "Poissonnière" }, "geometry": { "type": "Point", "coordinates": [ 2.348445654, 48.87707506 ] } },
{ "type": "Feature", "properties": { "start_date": "1937-09-24", "end_date": "2026-08-29", "nom": "Pont de Levallois - Bécon", "lignes": [ "Ligne 3" ], "couleur": "#837902", "nom de référence": "Pont de Levallois - Bécon" }, "geometry": { "type": "Point", "coordinates": [ 2.280787, 48.897313 ] } },
{ "type": "Feature", "properties": { "start_date": "1937-04-29", "end_date": "2026-08-29", "nom": "Pont de Neuilly", "lignes": [ "Ligne 1" ], "couleur": "#FFCD00", "nom de référence": "Pont de Neuilly" }, "geometry": { "type": "Point", "coordinates": [ 2.259891725, 48.88450938 ] } },
{ "type": "Feature", "properties": { "start_date": "1934-02-03", "end_date": "2026-08-29", "nom": "Pont de Sèvres", "lignes": [ "Ligne 9" ], "couleur": "#B6BD00", "nom de référence": "Pont de Sèvres" }, "geometry": { "type": "Point", "coordinates": [ 2.231034636, 48.82974679 ] } },
{ "type": "Feature", "properties": { "start_date": "1926-04-16", "end_date": "2026-08-29", "nom": "Pont Marie", "lignes": [ "Ligne 7" ], "couleur": "#FA9ABA", "nom de référence": "Pont Marie" }, "geometry": { "type": "Point", "coordinates": [ 2.357616127, 48.8532868 ] } },
{ "type": "Feature", "properties": { "start_date": "1926-04-16", "end_date": "1990-12-01", "nom": "Pont-Neuf", "lignes": [ "Ligne 7" ], "couleur": "#FA9ABA", "nom de référence": "Pont-Neuf" }, "geometry": { "type": "Point", "coordinates": [ 2.341488004, 48.85867641 ] } },
{ "type": "Feature", "properties": { "start_date": "1990-12-01", "end_date": "2026-08-29", "nom": "Pont-Neuf - La Monnaie", "lignes": [ "Ligne 7" ], "couleur": "#FA9ABA", "nom de référence": "Pont-Neuf" }, "geometry": { "type": "Point", "coordinates": [ 2.341488004, 48.85867641 ] } },
{ "type": "Feature", "properties": { "start_date": "1913-09-30", "end_date": "1937-07-27", "nom": "Porte d'Auteuil", "lignes": [ "Ligne 8" ], "couleur": "#E19BDF", "nom de référence": "Porte d'Auteuil" }, "geometry": { "type": "Point", "coordinates": [ 2.25875, 48.848025 ] } },
{ "type": "Feature", "properties": { "start_date": "1937-07-27", "end_date": "2026-08-29", "nom": "Porte d'Auteuil", "lignes": [ "Ligne 10" ], "couleur": "#C9910D", "nom de référence": "Porte d'Auteuil" }, "geometry": { "type": "Point", "coordinates": [ 2.25875, 48.848025 ] } },
{ "type": "Feature", "properties": { "start_date": "1930-03-07", "end_date": "1931-04-26", "nom": "Porte d'Italie", "lignes": [ "Ligne 10" ], "couleur": "#C9910D", "nom de référence": "Porte d'Italie" }, "geometry": { "type": "Point", "coordinates": [ 2.360805, 48.819196 ] } },
{ "type": "Feature", "properties": { "start_date": "1931-04-26", "end_date": "2026-08-29", "nom": "Porte d'Italie", "lignes": [ "Ligne 7" ], "couleur": "#FA9ABA", "nom de référence": "Porte d'Italie" }, "geometry": { "type": "Point", "coordinates": [ 2.360805, 48.819196 ] } },
{ "type": "Feature", "properties": { "start_date": "1931-04-26", "end_date": "2026-08-29", "nom": "Porte d'Ivry", "lignes": [ "Ligne 7" ], "couleur": "#FA9ABA", "nom de référence": "Porte d'Ivry" }, "geometry": { "type": "Point", "coordinates": [ 2.370439768, 48.82095992 ] } },
{ "type": "Feature", "properties": { "start_date": "1909-10-30", "end_date": "2026-08-29", "nom": "Porte d'Orléans", "lignes": [ "Ligne 4" ], "couleur": "#CF009E", "nom de référence": "Porte d'Orléans" }, "geometry": { "type": "Point", "coordinates": [ 2.325363, 48.82319 ] } },
{ "type": "Feature", "properties": { "start_date": "1900-12-13", "end_date": "2026-08-29", "nom": "Porte Dauphine", "lignes": [ "Ligne 2" ], "couleur": "#003CA6", "nom de référence": "Porte Dauphine" }, "geometry": { "type": "Point", "coordinates": [ 2.276768, 48.871545 ] } },
{ "type": "Feature", "properties": { "start_date": "1971-04-02", "end_date": "2026-08-29", "nom": "Porte de Bagnolet", "lignes": [ "Ligne 3" ], "couleur": "#837902", "nom de référence": "Porte de Bagnolet" }, "geometry": { "type": "Point", "coordinates": [ 2.407278, 48.864565 ] } },
{ "type": "Feature", "properties": { "start_date": "1911-02-11", "end_date": "2026-08-29", "nom": "Porte de Champerret", "lignes": [ "Ligne 3" ], "couleur": "#837902", "nom de référence": "Porte de Champerret" }, "geometry": { "type": "Point", "coordinates": [ 2.293487, 48.885851 ] } },
{ "type": "Feature", "properties": { "start_date": "1931-05-05", "end_date": "2026-08-29", "nom": "Porte de Charenton", "lignes": [ "Ligne 8" ], "couleur": "#E19BDF", "nom de référence": "Porte de Charenton" }, "geometry": { "type": "Point", "coordinates": [ 2.400400043, 48.83278016 ] } },
{ "type": "Feature", "properties": { "start_date": "1930-03-07", "end_date": "1931-04-26", "nom": "Porte de Choisy", "lignes": [ "Ligne 10" ], "couleur": "#C9910D", "nom de référence": "Porte de Choisy" }, "geometry": { "type": "Point", "coordinates": [ 2.365292609, 48.82031533 ] } },
{ "type": "Feature", "properties": { "start_date": "1931-04-26", "end_date": "2026-08-29", "nom": "Porte de Choisy", "lignes": [ "Ligne 7" ], "couleur": "#FA9ABA", "nom de référence": "Porte de Choisy" }, "geometry": { "type": "Point", "coordinates": [ 2.365292609, 48.82031533 ] } },
{ "type": "Feature", "properties": { "start_date": "1912-01-20", "end_date": "1931-03-27", "nom": "Porte de Clichy", "lignes": [ "Ligne B" ], "couleur": "#1891c4", "nom de référence": "Porte de Clichy" }, "geometry": { "type": "Point", "coordinates": [ 2.313652039, 48.89434542 ] } },
{ "type": "Feature", "properties": { "start_date": "1931-03-27", "end_date": "2021-01-28", "nom": "Porte de Clichy", "lignes": [ "Ligne 13" ], "couleur": "#6EC4E8", "nom de référence": "Porte de Clichy" }, "geometry": { "type": "Point", "coordinates": [ 2.313652039, 48.89434542 ] } },
{ "type": "Feature", "properties": { "start_date": "2021-01-28", "end_date": "2026-08-29", "nom": "Porte de Clichy", "lignes": [ "Ligne 13", "Ligne 14" ], "couleur": "#D8D8B9", "nom de référence": "Porte de Clichy" }, "geometry": { "type": "Point", "coordinates": [ 2.313652039, 48.89434542 ] } },
{ "type": "Feature", "properties": { "start_date": "1908-04-21", "end_date": "2026-08-29", "nom": "Porte de Clignancourt", "lignes": [ "Ligne 4" ], "couleur": "#CF009E", "nom de référence": "Porte de Clignancourt" }, "geometry": { "type": "Point", "coordinates": [ 2.344778877, 48.89728706 ] } },
{ "type": "Feature", "properties": { "start_date": "1916-08-23", "end_date": "1931-03-27", "nom": "Porte de la Chapelle", "lignes": [ "Ligne A" ], "couleur": "#2b5439", "nom de référence": "Porte de la Chapelle" }, "geometry": { "type": "Point", "coordinates": [ 2.359190583, 48.89727437 ] } },
{ "type": "Feature", "properties": { "start_date": "1931-03-27", "end_date": "2026-08-29", "nom": "Porte de la Chapelle", "lignes": [ "Ligne 12" ], "couleur": "#007852", "nom de référence": "Porte de la Chapelle" }, "geometry": { "type": "Point", "coordinates": [ 2.359190583, 48.89727437 ] } },
{ "type": "Feature", "properties": { "start_date": "1910-11-05", "end_date": "2026-08-29", "nom": "Porte de la Villette", "lignes": [ "Ligne 7" ], "couleur": "#FA9ABA", "nom de référence": "Porte de la Villette" }, "geometry": { "type": "Point", "coordinates": [ 2.385875881, 48.89708922 ] } },
{ "type": "Feature", "properties": { "start_date": "1933-12-10", "end_date": "2026-08-29", "nom": "Porte de Montreuil", "lignes": [ "Ligne 9" ], "couleur": "#B6BD00", "nom de référence": "Porte de Montreuil" }, "geometry": { "type": "Point", "coordinates": [ 2.412244678, 48.85379155 ] } },
{ "type": "Feature", "properties": { "start_date": "1942-10-12", "end_date": "2026-08-29", "nom": "Porte de Pantin", "lignes": [ "Ligne 5" ], "couleur": "#FF7E2E", "nom de référence": "Porte de Pantin" }, "geometry": { "type": "Point", "coordinates": [ 2.391814291, 48.88847113 ] } },
{ "type": "Feature", "properties": { "start_date": "1923-09-29", "end_date": "2026-08-29", "nom": "Porte de Saint-Cloud", "lignes": [ "Ligne 9" ], "couleur": "#B6BD00", "nom de référence": "Porte de Saint-Cloud" }, "geometry": { "type": "Point", "coordinates": [ 2.256956, 48.838082 ] } },
{ "type": "Feature", "properties": { "start_date": "1911-02-26", "end_date": "1931-03-27", "nom": "Porte de Saint-Ouen", "lignes": [ "Ligne B" ], "couleur": "#1891c4", "nom de référence": "Porte de Saint-Ouen" }, "geometry": { "type": "Point", "coordinates": [ 2.32870996, 48.89677359 ] } },
{ "type": "Feature", "properties": { "start_date": "1931-03-27", "end_date": "2026-08-29", "nom": "Porte de Saint-Ouen", "lignes": [ "Ligne 13" ], "couleur": "#6EC4E8", "nom de référence": "Porte de Saint-Ouen" }, "geometry": { "type": "Point", "coordinates": [ 2.32870996, 48.89677359 ] } },
{ "type": "Feature", "properties": { "start_date": "1937-01-21", "end_date": "1976-11-09", "nom": "Porte de Vanves", "lignes": [ "Ligne 14 (ancienne)" ], "couleur": "#135e12", "nom de référence": "Porte de Vanves" }, "geometry": { "type": "Point", "coordinates": [ 2.305884361, 48.82794045 ] } },
{ "type": "Feature", "properties": { "start_date": "1976-11-09", "end_date": "2026-08-29", "nom": "Porte de Vanves", "lignes": [ "Ligne 13" ], "couleur": "#6EC4E8", "nom de référence": "Porte de Vanves" }, "geometry": { "type": "Point", "coordinates": [ 2.305884361, 48.82794045 ] } },
{ "type": "Feature", "properties": { "start_date": "1910-11-05", "end_date": "1931-03-27", "nom": "Porte de Versailles", "lignes": [ "Ligne A" ], "couleur": "#2b5439", "nom de référence": "Porte de Versailles" }, "geometry": { "type": "Point", "coordinates": [ 2.291597, 48.832639 ] } },
{ "type": "Feature", "properties": { "start_date": "1931-03-27", "end_date": "2026-08-29", "nom": "Porte de Versailles", "lignes": [ "Ligne 12" ], "couleur": "#007852", "nom de référence": "Porte de Versailles" }, "geometry": { "type": "Point", "coordinates": [ 2.287841, 48.832328 ] } },
{ "type": "Feature", "properties": { "start_date": "1900-07-19", "end_date": "2026-08-29", "nom": "Porte de Vincenne", "lignes": [ "Ligne 1" ], "couleur": "#FFCD00", "nom de référence": "Porte de Vincenne" }, "geometry": { "type": "Point", "coordinates": [ 2.408883525, 48.84726571 ] } },
{ "type": "Feature", "properties": { "start_date": "1921-11-27", "end_date": "1935-04-28", "nom": "Porte des Lilas", "lignes": [ "Ligne 3", "Voie des Fêtes et voie navette" ], "couleur": "#D8D8B9", "nom de référence": "Porte des Lilas" }, "geometry": { "type": "Point", "coordinates": [ 2.406655, 48.877183 ] } },
{ "type": "Feature", "properties": { "start_date": "1935-04-28", "end_date": "1939-09-03", "nom": "Porte des Lilas", "lignes": [ "Ligne 11", "Ligne 3", "Voie des Fêtes et voie navette" ], "couleur": "#D8D8B9", "nom de référence": "Porte des Lilas" }, "geometry": { "type": "Point", "coordinates": [ 2.406655, 48.877183 ] } },
{ "type": "Feature", "properties": { "start_date": "1939-09-03", "end_date": "1971-03-27", "nom": "Porte des Lilas", "lignes": [ "Ligne 11", "Ligne 3" ], "couleur": "#D8D8B9", "nom de référence": "Porte des Lilas" }, "geometry": { "type": "Point", "coordinates": [ 2.406655, 48.877183 ] } },
{ "type": "Feature", "properties": { "start_date": "1971-03-27", "end_date": "2026-08-29", "nom": "Porte des Lilas", "lignes": [ "Ligne 11", "Ligne 3 bis" ], "couleur": "#D8D8B9", "nom de référence": "Porte des Lilas" }, "geometry": { "type": "Point", "coordinates": [ 2.406655, 48.877183 ] } },
{ "type": "Feature", "properties": { "start_date": "1931-05-05", "end_date": "2026-08-29", "nom": "Porte Dorée", "lignes": [ "Ligne 8" ], "couleur": "#E19BDF", "nom de référence": "Porte Dorée" }, "geometry": { "type": "Point", "coordinates": [ 2.406099737, 48.83548144 ] } },
{ "type": "Feature", "properties": { "start_date": "1900-07-19", "end_date": "1937-04-27", "nom": "Porte Maillot", "lignes": [ "Ligne 1" ], "couleur": "#FFCD00", "nom de référence": "Porte Maillot" }, "geometry": { "type": "Point", "coordinates": [ 2.287167, 48.877366 ] } },
{ "type": "Feature", "properties": { "start_date": "1937-04-27", "end_date": "2026-08-29", "nom": "Porte Maillot", "lignes": [ "Ligne 1" ], "couleur": "#FFCD00", "nom de référence": "Porte Maillot" }, "geometry": { "type": "Point", "coordinates": [ 2.281836173, 48.8779645 ] } },
{ "type": "Feature", "properties": { "start_date": "1911-01-18", "end_date": "1967-12-03", "nom": "Pré-Saint-Gervais", "lignes": [ "Ligne 7" ], "couleur": "#FA9ABA", "nom de référence": "Pré-Saint-Gervais" }, "geometry": { "type": "Point", "coordinates": [ 2.398914099, 48.8802502 ] } },
{ "type": "Feature", "properties": { "start_date": "1967-12-03", "end_date": "2026-08-29", "nom": "Pré-Saint-Gervais", "lignes": [ "Ligne 7 bis" ], "couleur": "#6ECA97", "nom de référence": "Pré-Saint-Gervais" }, "geometry": { "type": "Point", "coordinates": [ 2.398914099, 48.8802502 ] } },
{ "type": "Feature", "properties": { "start_date": "1916-07-01", "end_date": "1998-10-15", "nom": "Pyramides", "lignes": [ "Ligne 7" ], "couleur": "#FA9ABA", "nom de référence": "Pyramides" }, "geometry": { "type": "Point", "coordinates": [ 2.333665066, 48.8669463 ] } },
{ "type": "Feature", "properties": { "start_date": "1998-10-15", "end_date": "2026-08-29", "nom": "Pyramides", "lignes": [ "Ligne 14", "Ligne 7" ], "couleur": "#D8D8B9", "nom de référence": "Pyramides" }, "geometry": { "type": "Point", "coordinates": [ 2.333665066, 48.8669463 ] } },
{ "type": "Feature", "properties": { "start_date": "1935-04-28", "end_date": "2026-08-29", "nom": "Pyrénées", "lignes": [ "Ligne 11" ], "couleur": "#704B1C", "nom de référence": "Pyrénées" }, "geometry": { "type": "Point", "coordinates": [ 2.385258973, 48.87387501 ] } },
{ "type": "Feature", "properties": { "start_date": "1909-03-01", "end_date": "2026-08-29", "nom": "Quai de la Gare", "lignes": [ "Ligne 6" ], "couleur": "#6ECA97", "nom de référence": "Quai de la Gare" }, "geometry": { "type": "Point", "coordinates": [ 2.372773, 48.837069 ] } },
{ "type": "Feature", "properties": { "start_date": "1906-07-13", "end_date": "1907-10-15", "nom": "Place Mazas", "lignes": [ "Ligne 5" ], "couleur": "#FF7E2E", "nom de référence": "Quai de la Rapée" }, "geometry": { "type": "Point", "coordinates": [ 2.365826368, 48.84653927 ] } },
{ "type": "Feature", "properties": { "start_date": "1907-10-15", "end_date": "1916-06-01", "nom": "Pont d'Austerlitz", "lignes": [ "Ligne 5" ], "couleur": "#FF7E2E", "nom de référence": "Quai de la Rapée" }, "geometry": { "type": "Point", "coordinates": [ 2.365826368, 48.84653927 ] } },
{ "type": "Feature", "properties": { "start_date": "1916-06-01", "end_date": "2026-08-29", "nom": "Quai de la Rapée", "lignes": [ "Ligne 5" ], "couleur": "#FF7E2E", "nom de référence": "Quai de la Rapée" }, "geometry": { "type": "Point", "coordinates": [ 2.365826368, 48.84653927 ] } },
{ "type": "Feature", "properties": { "start_date": "1904-11-03", "end_date": "2026-08-29", "nom": "Quatre-Septembre", "lignes": [ "Ligne 3" ], "couleur": "#837902", "nom de référence": "Quatre-Septembre" }, "geometry": { "type": "Point", "coordinates": [ 2.336633, 48.869574 ] } },
{ "type": "Feature", "properties": { "start_date": "1935-04-28", "end_date": "2026-08-29", "nom": "Rambuteau", "lignes": [ "Ligne 11" ], "couleur": "#704B1C", "nom de référence": "Rambuteau" }, "geometry": { "type": "Point", "coordinates": [ 2.353905, 48.861951 ] } },
{ "type": "Feature", "properties": { "start_date": "1922-11-08", "end_date": "2026-08-29", "nom": "Ranelagh", "lignes": [ "Ligne 9" ], "couleur": "#B6BD00", "nom de référence": "Ranelagh" }, "geometry": { "type": "Point", "coordinates": [ 2.269634306, 48.85501987 ] } },
{ "type": "Feature", "properties": { "start_date": "1906-04-24", "end_date": "1907-10-17", "nom": "Raspail", "lignes": [ "Ligne 2 Sud" ], "couleur": "#ab1f07", "nom de référence": "Raspail" }, "geometry": { "type": "Point", "coordinates": [ 2.330606282, 48.83919413 ] } },
{ "type": "Feature", "properties": { "start_date": "1907-10-17", "end_date": "1909-10-30", "nom": "Raspail", "lignes": [ "Ligne 5" ], "couleur": "#FF7E2E", "nom de référence": "Raspail" }, "geometry": { "type": "Point", "coordinates": [ 2.330606282, 48.83919413 ] } },
{ "type": "Feature", "properties": { "start_date": "1909-10-30", "end_date": "1942-10-06", "nom": "Raspail", "lignes": [ "Ligne 4", "Ligne 5" ], "couleur": "#D8D8B9", "nom de référence": "Raspail" }, "geometry": { "type": "Point", "coordinates": [ 2.330606282, 48.83919413 ] } },
{ "type": "Feature", "properties": { "start_date": "1942-10-06", "end_date": "2026-08-29", "nom": "Raspail", "lignes": [ "Ligne 4", "Ligne 6" ], "couleur": "#D8D8B9", "nom de référence": "Raspail" }, "geometry": { "type": "Point", "coordinates": [ 2.330606282, 48.83919413 ] } },
{ "type": "Feature", "properties": { "start_date": "1904-11-19", "end_date": "1907-10-15", "nom": "Rue Saint-Denis", "lignes": [ "Ligne 3" ], "couleur": "#837902", "nom de référence": "Réaumur - Sébastopol" }, "geometry": { "type": "Point", "coordinates": [ 2.352388501, 48.86624629 ] } },
{ "type": "Feature", "properties": { "start_date": "1907-10-15", "end_date": "1908-04-21", "nom": "Réaumur - Sébastopol", "lignes": [ "Ligne 3" ], "couleur": "#837902", "nom de référence": "Réaumur - Sébastopol" }, "geometry": { "type": "Point", "coordinates": [ 2.352388501, 48.86624629 ] } },
{ "type": "Feature", "properties": { "start_date": "1908-04-21", "end_date": "2026-08-29", "nom": "Réaumur - Sébastopol", "lignes": [ "Ligne 3", "Ligne 4" ], "couleur": "#D8D8B9", "nom de référence": "Réaumur - Sébastopol" }, "geometry": { "type": "Point", "coordinates": [ 2.352388501, 48.86624629 ] } },
{ "type": "Feature", "properties": { "start_date": "1910-11-05", "end_date": "1931-03-27", "nom": "Rennes", "lignes": [ "Ligne A" ], "couleur": "#2b5439", "nom de référence": "Rennes" }, "geometry": { "type": "Point", "coordinates": [ 2.32776314, 48.84819314 ] } },
{ "type": "Feature", "properties": { "start_date": "1931-03-27", "end_date": "1939-09-03", "nom": "Rennes", "lignes": [ "Ligne 12" ], "couleur": "#007852", "nom de référence": "Rennes" }, "geometry": { "type": "Point", "coordinates": [ 2.32776314, 48.84819314 ] } },
{ "type": "Feature", "properties": { "start_date": "1968-05-20", "end_date": "2026-08-29", "nom": "Rennes", "lignes": [ "Ligne 12" ], "couleur": "#007852", "nom de référence": "Rennes" }, "geometry": { "type": "Point", "coordinates": [ 2.32776314, 48.84819314 ] } },
{ "type": "Feature", "properties": { "start_date": "1904-10-19", "end_date": "1907-11-15", "nom": "République", "lignes": [ "Ligne 3" ], "couleur": "#837902", "nom de référence": "République" }, "geometry": { "type": "Point", "coordinates": [ 2.363811, 48.867503 ] } },
{ "type": "Feature", "properties": { "start_date": "1907-11-15", "end_date": "1931-05-05", "nom": "République", "lignes": [ "Ligne 3", "Ligne 5" ], "couleur": "#D8D8B9", "nom de référence": "République" }, "geometry": { "type": "Point", "coordinates": [ 2.363811, 48.867503 ] } },
{ "type": "Feature", "properties": { "start_date": "1931-05-05", "end_date": "1933-12-10", "nom": "République", "lignes": [ "Ligne 3", "Ligne 5", "Ligne 8" ], "couleur": "#D8D8B9", "nom de référence": "République" }, "geometry": { "type": "Point", "coordinates": [ 2.363811, 48.867503 ] } },
{ "type": "Feature", "properties": { "start_date": "1933-12-10", "end_date": "1935-04-28", "nom": "République", "lignes": [ "Ligne 3", "Ligne 5", "Ligne 8", "Ligne 9" ], "couleur": "#D8D8B9", "nom de référence": "République" }, "geometry": { "type": "Point", "coordinates": [ 2.363811, 48.867503 ] } },
{ "type": "Feature", "properties": { "start_date": "1935-04-28", "end_date": "2026-08-29", "nom": "République", "lignes": [ "Ligne 11", "Ligne 3", "Ligne 5", "Ligne 8", "Ligne 9" ], "couleur": "#D8D8B9", "nom de référence": "République" }, "geometry": { "type": "Point", "coordinates": [ 2.363811, 48.867503 ] } },
{ "type": "Feature", "properties": { "start_date": "1900-08-20", "end_date": "1931-05-05", "nom": "Reuilly", "lignes": [ "Ligne 1" ], "couleur": "#FFCD00", "nom de référence": "Reuilly - Diderot" }, "geometry": { "type": "Point", "coordinates": [ 2.386702, 48.847265 ] } },
{ "type": "Feature", "properties": { "start_date": "1931-05-05", "end_date": "2026-08-29", "nom": "Reuilly - Diderot", "lignes": [ "Ligne 1", "Ligne 8" ], "couleur": "#D8D8B9", "nom de référence": "Reuilly - Diderot" }, "geometry": { "type": "Point", "coordinates": [ 2.386702, 48.847265 ] } },
{ "type": "Feature", "properties": { "start_date": "1906-12-17", "end_date": "2026-08-29", "nom": "Richard-Lenoir", "lignes": [ "Ligne 5" ], "couleur": "#FF7E2E", "nom de référence": "Richard-Lenoir" }, "geometry": { "type": "Point", "coordinates": [ 2.371843, 48.859772 ] } },
{ "type": "Feature", "properties": { "start_date": "1928-06-30", "end_date": "2026-08-29", "nom": "Richelieu - Drouot", "lignes": [ "Ligne 8", "Ligne 9" ], "couleur": "#D8D8B9", "nom de référence": "Richelieu - Drouot" }, "geometry": { "type": "Point", "coordinates": [ 2.338741422, 48.87198735 ] } },
{ "type": "Feature", "properties": { "start_date": "1910-11-05", "end_date": "2026-08-29", "nom": "Riquet", "lignes": [ "Ligne 7" ], "couleur": "#FA9ABA", "nom de référence": "Riquet" }, "geometry": { "type": "Point", "coordinates": [ 2.373577952, 48.88788032 ] } },
{ "type": "Feature", "properties": { "start_date": "1937-10-14", "end_date": "2026-08-29", "nom": "Robespierre", "lignes": [ "Ligne 9" ], "couleur": "#B6BD00", "nom de référence": "Robespierre" }, "geometry": { "type": "Point", "coordinates": [ 2.423678, 48.855683 ] } },
{ "type": "Feature", "properties": { "start_date": "1902-11-06", "end_date": "2026-08-29", "nom": "Rome", "lignes": [ "Ligne 2" ], "couleur": "#003CA6", "nom de référence": "Rome" }, "geometry": { "type": "Point", "coordinates": [ 2.322052, 48.882425 ] } },
{ "type": "Feature", "properties": { "start_date": "1922-11-08", "end_date": "2026-08-29", "nom": "Rue de la Pompe", "lignes": [ "Ligne 9" ], "couleur": "#B6BD00", "nom de référence": "Rue de la Pompe" }, "geometry": { "type": "Point", "coordinates": [ 2.279051542, 48.86391193 ] } },
{ "type": "Feature", "properties": { "start_date": "1933-12-10", "end_date": "1998-09-01", "nom": "Rue des Boulets - Rue de Montreuil", "lignes": [ "Ligne 9" ], "couleur": "#B6BD00", "nom de référence": "Rue des Boulets" }, "geometry": { "type": "Point", "coordinates": [ 2.390151322, 48.85181135 ] } },
{ "type": "Feature", "properties": { "start_date": "1998-09-01", "end_date": "2026-08-29", "nom": "Rue des Boulets", "lignes": [ "Ligne 9" ], "couleur": "#B6BD00", "nom de référence": "Rue des Boulets" }, "geometry": { "type": "Point", "coordinates": [ 2.390151322, 48.85181135 ] } },
{ "type": "Feature", "properties": { "start_date": "1910-11-05", "end_date": "1931-03-27", "nom": "Rue du Bac", "lignes": [ "Ligne A" ], "couleur": "#2b5439", "nom de référence": "Rue du Bac" }, "geometry": { "type": "Point", "coordinates": [ 2.325606644, 48.85569049 ] } },
{ "type": "Feature", "properties": { "start_date": "1931-03-27", "end_date": "2026-08-29", "nom": "Rue du Bac", "lignes": [ "Ligne 12" ], "couleur": "#007852", "nom de référence": "Rue du Bac" }, "geometry": { "type": "Point", "coordinates": [ 2.325606644, 48.85569049 ] } },
{ "type": "Feature", "properties": { "start_date": "1904-10-19", "end_date": "1998-09-01", "nom": "Saint-Maur", "lignes": [ "Ligne 3" ], "couleur": "#837902", "nom de référence": "Rue Saint-Maur" }, "geometry": { "type": "Point", "coordinates": [ 2.379448, 48.864335 ] } },
{ "type": "Feature", "properties": { "start_date": "1998-09-01", "end_date": "2026-08-29", "nom": "Rue Saint-Maur", "lignes": [ "Ligne 3" ], "couleur": "#837902", "nom de référence": "Rue Saint-Maur" }, "geometry": { "type": "Point", "coordinates": [ 2.379448, 48.864335 ] } },
{ "type": "Feature", "properties": { "start_date": "1933-12-10", "end_date": "2026-08-29", "nom": "Saint-Ambroise", "lignes": [ "Ligne 9" ], "couleur": "#B6BD00", "nom de référence": "Saint-Ambroise" }, "geometry": { "type": "Point", "coordinates": [ 2.374210954, 48.86129512 ] } },
{ "type": "Feature", "properties": { "start_date": "1923-05-27", "end_date": "2003-12-16", "nom": "Saint-Augustin", "lignes": [ "Ligne 9" ], "couleur": "#B6BD00", "nom de référence": "Saint-Augustin" }, "geometry": { "type": "Point", "coordinates": [ 2.322133183, 48.8744413 ] } },
{ "type": "Feature", "properties": { "start_date": "2003-12-16", "end_date": "2026-08-29", "nom": "Saint-Augustin", "lignes": [ "Couloirs", "Ligne 9" ], "couleur": "#D8D8B9", "nom de référence": "Saint-Augustin" }, "geometry": { "type": "Point", "coordinates": [ 2.322133183, 48.8744413 ] } },
{ "type": "Feature", "properties": { "start_date": "1976-06-20", "end_date": "2026-08-29", "nom": "Saint-Denis - Porte de Paris", "lignes": [ "Ligne 13" ], "couleur": "#6EC4E8", "nom de référence": "Saint-Denis - Porte de Paris" }, "geometry": { "type": "Point", "coordinates": [ 2.357769012, 48.93021104 ] } },
{ "type": "Feature", "properties": { "start_date": "1998-05-25", "end_date": "2026-08-29", "nom": "Saint-Denis - Université", "lignes": [ "Ligne 13" ], "couleur": "#6EC4E8", "nom de référence": "Saint-Denis - Université" }, "geometry": { "type": "Point", "coordinates": [ 2.363674, 48.945799 ] } },
{ "type": "Feature", "properties": { "start_date": "1921-11-27", "end_date": "1971-03-27", "nom": "Saint-Fargeau", "lignes": [ "Ligne 3" ], "couleur": "#837902", "nom de référence": "Saint-Fargeau" }, "geometry": { "type": "Point", "coordinates": [ 2.404519916, 48.87208261 ] } },
{ "type": "Feature", "properties": { "start_date": "1971-03-27", "end_date": "2026-08-29", "nom": "Saint-Fargeau", "lignes": [ "Ligne 3 bis" ], "couleur": "#6EC4E8", "nom de référence": "Saint-Fargeau" }, "geometry": { "type": "Point", "coordinates": [ 2.404519916, 48.87208261 ] } },
{ "type": "Feature", "properties": { "start_date": "1923-12-30", "end_date": "1937-07-27", "nom": "Saint-François-Xavier", "lignes": [ "Ligne 10" ], "couleur": "#C9910D", "nom de référence": "Saint-François-Xavier" }, "geometry": { "type": "Point", "coordinates": [ 2.314475477, 48.85195078 ] } },
{ "type": "Feature", "properties": { "start_date": "1937-07-27", "end_date": "1976-11-09", "nom": "Saint-François-Xavier", "lignes": [ "Ligne 14 (ancienne)" ], "couleur": "#135e12", "nom de référence": "Saint-François-Xavier" }, "geometry": { "type": "Point", "coordinates": [ 2.314475477, 48.85195078 ] } },
{ "type": "Feature", "properties": { "start_date": "1976-11-09", "end_date": "2026-08-29", "nom": "Saint-François-Xavier", "lignes": [ "Ligne 13" ], "couleur": "#6EC4E8", "nom de référence": "Saint-François-Xavier" }, "geometry": { "type": "Point", "coordinates": [ 2.314475477, 48.85195078 ] } },
{ "type": "Feature", "properties": { "start_date": "1911-04-08", "end_date": "1931-03-27", "nom": "Saint-Georges", "lignes": [ "Ligne A" ], "couleur": "#2b5439", "nom de référence": "Saint-Georges" }, "geometry": { "type": "Point", "coordinates": [ 2.337381542, 48.87844922 ] } },
{ "type": "Feature", "properties": { "start_date": "1931-03-27", "end_date": "2026-08-29", "nom": "Saint-Georges", "lignes": [ "Ligne 12" ], "couleur": "#007852", "nom de référence": "Saint-Georges" }, "geometry": { "type": "Point", "coordinates": [ 2.337381542, 48.87844922 ] } },
{ "type": "Feature", "properties": { "start_date": "1910-01-09", "end_date": "2026-08-29", "nom": "Saint-Germain-des-Prés", "lignes": [ "Ligne 4" ], "couleur": "#CF009E", "nom de référence": "Saint-Germain-des-Prés" }, "geometry": { "type": "Point", "coordinates": [ 2.333280444, 48.8537739 ] } },
{ "type": "Feature", "properties": { "start_date": "1906-04-24", "end_date": "1907-10-17", "nom": "Saint-Jacques", "lignes": [ "Ligne 2 Sud" ], "couleur": "#ab1f07", "nom de référence": "Saint-Jacques" }, "geometry": { "type": "Point", "coordinates": [ 2.337081134, 48.83291258 ] } },
{ "type": "Feature", "properties": { "start_date": "1907-10-17", "end_date": "1942-10-06", "nom": "Saint-Jacques", "lignes": [ "Ligne 5" ], "couleur": "#FF7E2E", "nom de référence": "Saint-Jacques" }, "geometry": { "type": "Point", "coordinates": [ 2.337081134, 48.83291258 ] } },
{ "type": "Feature", "properties": { "start_date": "1942-10-06", "end_date": "2026-08-29", "nom": "Saint-Jacques", "lignes": [ "Ligne 6" ], "couleur": "#6ECA97", "nom de référence": "Saint-Jacques" }, "geometry": { "type": "Point", "coordinates": [ 2.337081134, 48.83291258 ] } },
{ "type": "Feature", "properties": { "start_date": "1904-10-19", "end_date": "1910-11-05", "nom": "Saint-Lazare", "lignes": [ "Ligne 3" ], "couleur": "#837902", "nom de référence": "Saint-Lazare" }, "geometry": { "type": "Point", "coordinates": [ 2.326185659, 48.87557787 ] } },
{ "type": "Feature", "properties": { "start_date": "1910-11-05", "end_date": "1911-02-26", "nom": "Saint-Lazare", "lignes": [ "Ligne 3", "Ligne A" ], "couleur": "#D8D8B9", "nom de référence": "Saint-Lazare" }, "geometry": { "type": "Point", "coordinates": [ 2.326185659, 48.87557787 ] } },
{ "type": "Feature", "properties": { "start_date": "1911-02-26", "end_date": "1931-03-27", "nom": "Saint-Lazare", "lignes": [ "Ligne 3", "Ligne A", "Ligne B" ], "couleur": "#D8D8B9", "nom de référence": "Saint-Lazare" }, "geometry": { "type": "Point", "coordinates": [ 2.326185659, 48.87557787 ] } },
{ "type": "Feature", "properties": { "start_date": "1931-03-27", "end_date": "2003-12-16", "nom": "Saint-Lazare", "lignes": [ "Ligne 12", "Ligne 13", "Ligne 3" ], "couleur": "#D8D8B9", "nom de référence": "Saint-Lazare" }, "geometry": { "type": "Point", "coordinates": [ 2.326185659, 48.87557787 ] } },
{ "type": "Feature", "properties": { "start_date": "2003-12-16", "end_date": "2026-08-29", "nom": "Saint-Lazare", "lignes": [ "Couloirs", "Ligne 12", "Ligne 13", "Ligne 14", "Ligne 3" ], "couleur": "#D8D8B9", "nom de référence": "Saint-Lazare" }, "geometry": { "type": "Point", "coordinates": [ 2.326185659, 48.87557787 ] } },
{ "type": "Feature", "properties": { "start_date": "1934-03-24", "end_date": "1937-04-26", "nom": "Tourelle", "lignes": [ "Ligne 1" ], "couleur": "#FFCD00", "nom de référence": "Saint-Mandé" }, "geometry": { "type": "Point", "coordinates": [ 2.418673101, 48.84629776 ] } },
{ "type": "Feature", "properties": { "start_date": "1937-04-26", "end_date": "2002-07-16", "nom": "Saint-Mandé", "lignes": [ "Ligne 1" ], "couleur": "#FFCD00", "nom de référence": "Saint-Mandé" }, "geometry": { "type": "Point", "coordinates": [ 2.418673101, 48.84629776 ] } },
{ "type": "Feature", "properties": { "start_date": "2002-07-16", "end_date": "2026-08-29", "nom": "Saint-Mandé - Tourelle", "lignes": [ "Ligne 1" ], "couleur": "#FFCD00", "nom de référence": "Saint-Mandé" }, "geometry": { "type": "Point", "coordinates": [ 2.418673101, 48.84629776 ] } },
{ "type": "Feature", "properties": { "start_date": "1906-06-02", "end_date": "2026-08-29", "nom": "Saint-Marcel", "lignes": [ "Ligne 5" ], "couleur": "#FF7E2E", "nom de référence": "Saint-Marcel" }, "geometry": { "type": "Point", "coordinates": [ 2.360416353, 48.83798838 ] } },
{ "type": "Feature", "properties": { "start_date": "1931-05-05", "end_date": "1933-12-10", "nom": "Saint-Martin", "lignes": [ "Ligne 8" ], "couleur": "#E19BDF", "nom de référence": "Saint-Martin" }, "geometry": { "type": "Point", "coordinates": [ 2.358661, 48.86844 ] } },
{ "type": "Feature", "properties": { "start_date": "1933-12-10", "end_date": "1939-09-02", "nom": "Saint-Martin", "lignes": [ "Ligne 8", "Ligne 9" ], "couleur": "#D8D8B9", "nom de référence": "Saint-Martin" }, "geometry": { "type": "Point", "coordinates": [ 2.358661, 48.86844 ] } },
{ "type": "Feature", "properties": { "start_date": "1939-09-02", "end_date": "1939-09-03", "nom": "Saint-Martin", "lignes": [ "Ligne 8" ], "couleur": "#E19BDF", "nom de référence": "Saint-Martin" }, "geometry": { "type": "Point", "coordinates": [ 2.358661, 48.86844 ] } },
{ "type": "Feature", "properties": { "start_date": "1910-07-09", "end_date": "2026-08-29", "nom": "Saint-Michel", "lignes": [ "Ligne 4" ], "couleur": "#CF009E", "nom de référence": "Saint-Michel" }, "geometry": { "type": "Point", "coordinates": [ 2.343928814, 48.85365036 ] } },
{ "type": "Feature", "properties": { "start_date": "1900-08-06", "end_date": "2026-08-29", "nom": "Saint-Paul", "lignes": [ "Ligne 1" ], "couleur": "#FFCD00", "nom de référence": "Saint-Paul" }, "geometry": { "type": "Point", "coordinates": [ 2.360653354, 48.8551436 ] } },
{ "type": "Feature", "properties": { "start_date": "1923-05-27", "end_date": "2026-08-29", "nom": "Saint-Philippe du Roule", "lignes": [ "Ligne 9" ], "couleur": "#B6BD00", "nom de référence": "Saint-Philippe du Roule" }, "geometry": { "type": "Point", "coordinates": [ 2.310036421, 48.87194148 ] } },
{ "type": "Feature", "properties": { "start_date": "1910-01-09", "end_date": "1913-11-15", "nom": "Vaugirard", "lignes": [ "Ligne 4" ], "couleur": "#CF009E", "nom de référence": "Saint-Placide" }, "geometry": { "type": "Point", "coordinates": [ 2.32691288, 48.84684463 ] } },
{ "type": "Feature", "properties": { "start_date": "1913-11-15", "end_date": "2026-08-29", "nom": "Saint-Placide", "lignes": [ "Ligne 4" ], "couleur": "#CF009E", "nom de référence": "Saint-Placide" }, "geometry": { "type": "Point", "coordinates": [ 2.32691288, 48.84684463 ] } },
{ "type": "Feature", "properties": { "start_date": "1931-05-05", "end_date": "1932-01-12", "nom": "Saint-Sébastien", "lignes": [ "Ligne 8" ], "couleur": "#E19BDF", "nom de référence": "Saint-Sébastien - Froissart" }, "geometry": { "type": "Point", "coordinates": [ 2.36735791, 48.86047987 ] } },
{ "type": "Feature", "properties": { "start_date": "1932-01-12", "end_date": "2026-08-29", "nom": "Saint-Sébastien - Froissart", "lignes": [ "Ligne 8" ], "couleur": "#E19BDF", "nom de référence": "Saint-Sébastien - Froissart" }, "geometry": { "type": "Point", "coordinates": [ 2.36735791, 48.86047987 ] } },
{ "type": "Feature", "properties": { "start_date": "1910-01-09", "end_date": "2026-08-29", "nom": "Saint-Sulpice", "lignes": [ "Ligne 4" ], "couleur": "#CF009E", "nom de référence": "Saint-Sulpice" }, "geometry": { "type": "Point", "coordinates": [ 2.330651879, 48.85090947 ] } },
{ "type": "Feature", "properties": { "start_date": "1937-09-29", "end_date": "2026-08-29", "nom": "Ségur", "lignes": [ "Ligne 10" ], "couleur": "#C9910D", "nom de référence": "Ségur" }, "geometry": { "type": "Point", "coordinates": [ 2.306852639, 48.84743417 ] } },
{ "type": "Feature", "properties": { "start_date": "1904-11-20", "end_date": "2026-08-29", "nom": "Sentier", "lignes": [ "Ligne 3" ], "couleur": "#837902", "nom de référence": "Sentier" }, "geometry": { "type": "Point", "coordinates": [ 2.346387, 48.867569 ] } },
{ "type": "Feature", "properties": { "start_date": "1910-11-05", "end_date": "1923-12-30", "nom": "Sèvres - Croix-Rouge", "lignes": [ "Ligne A" ], "couleur": "#2b5439", "nom de référence": "Sèvres - Babylone" }, "geometry": { "type": "Point", "coordinates": [ 2.326655388, 48.85150955 ] } },
{ "type": "Feature", "properties": { "start_date": "1923-12-30", "end_date": "1931-03-27", "nom": "Sèvres - Babylone", "lignes": [ "Ligne 10", "Ligne A" ], "couleur": "#D8D8B9", "nom de référence": "Sèvres - Babylone" }, "geometry": { "type": "Point", "coordinates": [ 2.326655388, 48.85150955 ] } },
{ "type": "Feature", "properties": { "start_date": "1931-03-27", "end_date": "2026-08-29", "nom": "Sèvres - Babylone", "lignes": [ "Ligne 10", "Ligne 12" ], "couleur": "#D8D8B9", "nom de référence": "Sèvres - Babylone" }, "geometry": { "type": "Point", "coordinates": [ 2.326655388, 48.85150955 ] } },
{ "type": "Feature", "properties": { "start_date": "1906-04-24", "end_date": "1907-10-15", "nom": "Avenue de Suffren", "lignes": [ "Ligne 2 Sud" ], "couleur": "#ab1f07", "nom de référence": "Sèvres - Lecourbe" }, "geometry": { "type": "Point", "coordinates": [ 2.309475839, 48.84563376 ] } },
{ "type": "Feature", "properties": { "start_date": "1907-10-15", "end_date": "1907-10-17", "nom": "Rue de Sèvres", "lignes": [ "Ligne 2 Sud" ], "couleur": "#ab1f07", "nom de référence": "Sèvres - Lecourbe" }, "geometry": { "type": "Point", "coordinates": [ 2.309475839, 48.84563376 ] } },
{ "type": "Feature", "properties": { "start_date": "1907-10-17", "end_date": "1913-11-01", "nom": "Rue de Sèvres", "lignes": [ "Ligne 5" ], "couleur": "#FF7E2E", "nom de référence": "Sèvres - Lecourbe" }, "geometry": { "type": "Point", "coordinates": [ 2.309475839, 48.84563376 ] } },
{ "type": "Feature", "properties": { "start_date": "1913-11-01", "end_date": "1942-10-06", "nom": "Sèvres - Lecourbe", "lignes": [ "Ligne 5" ], "couleur": "#FF7E2E", "nom de référence": "Sèvres - Lecourbe" }, "geometry": { "type": "Point", "coordinates": [ 2.309475839, 48.84563376 ] } },
{ "type": "Feature", "properties": { "start_date": "1942-10-06", "end_date": "2026-08-29", "nom": "Sèvres - Lecourbe", "lignes": [ "Ligne 6" ], "couleur": "#6ECA97", "nom de référence": "Sèvres - Lecourbe" }, "geometry": { "type": "Point", "coordinates": [ 2.309475839, 48.84563376 ] } },
{ "type": "Feature", "properties": { "start_date": "1908-04-21", "end_date": "2026-08-29", "nom": "Simplon", "lignes": [ "Ligne 4" ], "couleur": "#CF009E", "nom de référence": "Simplon" }, "geometry": { "type": "Point", "coordinates": [ 2.347091065, 48.89463269 ] } },
{ "type": "Feature", "properties": { "start_date": "1910-11-05", "end_date": "1931-03-27", "nom": "Solférino", "lignes": [ "Ligne A" ], "couleur": "#2b5439", "nom de référence": "Solférino" }, "geometry": { "type": "Point", "coordinates": [ 2.323224843, 48.85824935 ] } },
{ "type": "Feature", "properties": { "start_date": "1931-03-27", "end_date": "2026-08-29", "nom": "Solférino", "lignes": [ "Ligne 12" ], "couleur": "#007852", "nom de référence": "Solférino" }, "geometry": { "type": "Point", "coordinates": [ 2.323224843, 48.85824935 ] } },
{ "type": "Feature", "properties": { "start_date": "1903-01-31", "end_date": "1910-11-05", "nom": "Aubervilliers - Boulevard de la Villette", "lignes": [ "Ligne 2" ], "couleur": "#003CA6", "nom de référence": "Stalingrad" }, "geometry": { "type": "Point", "coordinates": [ 2.365823686, 48.88426295 ] } },
{ "type": "Feature", "properties": { "start_date": "1910-11-05", "end_date": "1942-10-12", "nom": "Aubervilliers - Boulevard de la Villette", "lignes": [ "Ligne 2", "Ligne 7" ], "couleur": "#D8D8B9", "nom de référence": "Stalingrad" }, "geometry": { "type": "Point", "coordinates": [ 2.365823686, 48.88426295 ] } },
{ "type": "Feature", "properties": { "start_date": "1942-10-12", "end_date": "1946-02-10", "nom": "Aubervilliers - Boulevard de la Villette", "lignes": [ "Ligne 2", "Ligne 5", "Ligne 7" ], "couleur": "#D8D8B9", "nom de référence": "Stalingrad" }, "geometry": { "type": "Point", "coordinates": [ 2.365823686, 48.88426295 ] } },
{ "type": "Feature", "properties": { "start_date": "1946-02-10", "end_date": "2026-08-29", "nom": "Stalingrad", "lignes": [ "Ligne 2", "Ligne 5", "Ligne 7" ], "couleur": "#D8D8B9", "nom de référence": "Stalingrad" }, "geometry": { "type": "Point", "coordinates": [ 2.365823686, 48.88426295 ] } },
{ "type": "Feature", "properties": { "start_date": "1908-04-21", "end_date": "1931-05-05", "nom": "Boulevard Saint-Denis", "lignes": [ "Ligne 4" ], "couleur": "#CF009E", "nom de référence": "Strasbourg - Saint-Denis" }, "geometry": { "type": "Point", "coordinates": [ 2.354008555, 48.8695915 ] } },
{ "type": "Feature", "properties": { "start_date": "1931-05-05", "end_date": "1933-12-10", "nom": "Strasbourg - Saint-Denis", "lignes": [ "Ligne 4", "Ligne 8" ], "couleur": "#D8D8B9", "nom de référence": "Strasbourg - Saint-Denis" }, "geometry": { "type": "Point", "coordinates": [ 2.354008555, 48.8695915 ] } },
{ "type": "Feature", "properties": { "start_date": "1933-12-10", "end_date": "2026-08-29", "nom": "Strasbourg - Saint-Denis", "lignes": [ "Ligne 4", "Ligne 8", "Ligne 9" ], "couleur": "#D8D8B9", "nom de référence": "Strasbourg - Saint-Denis" }, "geometry": { "type": "Point", "coordinates": [ 2.354008555, 48.8695915 ] } },
{ "type": "Feature", "properties": { "start_date": "1930-06-03", "end_date": "2026-08-29", "nom": "Sully - Morland", "lignes": [ "Ligne 7" ], "couleur": "#FA9ABA", "nom de référence": "Sully - Morland" }, "geometry": { "type": "Point", "coordinates": [ 2.36189425, 48.85142483 ] } },
{ "type": "Feature", "properties": { "start_date": "1935-04-28", "end_date": "2026-08-29", "nom": "Télégraphe", "lignes": [ "Ligne 11" ], "couleur": "#704B1C", "nom de référence": "Télégraphe" }, "geometry": { "type": "Point", "coordinates": [ 2.398433983, 48.87546271 ] } },
{ "type": "Feature", "properties": { "start_date": "1904-10-19", "end_date": "2026-08-29", "nom": "Temple", "lignes": [ "Ligne 3" ], "couleur": "#837902", "nom de référence": "Temple" }, "geometry": { "type": "Point", "coordinates": [ 2.360595, 48.866488 ] } },
{ "type": "Feature", "properties": { "start_date": "1902-10-07", "end_date": "2026-08-29", "nom": "Ternes", "lignes": [ "Ligne 2" ], "couleur": "#003CA6", "nom de référence": "Ternes" }, "geometry": { "type": "Point", "coordinates": [ 2.298671, 48.878178 ] } },
{ "type": "Feature", "properties": { "start_date": "1930-03-07", "end_date": "1931-04-26", "nom": "Tolbiac", "lignes": [ "Ligne 10" ], "couleur": "#C9910D", "nom de référence": "Tolbiac" }, "geometry": { "type": "Point", "coordinates": [ 2.357678, 48.826665 ] } },
{ "type": "Feature", "properties": { "start_date": "1931-04-26", "end_date": "2026-08-29", "nom": "Tolbiac", "lignes": [ "Ligne 7" ], "couleur": "#FA9ABA", "nom de référence": "Tolbiac" }, "geometry": { "type": "Point", "coordinates": [ 2.357678, 48.826665 ] } },
{ "type": "Feature", "properties": { "start_date": "1910-11-05", "end_date": "1931-03-27", "nom": "Trinité - d'Estienne d'Orves", "lignes": [ "Ligne A" ], "couleur": "#2b5439", "nom de référence": "Trinité - d'Estienne d'Orves" }, "geometry": { "type": "Point", "coordinates": [ 2.333197296, 48.87630241 ] } },
{ "type": "Feature", "properties": { "start_date": "1931-03-27", "end_date": "2026-08-29", "nom": "Trinité - d'Estienne d'Orves", "lignes": [ "Ligne 12" ], "couleur": "#007852", "nom de référence": "Trinité - d'Estienne d'Orves" }, "geometry": { "type": "Point", "coordinates": [ 2.333197296, 48.87630241 ] } },
{ "type": "Feature", "properties": { "start_date": "1900-10-02", "end_date": "1903-11-05", "nom": "Trocadéro", "lignes": [ "Ligne 1" ], "couleur": "#FFCD00", "nom de référence": "Trocadéro" }, "geometry": { "type": "Point", "coordinates": [ 2.287060618, 48.86330141 ] } },
{ "type": "Feature", "properties": { "start_date": "1903-11-05", "end_date": "1907-10-17", "nom": "Trocadéro", "lignes": [ "Ligne 2 Sud" ], "couleur": "#ab1f07", "nom de référence": "Trocadéro" }, "geometry": { "type": "Point", "coordinates": [ 2.287060618, 48.86330141 ] } },
{ "type": "Feature", "properties": { "start_date": "1907-10-17", "end_date": "1922-11-08", "nom": "Trocadéro", "lignes": [ "Ligne 5" ], "couleur": "#FF7E2E", "nom de référence": "Trocadéro" }, "geometry": { "type": "Point", "coordinates": [ 2.287060618, 48.86330141 ] } },
{ "type": "Feature", "properties": { "start_date": "1922-11-08", "end_date": "1942-10-06", "nom": "Trocadéro", "lignes": [ "Ligne 5", "Ligne 9" ], "couleur": "#D8D8B9", "nom de référence": "Trocadéro" }, "geometry": { "type": "Point", "coordinates": [ 2.287060618, 48.86330141 ] } },
{ "type": "Feature", "properties": { "start_date": "1942-10-06", "end_date": "2026-08-29", "nom": "Trocadéro", "lignes": [ "Ligne 6", "Ligne 9" ], "couleur": "#D8D8B9", "nom de référence": "Trocadéro" }, "geometry": { "type": "Point", "coordinates": [ 2.287060618, 48.86330141 ] } },
{ "type": "Feature", "properties": { "start_date": "1900-07-19", "end_date": "2026-08-29", "nom": "Tuileries", "lignes": [ "Ligne 1" ], "couleur": "#FFCD00", "nom de référence": "Tuileries" }, "geometry": { "type": "Point", "coordinates": [ 2.33031418, 48.8644971 ] } },
{ "type": "Feature", "properties": { "start_date": "1923-12-30", "end_date": "2026-08-29", "nom": "Vaneau", "lignes": [ "Ligne 10" ], "couleur": "#C9910D", "nom de référence": "Vaneau" }, "geometry": { "type": "Point", "coordinates": [ 2.321205, 48.848811 ] } },
{ "type": "Feature", "properties": { "start_date": "1923-12-30", "end_date": "1937-07-27", "nom": "Varenne", "lignes": [ "Ligne 10" ], "couleur": "#C9910D", "nom de référence": "Varenne" }, "geometry": { "type": "Point", "coordinates": [ 2.314920723, 48.85623757 ] } },
{ "type": "Feature", "properties": { "start_date": "1937-07-27", "end_date": "1939-09-03", "nom": "Varenne", "lignes": [ "Ligne 14 (ancienne)" ], "couleur": "#135e12", "nom de référence": "Varenne" }, "geometry": { "type": "Point", "coordinates": [ 2.314920723, 48.85623757 ] } },
{ "type": "Feature", "properties": { "start_date": "1962-12-24", "end_date": "1976-11-09", "nom": "Varenne", "lignes": [ "Ligne 14 (ancienne)" ], "couleur": "#135e12", "nom de référence": "Varenne" }, "geometry": { "type": "Point", "coordinates": [ 2.314920723, 48.85623757 ] } },
{ "type": "Feature", "properties": { "start_date": "1976-11-09", "end_date": "2026-08-29", "nom": "Varenne", "lignes": [ "Ligne 13" ], "couleur": "#6EC4E8", "nom de référence": "Varenne" }, "geometry": { "type": "Point", "coordinates": [ 2.314920723, 48.85623757 ] } },
{ "type": "Feature", "properties": { "start_date": "1910-11-05", "end_date": "1931-03-27", "nom": "Vaugirard", "lignes": [ "Ligne A" ], "couleur": "#2b5439", "nom de référence": "Vaugirard" }, "geometry": { "type": "Point", "coordinates": [ 2.301491, 48.839649 ] } },
{ "type": "Feature", "properties": { "start_date": "1931-03-27", "end_date": "2026-08-29", "nom": "Vaugirard", "lignes": [ "Ligne 12" ], "couleur": "#007852", "nom de référence": "Vaugirard" }, "geometry": { "type": "Point", "coordinates": [ 2.301491, 48.839649 ] } },
{ "type": "Feature", "properties": { "start_date": "1910-01-09", "end_date": "2026-08-29", "nom": "Vavin", "lignes": [ "Ligne 4" ], "couleur": "#CF009E", "nom de référence": "Vavin" }, "geometry": { "type": "Point", "coordinates": [ 2.328948677, 48.84223223 ] } },
{ "type": "Feature", "properties": { "start_date": "1900-12-13", "end_date": "1931-01-01", "nom": "Victor Hugo", "lignes": [ "Ligne 2" ], "couleur": "#003CA6", "nom de référence": "Victor Hugo" }, "geometry": { "type": "Point", "coordinates": [ 2.285477, 48.872605 ] } },
{ "type": "Feature", "properties": { "start_date": "1931-01-01", "end_date": "2026-08-29", "nom": "Victor Hugo", "lignes": [ "Ligne 2" ], "couleur": "#003CA6", "nom de référence": "Victor Hugo" }, "geometry": { "type": "Point", "coordinates": [ 2.285199, 48.869817 ] } },
{ "type": "Feature", "properties": { "start_date": "1985-02-28", "end_date": "2026-08-29", "nom": "Villejuif - Léo Lagrange", "lignes": [ "Ligne 7" ], "couleur": "#FA9ABA", "nom de référence": "Villejuif - Léo Lagrange" }, "geometry": { "type": "Point", "coordinates": [ 2.363927364, 48.80376846 ] } },
{ "type": "Feature", "properties": { "start_date": "1985-02-28", "end_date": "2026-08-29", "nom": "Villejuif - Louis Aragon", "lignes": [ "Ligne 7" ], "couleur": "#FA9ABA", "nom de référence": "Villejuif - Louis Aragon" }, "geometry": { "type": "Point", "coordinates": [ 2.36756444, 48.78717548 ] } },
{ "type": "Feature", "properties": { "start_date": "1985-02-28", "end_date": "2026-08-29", "nom": "Villejuif - Paul Vaillant-Couturier", "lignes": [ "Ligne 7" ], "couleur": "#FA9ABA", "nom de référence": "Villejuif - Paul Vaillant-Couturier" }, "geometry": { "type": "Point", "coordinates": [ 2.368248403, 48.79599124 ] } },
{ "type": "Feature", "properties": { "start_date": "1903-01-21", "end_date": "1904-10-19", "nom": "Villiers", "lignes": [ "Ligne 2" ], "couleur": "#003CA6", "nom de référence": "Villiers" }, "geometry": { "type": "Point", "coordinates": [ 2.314867079, 48.88113039 ] } },
{ "type": "Feature", "properties": { "start_date": "1904-10-19", "end_date": "2026-08-29", "nom": "Villiers", "lignes": [ "Ligne 2", "Ligne 3" ], "couleur": "#D8D8B9", "nom de référence": "Villiers" }, "geometry": { "type": "Point", "coordinates": [ 2.314867079, 48.88113039 ] } },
{ "type": "Feature", "properties": { "start_date": "1910-11-05", "end_date": "1931-03-27", "nom": "Volontaires", "lignes": [ "Ligne A" ], "couleur": "#2b5439", "nom de référence": "Volontaires" }, "geometry": { "type": "Point", "coordinates": [ 2.307504416, 48.84134253 ] } },
{ "type": "Feature", "properties": { "start_date": "1931-03-27", "end_date": "2026-08-29", "nom": "Volontaires", "lignes": [ "Ligne 12" ], "couleur": "#007852", "nom de référence": "Volontaires" }, "geometry": { "type": "Point", "coordinates": [ 2.307504416, 48.84134253 ] } },
{ "type": "Feature", "properties": { "start_date": "1933-12-10", "end_date": "2026-08-29", "nom": "Voltaire", "lignes": [ "Ligne 9" ], "couleur": "#B6BD00", "nom de référence": "Voltaire" }, "geometry": { "type": "Point", "coordinates": [ 2.380106449, 48.85780289 ] } },
{ "type": "Feature", "properties": { "start_date": "1910-05-23", "end_date": "2026-08-29", "nom": "Wagram", "lignes": [ "Ligne 3" ], "couleur": "#837902", "nom de référence": "Wagram" }, "geometry": { "type": "Point", "coordinates": [ 2.303668, 48.884057 ] } },
{ "type": "Feature", "properties": { "start_date": "2020-12-14", "end_date": "2026-08-29", "nom": "Pont Cardinet", "lignes": [ "Ligne 14" ], "couleur": "#62259D", "nom de référence": "Pont Cardinet" }, "geometry": { "type": "Point", "coordinates": [ 2.31530278, 48.8895194 ] } },
{ "type": "Feature", "properties": { "start_date": "2020-12-14", "end_date": "2026-08-29", "nom": "Saint-Ouen", "lignes": [ "Ligne 14" ], "couleur": "#62259D", "nom de référence": "Saint-Ouen" }, "geometry": { "type": "Point", "coordinates": [ 2.32180556, 48.9044972 ] } },
{ "type": "Feature", "properties": { "start_date": "2022-01-13", "end_date": "2026-08-29", "nom": "Bagneux - Lucie Aubrac", "lignes": [ "Ligne 4" ], "couleur": "#CF009E", "nom de référence": "Bagneux - Lucie Aubrac" }, "geometry": { "type": "Point", "coordinates": [ 2.31735617, 48.80266078 ] } },
{ "type": "Feature", "properties": { "start_date": "2022-01-13", "end_date": "2026-08-29", "nom": "Barbara", "lignes": [ "Ligne 4" ], "couleur": "#CF009E", "nom de référence": "Barbara" }, "geometry": { "type": "Point", "coordinates": [ 2.31766944, 48.8092 ] } },
{ "type": "Feature", "properties": { "start_date": "2022-05-31", "end_date": "2026-08-29", "nom": "Aimé Césaire", "lignes": [ "Ligne 12" ], "couleur": "#007852", "nom de référence": "Aimé Césaire" }, "geometry": { "type": "Point", "coordinates": [ 2.37801969, 48.90831679 ] } },
{ "type": "Feature", "properties": { "start_date": "2022-05-31", "end_date": "2026-08-29", "nom": "Mairie d'Aubervilliers", "lignes": [ "Ligne 12" ], "couleur": "#007852", "nom de référence": "Mairie d'Aubervilliers" }, "geometry": { "type": "Point", "coordinates": [ 2.38065, 48.9138 ] } },
{ "type": "Feature", "properties": { "start_date": "2024-06-13", "end_date": "2026-08-29", "nom": "Coteaux Beauclair", "lignes": [ "Ligne 11" ], "couleur": "#704B1C", "nom de référence": "Coteaux Beauclair" }, "geometry": { "type": "Point", "coordinates": [ 2.46735, 48.88224 ] } },
{ "type": "Feature", "properties": { "start_date": "2024-06-13", "end_date": "2026-08-29", "nom": "La Dhuys", "lignes": [ "Ligne 11" ], "couleur": "#704B1C", "nom de référence": "La Dhuys" }, "geometry": { "type": "Point", "coordinates": [ 2.46549, 48.87811 ] } },
{ "type": "Feature", "properties": { "start_date": "2024-06-13", "end_date": "2026-08-29", "nom": "Montreuil - Hôpital", "lignes": [ "Ligne 11" ], "couleur": "#704B1C", "nom de référence": "Montreuil - Hôpital" }, "geometry": { "type": "Point", "coordinates": [ 2.45456, 48.8783 ] } },
{ "type": "Feature", "properties": { "start_date": "2024-06-13", "end_date": "2026-08-29", "nom": "Romainville - Carnot", "lignes": [ "Ligne 11" ], "couleur": "#704B1C", "nom de référence": "Romainville - Carnot" }, "geometry": { "type": "Point", "coordinates": [ 2.44052, 48.88317 ] } },
{ "type": "Feature", "properties": { "start_date": "2024-06-13", "end_date": "2026-08-29", "nom": "Rosny - Bois-Perrier", "lignes": [ "Ligne 11" ], "couleur": "#704B1C", "nom de référence": "Rosny - Bois-Perrier" }, "geometry": { "type": "Point", "coordinates": [ 2.48083, 48.88242 ] } },
{ "type": "Feature", "properties": { "start_date": "2024-06-13", "end_date": "2026-08-29", "nom": "Serge Gainsbourg", "lignes": [ "Ligne 11" ], "couleur": "#704B1C", "nom de référence": "Serge Gainsbourg" }, "geometry": { "type": "Point", "coordinates": [ 2.42743, 48.88136 ] } },
{ "type": "Feature", "properties": { "start_date": "2024-06-24", "end_date": "2026-08-29", "nom": "Aéroport d'Orly", "lignes": [ "Ligne 14" ], "couleur": "#62259D", "nom de référence": "Aéroport d'Orly" }, "geometry": { "type": "Point", "coordinates": [ 2.36237026, 48.72875283 ] } },
{ "type": "Feature", "properties": { "start_date": "2024-06-24", "end_date": "2026-08-29", "nom": "Chevilly-Larue", "lignes": [ "Ligne 14" ], "couleur": "#62259D", "nom de référence": "Chevilly-Larue" }, "geometry": { "type": "Point", "coordinates": [ 2.366663, 48.75836 ] } },
{ "type": "Feature", "properties": { "start_date": "2024-06-24", "end_date": "2026-08-29", "nom": "Hôpital Bicêtre", "lignes": [ "Ligne 14" ], "couleur": "#62259D", "nom de référence": "Hôpital Bicêtre" }, "geometry": { "type": "Point", "coordinates": [ 2.34978333, 48.8098167 ] } },
{ "type": "Feature", "properties": { "start_date": "2024-06-24", "end_date": "2026-08-29", "nom": "L'Haÿ-les-Roses", "lignes": [ "Ligne 14" ], "couleur": "#62259D", "nom de référence": "L'Haÿ-les-Roses" }, "geometry": { "type": "Point", "coordinates": [ 2.35408333, 48.7752778 ] } },
{ "type": "Feature", "properties": { "start_date": "2024-06-24", "end_date": "2026-08-29", "nom": "Saint-Denis - Pleyel", "lignes": [ "Ligne 14" ], "couleur": "#62259D", "nom de référence": "Saint-Denis - Pleyel" }, "geometry": { "type": "Point", "coordinates": [ 2.34667, 48.9176 ] } },
{ "type": "Feature", "properties": { "start_date": "2024-06-24", "end_date": "2026-08-29", "nom": "Thiais - Orly", "lignes": [ "Ligne 14" ], "couleur": "#62259D", "nom de référence": "Thiais - Orly" }, "geometry": { "type": "Point", "coordinates": [ 2.372931, 48.747367 ] } },
{ "type": "Feature", "properties": { "start_date": "2025-01-18", "end_date": "2026-08-29", "nom": "Villejuif - Gustave Roussy", "lignes": [ "Ligne 14" ], "couleur": "#62259D", "nom de référence": "Villejuif - Gustave Roussy" }, "geometry": { "type": "Point", "coordinates": [ 2.34926, 48.79329 ] } },
{ "type": "Feature", "properties": { "start_date": "1934-04-15", "end_date": "1935-04-28", "nom": "Châtelet", "lignes": [ "Couloirs", "Ligne 1", "Ligne 4", "Ligne 7" ], "couleur": "#D8D8B9", "nom de référence": "Pont Notre-Dame" }, "geometry": { "type": "Point", "coordinates": [ 2.348899, 48.856725 ] } },
{ "type": "Feature", "properties": { "start_date": "1934-04-15", "end_date": "1935-04-28", "nom": "Châtelet", "lignes": [ "Couloirs", "Ligne 1", "Ligne 4", "Ligne 7" ], "couleur": "#D8D8B9", "nom de référence": "Châtelet" }, "geometry": { "type": "Point", "coordinates": [ 2.347119401, 48.85851952 ] } },
{ "type": "Feature", "properties": { "start_date": "1935-04-28", "end_date": "1998-10-15", "nom": "Châtelet", "lignes": [ "Couloirs", "Ligne 1", "Ligne 11", "Ligne 4", "Ligne 7" ], "couleur": "#D8D8B9", "nom de référence": "Pont Notre-Dame" }, "geometry": { "type": "Point", "coordinates": [ 2.348899, 48.856725 ] } },
{ "type": "Feature", "properties": { "start_date": "1935-04-28", "end_date": "1998-10-15", "nom": "Châtelet", "lignes": [ "Couloirs", "Ligne 1", "Ligne 11", "Ligne 4", "Ligne 7" ], "couleur": "#D8D8B9", "nom de référence": "Châtelet" }, "geometry": { "type": "Point", "coordinates": [ 2.347119401, 48.85851952 ] } },
{ "type": "Feature", "properties": { "start_date": "1998-10-15", "end_date": "2026-08-29", "nom": "Châtelet", "lignes": [ "Couloirs", "Ligne 1", "Ligne 11", "Ligne 14", "Ligne 4", "Ligne 7" ], "couleur": "#D8D8B9", "nom de référence": "Pont Notre-Dame" }, "geometry": { "type": "Point", "coordinates": [ 2.348899, 48.856725 ] } },
{ "type": "Feature", "properties": { "start_date": "1998-10-15", "end_date": "2026-08-29", "nom": "Châtelet", "lignes": [ "Couloirs", "Ligne 1", "Ligne 11", "Ligne 14", "Ligne 4", "Ligne 7" ], "couleur": "#D8D8B9", "nom de référence": "Châtelet" }, "geometry": { "type": "Point", "coordinates": [ 2.347119401, 48.85851952 ] } },
{ "type": "Feature", "properties": { "start_date": "1942-10-06", "end_date": "1946-10-30", "nom": "Marbeuf - Rond-point des Champs-Élysées", "lignes": [ "Couloirs", "Ligne 1", "Ligne 9" ], "couleur": "#D8D8B9", "nom de référence": "Rond-point des Champs-Élysées" }, "geometry": { "type": "Point", "coordinates": [ 2.309191, 48.868507 ] } },
{ "type": "Feature", "properties": { "start_date": "1942-10-06", "end_date": "1946-10-30", "nom": "Marbeuf - Rond-point des Champs-Élysées", "lignes": [ "Couloirs", "Ligne 1", "Ligne 9" ], "couleur": "#D8D8B9", "nom de référence": "Marbeuf" }, "geometry": { "type": "Point", "coordinates": [ 2.30772, 48.869712 ] } },
{ "type": "Feature", "properties": { "start_date": "1946-10-30", "end_date": "2026-08-29", "nom": "Franklin D. Roosevelt", "lignes": [ "Couloirs", "Ligne 1", "Ligne 9" ], "couleur": "#D8D8B9", "nom de référence": "Rond-point des Champs-Élysées" }, "geometry": { "type": "Point", "coordinates": [ 2.309191, 48.868507 ] } },
{ "type": "Feature", "properties": { "start_date": "1946-10-30", "end_date": "2026-08-29", "nom": "Franklin D. Roosevelt", "lignes": [ "Couloirs", "Ligne 1", "Ligne 9" ], "couleur": "#D8D8B9", "nom de référence": "Marbeuf" }, "geometry": { "type": "Point", "coordinates": [ 2.30772, 48.869712 ] } },
{ "type": "Feature", "properties": { "start_date": "1946-10-30", "end_date": "2026-08-29", "nom": "Franklin D. Roosevelt", "lignes": [ "Couloirs", "Ligne 1", "Ligne 9" ], "couleur": "#D8D8B9", "nom de référence": "Rond-point des Champs-Élysées" }, "geometry": { "type": "Point", "coordinates": [ 2.309191, 48.868507 ] } },
{ "type": "Feature", "properties": { "start_date": "1946-10-30", "end_date": "2026-08-29", "nom": "Franklin D. Roosevelt", "lignes": [ "Couloirs", "Ligne 1", "Ligne 9" ], "couleur": "#D8D8B9", "nom de référence": "Marbeuf" }, "geometry": { "type": "Point", "coordinates": [ 2.30772, 48.869712 ] } },
{ "type": "Feature", "properties": { "start_date": "1931-08-25", "end_date": "2026-08-29", "nom": "Marcadet - Poissonniers", "lignes": [ "Couloirs", "Ligne 12", "Ligne 4" ], "couleur": "#D8D8B9", "nom de référence": "Poissonniers" }, "geometry": { "type": "Point", "coordinates": [ 2.350319, 48.891478 ] } },
{ "type": "Feature", "properties": { "start_date": "1931-08-25", "end_date": "2026-08-29", "nom": "Marcadet - Poissonniers", "lignes": [ "Couloirs", "Ligne 12", "Ligne 4" ], "couleur": "#D8D8B9", "nom de référence": "Marcadet" }, "geometry": { "type": "Point", "coordinates": [ 2.349582, 48.891195 ] } },
{ "type": "Feature", "properties": { "start_date": "1937-01-31", "end_date": "1942-10-06", "nom": "Montparnasse - Bienvenüe", "lignes": [ "Couloirs", "Ligne 12", "Ligne 14 (ancienne)", "Ligne 4", "Ligne 5" ], "couleur": "#D8D8B9", "nom de référence": "Montparnasse" }, "geometry": { "type": "Point", "coordinates": [ 2.323934, 48.843826 ] } },
{ "type": "Feature", "properties": { "start_date": "1937-01-31", "end_date": "1942-10-06", "nom": "Montparnasse - Bienvenüe", "lignes": [ "Couloirs", "Ligne 12", "Ligne 14 (ancienne)", "Ligne 4", "Ligne 5" ], "couleur": "#D8D8B9", "nom de référence": "Avenue du Maine" }, "geometry": { "type": "Point", "coordinates": [ 2.321668, 48.84202 ] } },
{ "type": "Feature", "properties": { "start_date": "1942-10-06", "end_date": "1976-11-09", "nom": "Montparnasse - Bienvenüe", "lignes": [ "Couloirs", "Ligne 12", "Ligne 14 (ancienne)", "Ligne 4", "Ligne 6" ], "couleur": "#D8D8B9", "nom de référence": "Montparnasse" }, "geometry": { "type": "Point", "coordinates": [ 2.323934, 48.843826 ] } },
{ "type": "Feature", "properties": { "start_date": "1942-10-06", "end_date": "1976-11-09", "nom": "Montparnasse - Bienvenüe", "lignes": [ "Couloirs", "Ligne 12", "Ligne 14 (ancienne)", "Ligne 4", "Ligne 6" ], "couleur": "#D8D8B9", "nom de référence": "Avenue du Maine" }, "geometry": { "type": "Point", "coordinates": [ 2.321668, 48.84202 ] } },
{ "type": "Feature", "properties": { "start_date": "1976-11-09", "end_date": "2026-08-29", "nom": "Montparnasse - Bienvenüe", "lignes": [ "Couloirs", "Ligne 12", "Ligne 13", "Ligne 4", "Ligne 6" ], "couleur": "#D8D8B9", "nom de référence": "Montparnasse" }, "geometry": { "type": "Point", "coordinates": [ 2.323934, 48.843826 ] } },
{ "type": "Feature", "properties": { "start_date": "1976-11-09", "end_date": "2026-08-29", "nom": "Montparnasse - Bienvenüe", "lignes": [ "Couloirs", "Ligne 12", "Ligne 13", "Ligne 4", "Ligne 6" ], "couleur": "#D8D8B9", "nom de référence": "Avenue du Maine" }, "geometry": { "type": "Point", "coordinates": [ 2.321668, 48.84202 ] } }
]
}
