,accessibilité,adresse,alt,architecte,artiste,bouches,code,construction,corresp 1,corresp 2,corresp 3,corresp 4,corresp 5,exploitant,fermeture,géolocalisation,image,latitude,ligne,ligne  1,ligne 1,ligne 2,ligne 3,ligne 4,ligne 5,longitude,longueur,légende,mise en service,nom,nom inaugural,pays,position,propriétaire,quais,quartier,station précédente 1,station précédente 2,station précédente 3,station précédente 4,station précédente 5,station suivante 1,station suivante 2,station suivante 3,station suivante 4,station suivante 5,subdivision,taille image,titre corresp 1,titre corresp 2,titre corresp 3,titre corresp 4,titre corresp 5,titre quartier,titre subdivision,transit,url,ville,voies,zone
Abbesses (métro de Paris),,,,,,,3105.0,,['Funiculaire de Montmartre/correspondance'],['Bus RATP/correspondances nombreuses avec intitulé|40'],,,,RATP,,Paris/18e arrondissement de Paris,Abbesses Metro.jpg,48.8844176451841,['Métro de Paris/correspondance|12'],,['Métro de Paris/correspondance|12'],,,,,2.33871281165883,,['Société du chemin de fer électrique souterrain Nord-Sud de Paris|Nord-Sud'],['Date|30 janvier 1913|dans les chemins de fer'],Abbesses<br /><small>''Butte Montmartre''</small>,,['France'],,['Régie autonome des transports parisiens|RATP'],2.0,['e'],['Lamarck - Caulaincourt (métro de Paris)|Lamarck - Caulaincourt'],,,,,['Pigalle (métro de Paris)|Pigalle'],,,,,,,Funiculaire,Bus,,,,['Arrondissements de Paris|Arrondissement'],,['formatnum:2588279'],https://fr.wikipedia.org/w/index.php?title=Abbesses_(m%C3%A9tro_de_Paris)&action=raw,['Paris'],2.0,1.0
Alésia (métro de Paris),,,,,,,15-05,,"['Bus RATP/correspondances nombreuses avec intitulé|38|62|68|92', 'Bus RATP/correspondances|Traverse Bièvre Montsouris']",['Noctilien/correspondances avec intitulé|N14|N21|N66'],,,,RATP,,Paris/14e arrondissement de Paris,Alésia (métro Paris) vers Clignancourt par Cramos.JPG,48.828398514348,['Métro de Paris/correspondance|4'],,['Métro de Paris/correspondance|4'],,,,,2.32674567371924,,Quais de la station en 2006.,"['30 octobre dans les chemins de fer|30 octobre', '1909 dans les chemins de fer|1909']",Alésia,,['France'],,['Régie autonome des transports parisiens|RATP'],2.0,['e'],['Mouton-Duvernet (métro de Paris)|Mouton-Duvernet'],,,,,"[""Porte d'Orléans (métro de Paris)|Porte d'Orléans""]",,,,,,,Bus,Noctilien,,,,['Arrondissements de Paris|Arrondissement'],,['formatnum:5237657'],https://fr.wikipedia.org/w/index.php?title=Al%C3%A9sia_(m%C3%A9tro_de_Paris)&action=raw,['Paris'],2.0,1.0
Alexandre Dumas (métro de Paris),,,,,,,513.0,,['Bus RATP/correspondances nombreuses avec intitulé|76'],,,,,RATP,,Ligne 2 du métro de Paris/Paris/20e arrondissement de Paris/11e arrondissement de Paris,Metro de Paris - Ligne 2 - Alexandre Dumas 03.jpg,48.8561744489676,['Métro de Paris/correspondance|2'],,['Métro de Paris/correspondance|2'],,,,,2.3949898158233,,Vue d'ensemble des quais en direction de Porte Dauphine.,['Date|31|janvier|1903|dans les chemins de fer'],Alexandre Dumas,Bagnolet,['France'],,['Régie autonome des transports parisiens|RATP'],2.0,"['e', 'e']",['Philippe Auguste (métro de Paris)|Philippe Auguste'],,,,,['Avron (métro de Paris)|Avron'],,,,,,,Bus RATP,,,,,['Arrondissements de Paris|Arrondissement'],,['formatnum:3919412'],https://fr.wikipedia.org/w/index.php?title=Alexandre_Dumas_(m%C3%A9tro_de_Paris)&action=raw,['Paris'],2.0,1.0
Alma - Marceau (métro de Paris),,,,,,,18-03,,"['RER/correspondances|C', ""Gare du Pont de l'Alma|Pont de l'Alma""]",['Bus RATP/correspondances nombreuses avec intitulé|42|63|72|80|92'],,,,RATP,,Paris/8e arrondissement de Paris,AX 9 Alma Marceau 20080715.jpg,48.864904,['Métro de Paris/correspondance|9'],,['Métro de Paris/correspondance|9'],,,,,2.300234,,,['Date|27|mai|1923|dans les chemins de fer'],Alma - Marceau,,['France'],,['Régie autonome des transports parisiens|RATP'],2.0,"['e', 'e']",['Iéna (métro de Paris)|Iéna'],,,,,['Franklin D. Roosevelt (métro de Paris)|Franklin D. Roosevelt'],,,,,,,"[""Réseau express régional d'Île-de-France|RER""]",Bus RATP,,,,Arrondissement,,['formatnum:4060044'],https://fr.wikipedia.org/w/index.php?title=Alma_-_Marceau_(m%C3%A9tro_de_Paris)&action=raw,['Paris'],2.0,
Anatole France (métro de Paris),,,,,,,2914.0,,['Bus RATP/correspondances avec intitulé|174|274'],['Noctilien/correspondances avec intitulé|N16|N52'],,,,RATP,,Paris et la petite couronne,Metro de Paris - Ligne 3 - Anatole France 05.jpg,48.892022,['Métro de Paris/correspondance|3'],,['Métro de Paris/correspondance|3'],,,,,2.285536,,,['Date|24|septembre|1937|dans les chemins de fer'],Anatole France,,['France'],,['Régie autonome des transports parisiens|RATP'],2.0,,['Pont de Levallois - Bécon (métro de Paris)|Pont de Levallois - Bécon'],,,,,['Louise Michel (métro de Paris)|Louise Michel'],,,,,,,Bus RATP,Noctilien,,,,,,['formatnum:3866326'],https://fr.wikipedia.org/w/index.php?title=Anatole_France_(m%C3%A9tro_de_Paris)&action=raw,['Levallois-Perret'],2.0,2.0
Anvers (métro de Paris),,,,,,,3104.0,,['Funiculaire de Montmartre/correspondance'],['Bus RATP/correspondances avec intitulé|54|85|OpenTour'],['Noctilien/correspondances avec intitulé|N01|N02'],,,RATP,,Ligne 2 du métro de Paris/Paris/18e arrondissement de Paris/9e arrondissement de Paris,Anvers Metro Entrance.jpg,48.883007126386076,['Métro de Paris/correspondance|2'],,['Métro de Paris/correspondance|2'],,,,,2.3448488116264343,,Édicule Guimard de l'entrée de la station.,['Date|7|octobre|1902|dans les chemins de fer'],Anvers<br /><small>''Sacré-Cœur''</small>,,['France'],,['Régie autonome des transports parisiens|RATP'],2.0,"['e', 'e']",['Pigalle (métro de Paris)|Pigalle'],,,,,['Barbès - Rochechouart (métro de Paris)|Barbès - Rochechouart'],,,,,,,Funiculaire,Bus RATP,Noctilien,,,['Arrondissements de Paris|Arrondissement'],,['formatnum:6888848'],https://fr.wikipedia.org/w/index.php?title=Anvers_(m%C3%A9tro_de_Paris)&action=raw,['Paris'],2.0,1.0
Argentine (métro de Paris),,,,,,,1811.0,,['Bus RATP/correspondances nombreuses avec intitulé|73'],['Noctilien/correspondances avec intitulé|N11|N24'],,,,RATP,,Paris/17e arrondissement de Paris/16e arrondissement de Paris,Metro de Paris - Ligne 1 - Argentine (2).jpg,48.875533092935,['Métro de Paris/correspondance|1'],,['Métro de Paris/correspondance|1'],,,,,2.2893216639617,90 m,Une des plaques décoratives de la station après la rénovation de 2008.,"['1er', '1900 dans les chemins de fer|1900']",Argentine,,['France'],,['Régie autonome des transports parisiens|RATP'],2.0,"['e', 'e']",['Porte Maillot (métro de Paris)|Porte Maillot'],,,,,['Charles de Gaulle - Étoile (métro de Paris)|Charles de Gaulle - Étoile'],,,,,,,Bus,Noctilien,,,,['Arrondissements de Paris|Arrondissement'],,['formatnum:2932686'],https://fr.wikipedia.org/w/index.php?title=Argentine_(m%C3%A9tro_de_Paris)&action=raw,['Paris'],2.0,1.0
Arts et Métiers (métro de Paris),,,,,,,803.0,,['Bus RATP/correspondances avec intitulé|20|38|47|75'],['Noctilien/correspondances avec intitulé|N12|N23'],,,,RATP,,Paris/3e arrondissement de Paris,Paris-ArtetMetiers.jpg,48.8655,['Métro de Paris/correspondances|3|11'],,['Métro de Paris/correspondance|3'],['Métro de Paris/correspondance|11'],,,,2.3561,,Quai carrossé de cuivre de la ligne 11.,"['Date|19|octobre|1904|dans les chemins de fer', 'Métro de Paris/correspondance|3', 'Date|28|avril|1935|dans les chemins de fer', 'Métro de Paris/correspondance|11']",Arts et Métiers,,['France'],,['Régie autonome des transports parisiens|RATP'],4.0,['e'],['Réaumur - Sébastopol (métro de Paris)|Réaumur - Sébastopol'],['Rambuteau (métro de Paris)|Rambuteau'],,,,['Temple (métro de Paris)|Temple'],['République (métro de Paris)|République'],,,,,,Bus RATP,Noctilien,,,,['Arrondissements de Paris|Arrondissement'],,['formatnum:4036745'],https://fr.wikipedia.org/w/index.php?title=Arts_et_M%C3%A9tiers_(m%C3%A9tro_de_Paris)&action=raw,['Paris'],4.0,1.0
Assemblée nationale (métro de Paris),,,,,,,10-13,,['Bus RATP/correspondances nombreuses avec intitulé|63|73|83|84|87|94'],['Noctilien/correspondances avec intitulé|N01|N02'],,,,['Régie autonome des transports parisiens|RATP'],,Paris/7e arrondissement de Paris,Assemblée Nationale par Cramos.JPG,48.860654569523334,['Métro de Paris/correspondance|12'],,,,,,,2.3211300373077393,,Quais de la station en 2016.,"['5 novembre dans les chemins de fer|5 novembre', '1910 dans les chemins de fer|1910']",Assemblée nationale,Chambre des députés,['France'],,['Régie autonome des transports parisiens|RATP'],2.0,['e'],['Concorde (métro de Paris)|Concorde'],,,,,['Solférino (métro de Paris)|Solférino'],,,,,,,Bus,Noctilien,,,,['Arrondissements de Paris|Arrondissement'],,['formatnum:739282'],https://fr.wikipedia.org/w/index.php?title=Assembl%C3%A9e_nationale_(m%C3%A9tro_de_Paris)&action=raw,['Paris'],2.0,1.0
Aubervilliers - Pantin - Quatre Chemins (métro de Paris),,,,,,,03-05,,['Bus RATP/correspondances avec intitulé|150|152|170|249|330'],['Noctilien/correspondances avec intitulé|N42'],,,,RATP,,Paris et la petite couronne,4chemins-quais.jpg,48.90389694033926,['Métro de Paris/correspondance|7'],,['Métro de Paris/correspondance|7'],,,,,2.392495572566986,,,['Date|4|octobre|1979|dans les chemins de fer'],Aubervilliers - Pantin -<br />Quatre Chemins,,['France'],,['Régie autonome des transports parisiens|RATP'],2.0,,"[""Fort d'Aubervilliers (métro de Paris)|Fort d'Aubervilliers""]",,,,,['Porte de la Villette (métro de Paris)|Porte de la Villette'],,,,,,,Bus RATP,Noctilien,,,,,,['formatnum:7131674'],https://fr.wikipedia.org/w/index.php?title=Aubervilliers_-_Pantin_-_Quatre_Chemins_(m%C3%A9tro_de_Paris)&action=raw,"['Aubervilliers', 'Pantin']",2.0,2.0
Avenue Émile-Zola (métro de Paris),,,,,,,17-06,,['Noctilien/correspondances avec intitulé|N12|N61'],,,,,['Régie autonome des transports parisiens|RATP'],,Paris/15e arrondissement de Paris,Avenue Émile Zola métro 02.jpg,48.846977009491965,['Métro de Paris/correspondances|10'],,['Métro de Paris/correspondances|10'],,,,,2.2945117950439453,,"[""Boulogne - Pont de Saint-Cloud (métro de Paris)|''Boulogne - Pont de Saint-Cloud''""]",['Date|13 juillet 1913|dans les chemins de fer'],Avenue Émile-Zola,,['France'],,['Régie autonome des transports parisiens|RATP'],2.0,['e'],['Charles Michels (métro de Paris)|Charles Michels'],,,,,['La Motte-Picquet - Grenelle (métro de Paris)|La Motte-Picquet - Grenelle'],,,,,,,Noctilien,,,,,['Arrondissements de Paris|Arrondissement'],,['formatnum:1476223'],https://fr.wikipedia.org/w/index.php?title=Avenue_%C3%89mile-Zola_(m%C3%A9tro_de_Paris)&action=raw,['Paris'],2.0,
Avron (métro de Paris),,,,,,,05-12,,['Bus RATP/correspondances avec intitulé|57'],,,,,RATP,,Ligne 2 du métro de Paris/Paris/20e arrondissement de Paris/11e arrondissement de Paris,Paris station Avron 2009.jpg,48.8519401896706,['Métro de Paris/correspondance|2'],,['Métro de Paris/correspondance|2'],,,,,2.397862672805786,,['Porte Dauphine (métro de Paris)|Porte Dauphine'],['Date|2|avril|1903|dans les chemins de fer'],Avron,,['France'],,['Régie autonome des transports parisiens|RATP'],2.0,"['e', 'e']",['Alexandre Dumas (métro de Paris)|Alexandre Dumas'],,,,,['Nation (métro de Paris)|Nation'],,,,,,,Bus RATP,,,,,['Arrondissements de Paris|Arrondissement'],,['formatnum:1907820'],https://fr.wikipedia.org/w/index.php?title=Avron_(m%C3%A9tro_de_Paris)&action=raw,['Paris'],2.0,1.0
Balard (métro de Paris),,,,,,,1609.0,,"[""Tramway d'Île-de-France/correspondances avec intitulé|2"", ""Tramway d'Île-de-France/correspondances avec intitulé|3a""]","['Bus RATP/correspondances avec intitulé|30|39|42|88|169', 'Noctilien/correspondances avec intitulé|N13|N62|N145']",,,,['Régie autonome des transports parisiens|RATP'],,Paris/15e arrondissement de Paris,Station métro Balard - IMG 3627.jpg,48.8362754634973,['Métro de Paris/correspondances avec intitulé|8'],,['Métro de Paris/correspondance|8'],,,,,2.27821832700082,['Unité|105|m'],Accès principal de la station.,['date-|27|juillet|1937'],Balard,,['France'],,['Régie autonome des transports parisiens|RATP'],2.0,['e'],'''Terminus''',,,,,['Lourmel (métro de Paris)|Lourmel'],,,,,,,"[""Tramway d'Île-de-France|Tramway""]","[""Autobus d'Île-de-France|Bus""]",,,,['Arrondissements de Paris|Arrondissement'],,['Unité|4994071|voyageurs'],https://fr.wikipedia.org/w/index.php?title=Balard_(m%C3%A9tro_de_Paris)&action=raw,['Paris'],3.0,1.0
Barbès - Rochechouart (métro de Paris),,,,,,,2107.0,,['Bus RATP/correspondances avec intitulé|31|54|56|85'],['Noctilien/correspondances avec intitulé|N01|N02|N14|N44'],,,,RATP,,Paris/18e arrondissement de Paris/10e arrondissement de Paris/9e arrondissement de Paris,Metro-Paris-Ligne-2-station.jpg,48.88364,['Métro de Paris/correspondances|2|4'],,['Métro de Paris/correspondance|2'],['Métro de Paris/correspondance|4'],,,,2.350516,,,"['Date|26|mars|1903|dans les chemins de fer', 'Métro de Paris/correspondance|2', 'Date|21|avril|1908|dans les chemins de fer', 'Métro de Paris/correspondance|4']",Barbès - Rochechouart,,['France'],,['Régie autonome des transports parisiens|RATP'],4.0,"['e', 'e', 'e']",['Anvers (métro de Paris)|Anvers'],['Château Rouge (métro de Paris)|Château Rouge'],,,,['La Chapelle (métro de Paris)|La Chapelle'],['Gare du Nord (métro de Paris)|Gare du Nord'],,,,,,Bus RATP,Noctilien,,,,['Arrondissements de Paris|Arrondissement'],,['formatnum:8392009'],https://fr.wikipedia.org/w/index.php?title=Barb%C3%A8s_-_Rochechouart_(m%C3%A9tro_de_Paris)&action=raw,['Paris'],4.0,1.0
Basilique de Saint-Denis (métro de Paris),,,,,,,1915.0,,"[""Tramway d'Île-de-France/correspondances avec intitulé|1|5"", ""Marché de Saint-Denis (tramway d'Île-de-France)|Marché de Saint-Denis""]",['Bus RATP/correspondances nombreuses avec intitulé|153|239|253|255'],['Bus Optile/correspondances avec intitulé|CIF|11'],['Noctilien/correspondances avec intitulé|N44'],,['Régie autonome des transports parisiens|RATP'],,Paris et la petite couronne/Seine-Saint-Denis,Plaque signalétique Basilique de Saint-Denis Métro 2019.jpg,48.938099565989496,['Métro de Paris/correspondances  avec intitulé|13'],,['Métro de Paris/correspondances  avec intitulé|13'],,,,,2.3608455061912537,,Plaque signalétique rétroéclairée du nom de la station.,['date|20|juin|1976'],Basilique de Saint-Denis <br /><small>''Hôtel de Ville''</small>,Saint-Denis - Basilique,['France'],,['Régie autonome des transports parisiens|RATP'],2.0,,['Saint-Denis - Université (métro de Paris)|Saint-Denis - Université'],,,,,['Saint-Denis - Porte de Paris (métro de Paris)|Saint-Denis - Porte de Paris'],,,,,,,"[""Tramway d'Île-de-France|Tramway""]",Bus,['Réseau de bus CIF|CIF'],Noctilien,,,,['formatnum:5393138'],https://fr.wikipedia.org/w/index.php?title=Basilique_de_Saint-Denis_(m%C3%A9tro_de_Paris)&action=raw,['Saint-Denis (Seine-Saint-Denis)|Saint-Denis'],2.0,3.0
Bastille (métro de Paris),,,,,,,1212.0,,"['Bus RATP/correspondances nombreuses avec intitulé|29|69|76|86', 'Bus RATP/correspondances|87|91|OpenTour']",['Noctilien/correspondances avec intitulé|N01|N02|N11|N16|N144'],,,,['Régie autonome des transports parisiens|RATP'],,Paris/12e arrondissement de Paris/11e arrondissement de Paris/4e arrondissement de Paris,Ligne_1_bastille_RATP.jpg,48.853082,['Métro de Paris/correspondances|1|5|8'],,['Métro de Paris/correspondance|1'],['Métro de Paris/correspondance|5'],['Métro de Paris/correspondance|8'],,,2.369077,"['Métro de Paris/correspondance|1', 'Unité|125|m', 'Métro de Paris/correspondance|5', 'Unité|75|m', 'Métro de Paris/correspondance|8', 'Unité|105|m']",Quai de la ligne 1.,"['Métro de Paris/correspondances|1', 'Date|19|juillet|1900|dans les chemins de fer', 'Métro de Paris/correspondances|5', 'Date|17|décembre|1906|dans les chemins de fer', 'Métro de Paris/correspondances|8', 'Date|5|mai|1931|dans les chemins de fer']",Bastille,,['France'],,['Régie autonome des transports parisiens|RATP'],6.0,"['e', 'e', 'e']",['Saint-Paul (métro de Paris)|Saint-Paul'],['Bréguet - Sabin (métro de Paris)|Bréguet - Sabin'],['Chemin Vert (métro de Paris)|Chemin Vert'],,,['Gare de Lyon (métro de Paris)|Gare de Lyon'],['Quai de la Rapée (métro de Paris)|Quai de la Rapée'],['Ledru-Rollin (métro de Paris)|Ledru-Rollin'],,,,,Bus,Noctilien,,,,['Arrondissements de Paris|Arrondissement'],,['formatnum:13706765'],https://fr.wikipedia.org/w/index.php?title=Bastille_(m%C3%A9tro_de_Paris)&action=raw,['Paris'],6.0,1.0
Bel-Air (métro de Paris),,,,,,,1312.0,,,,,,,['Régie autonome des transports parisiens|RATP'],,Paris/12e arrondissement de Paris,Bel-Air métro Q02.jpg,48.84134429839293,['métro de Paris/correspondance|6'],,['Métro de Paris/correspondance|6'],,,,,2.400912344455719,,['Charles de Gaulle - Étoile (métro de Paris)|Charles de Gaulle - Étoile'],"['1er', '1909 dans les chemins de fer|1909']",Bel-Air,,['France'],,['Régie autonome des transports parisiens|RATP'],2.0,['e'],['Daumesnil (métro de Paris)|Daumesnil'],,,,,['Picpus (métro de Paris)|Picpus'],,,,,,,,,,,,['Arrondissements de Paris|Arrondissement'],,['formatnum:2319026'],https://fr.wikipedia.org/w/index.php?title=Bel-Air_(m%C3%A9tro_de_Paris)&action=raw,['Paris'],2.0,1.0
Belleville (métro de Paris),,,,,,,24-12,,['Bus RATP/correspondances avec intitulé|20|71'],['Noctilien/correspondances avec intitulé|N12|N23'],,,,RATP,,Paris/20e arrondissement de Paris/19e arrondissement de Paris/10e arrondissement de Paris,Metro de Paris - Ligne 2 - Belleville 01.jpg,48.87208261362324,['Métro de Paris/correspondances|2|11'],,['Métro de Paris/correspondance|2'],['Métro de Paris/correspondance|11'],,,,2.376946806907654,,['Ligne 2 du métro de Paris|ligne 2'],"['Métro de Paris/correspondance|2', 'Date|31|janvier|1903|dans les chemins de fer', 'Métro de Paris/correspondance|11', 'Date|28|avril|1935|dans les chemins de fer']",Belleville,,['France'],,['Régie autonome des transports parisiens|RATP'],4.0,"['e', 'e', 'e', 'e']",['Colonel Fabien (métro de Paris)|Colonel Fabien'],['Goncourt (métro de Paris)|Goncourt'],,,,['Couronnes (métro de Paris)|Couronnes'],['Pyrénées (métro de Paris)|Pyrénées'],,,,,,Bus RATP,Noctilien,,,,['Arrondissements de Paris|Arrondissement'],,['formatnum:11558246'],https://fr.wikipedia.org/w/index.php?title=Belleville_(m%C3%A9tro_de_Paris)&action=raw,['Paris'],4.0,1.0
Bercy (métro de Paris),,,,,,,13-07 et BCY,,['Bus RATP/correspondances nombreuses avec intitulé|24|71|77|87|215'],['Noctilien/correspondances avec intitulé|N32|N35|N130'],,,,RATP,,Paris/12e arrondissement de Paris,Metro de Paris - Bercy 02.jpg,48.8404280893475,['Métro de Paris/correspondances|6|14'],,['Métro de Paris/correspondance|6'],['Métro de Paris/correspondance|14'],,,,2.37958296880394,,Totem à l'entrée de la station.,"['Date|1|mars|1909|dans les chemins de fer', 'Métro de Paris/correspondances|6', 'Date|15|octobre|1998|dans les chemins de fer', 'Métro de Paris/correspondances|14']",Bercy,,['France'],,['Régie autonome des transports parisiens|RATP'],4.0,['e'],['Quai de la Gare (métro de Paris)|Quai de la Gare'],['Gare de Lyon (métro de Paris)|Gare de Lyon'],,,,['Dugommier (métro de Paris)|Dugommier'],['Cour Saint-Émilion (métro de Paris)|Cour Saint-Émilion'],,,,,240.0,Bus RATP,Noctilien,,,,Arrondissement,,['formatnum:5473870'],https://fr.wikipedia.org/w/index.php?title=Bercy_(m%C3%A9tro_de_Paris)&action=raw,['Paris'],4.0,1.0
Bibliothèque François-Mitterrand (métro de Paris),,,,,,,15-03 et BIB,,['RER/correspondances avec intitulé|C'],"[""Tramway d'Île-de-France/correspondances avec intitulé|3a""]",['Bus RATP/correspondances avec intitulé|25|62|64|71|89|132|325'],['Noctilien/correspondances avec intitulé|N131|N133'],,RATP,,Paris/13e arrondissement de Paris,Station de Bibiotheque Nationale Ligne 14 - Quais 02-03-06.jpg,48.8296059726948,['Métro de Paris/correspondance|14'],,['Métro de Paris/correspondance|14'],,,,,2.3760926116913,,La station vue depuis la mezzanine.,['Date|15|octobre|1998|dans les chemins de fer'],Bibliothèque<br />François-Mitterrand,,['France'],,['Régie autonome des transports parisiens|RATP'],2.0,['e'],['Cour Saint-Émilion (métro de Paris)|Cour Saint-Émilion'],,,,,['Olympiades (métro de Paris)|Olympiades'],,,,,,,RER,Tramway,Bus RATP,Noctilien,,['Arrondissements de Paris|Arrondissement'],,['formatnum:15472531'],https://fr.wikipedia.org/w/index.php?title=Biblioth%C3%A8que_Fran%C3%A7ois-Mitterrand_(m%C3%A9tro_de_Paris)&action=raw,['Paris'],2.0,1.0
Billancourt (métro de Paris),,,,,,,28-09,,['Bus RATP/correspondances nombreuses avec intitulé|389'],['Noctilien/correspondances avec intitulé|N12|N61'],,,,RATP,,Paris et la petite couronne,Paris metro - Billancourt - 3.JPG,48.832089813946695,['Métro de Paris/correspondance|9'],,['Métro de Paris/correspondance|9'],,,,,2.2381773591041565,,['Pont de Sèvres (métro de Paris)|Pont de Sèvres'],['Date|3|février|1934|dans les chemins de fer'],Billancourt,,['France'],Souterraine,['Régie autonome des transports parisiens|RATP'],2.0,,['Pont de Sèvres (métro de Paris)|Pont de Sèvres'],,,,,['Marcel Sembat (métro de Paris)|Marcel Sembat'],,,,,,,Bus RATP,Noctilien,,,,,,['formatnum:2838189'],https://fr.wikipedia.org/w/index.php?title=Billancourt_(m%C3%A9tro_de_Paris)&action=raw,['Boulogne-Billancourt'],2.0,2.0
Bir-Hakeim (métro de Paris),,,,,,,1004.0,,"['RER/correspondances avec intitulé|C', 'Gare du Champ de Mars - Tour Eiffel|Champ de Mars - Tour Eiffel']",['Bus RATP/correspondances avec intitulé|30'],['Bus Optile/correspondances avec intitulé|Le Bus Direct|1|2'],,,RATP,,Paris/15e arrondissement de Paris,"Metro Bir-Hakeim, Paris 24 September 2016.jpg",48.853917,['Métro de Paris/correspondances|6'],,['Métro de Paris/correspondance|6'],,,,,2.289332,,,['date|24|avril|1906|dans les chemins de fer'],Bir-Hakeim<br /><small>''Tour Eiffel''</small>,Grenelle,['France'],,['Régie autonome des transports parisiens|RATP'],2.0,['e'],['Passy (métro de Paris)|Passy'],,,,,['Dupleix (métro de Paris)|Dupleix'],,,,,,,"[""Réseau express régional d'Île-de-France|RER""]","[""Autobus d'Île-de-France|Bus""]",['Réseau de bus Le Bus Direct|Le Bus Direct'],,,['Arrondissements de Paris|Arrondissement'],,['formatnum:8157090'],https://fr.wikipedia.org/w/index.php?title=Bir-Hakeim_(m%C3%A9tro_de_Paris)&action=raw,['Paris'],2.0,
Blanche (métro de Paris),,,,,,,3107.0,,"['Bus RATP/correspondances avec intitulé|30|54|68|74', 'Bus RATP/correspondances|OpenTour']",['Noctilien/correspondances avec intitulé|N01|N02'],,,,RATP,,Ligne 2 du métro de Paris/Paris/18e arrondissement de Paris/9e arrondissement de Paris,Metro de Paris - Ligne 2 - Blanche 02.jpg,48.883459,['Métro de Paris/correspondance|2'],,['Métro de Paris/correspondance|2'],,,,,2.333703,,Vue d'ensemble des quais.,['Date|21|octobre|1902|dans les chemins de fer'],Blanche,,['France'],,['Régie autonome des transports parisiens|RATP'],2.0,"['e', 'e']",['Place de Clichy (métro de Paris)|Place de Clichy'],,,,,['Pigalle (métro de Paris)|Pigalle'],,,,,,,Bus RATP,Noctilien,,,,['Arrondissements de Paris|Arrondissement'],,['formatnum:4251153'],https://fr.wikipedia.org/w/index.php?title=Blanche_(m%C3%A9tro_de_Paris)&action=raw,['Paris'],2.0,1.0
Bobigny - Pablo Picasso (métro de Paris),,,,,,,312.0,,"[""Tramway d'Île-de-France/correspondances avec intitulé|1""]","['Bus RATP/correspondances nombreuses avec intitulé|134|146|148|234|251', 'Bus RATP/correspondances|301|303|322', 'Bus Optile/correspondances avec intitulé|TRA|615|620', 'Bus Optile/correspondances avec intitulé|CIF|93', 'Bus Optile/correspondances avec intitulé|TVF|8']",['Noctilien/correspondances avec intitulé|N13|N41|N45'],,,['Régie autonome des transports parisiens|RATP'],,Paris et la petite couronne,Metro - Paris - Ligne 5 - station Bobigny - Pablo Picasso 02.jpg,48.906538,['Métro de Paris/correspondances avec intitulé|5'],,['Métro de Paris/correspondance|5'],,,,,2.449994,,Les quais de la station.,['date|25|avril|1985'],Bobigny - Pablo Picasso <br /><small>''Préfecture - Hôtel du Département''</small>,,['France'],,['Régie autonome des transports parisiens|RATP'],2.0,,'''Terminus''',,,,,['Bobigny - Pantin - Raymond Queneau (métro de Paris)|Bobigny - Pantin - Raymond Queneau'],,,,,,,"[""Tramway d'Île-de-France|Tramway""]","[""Autobus d'Île-de-France|Bus""]",['Noctilien'],,,,,['formatnum:7135266'],https://fr.wikipedia.org/w/index.php?title=Bobigny_-_Pablo_Picasso_(m%C3%A9tro_de_Paris)&action=raw,['Bobigny'],3.0,3.0
Bobigny - Pantin - Raymond Queneau (métro de Paris),,,,,,,03-11,,['Bus RATP/correspondances avec intitulé|145|147|318|330'],['Noctilien/correspondances avec intitulé|N45'],,,,['Régie autonome des transports parisiens|RATP'],,Paris et la petite couronne,Pantin-Queneau-mezzanine.jpg,48.89540875087341,['Métro de Paris/correspondance|5'],,['Métro de Paris/correspondance|5'],,,,,2.424928843975067,,Escalier menant à la mezzanine de la station.,"['25 avril dans les chemins de fer|25 avril', '1985 dans les chemins de fer|1985']",Bobigny - Pantin -<br />Raymond Queneau,,['France'],,['Régie autonome des transports parisiens|RATP'],1.0,['Petit-Pantin'],['Bobigny - Pablo Picasso (métro de Paris)|Bobigny - Pablo Picasso'],,,,,['Église de Pantin (métro de Paris)|Église de Pantin'],,,,,,,Bus,Noctilien,,,,,,['formatnum:2371008'],https://fr.wikipedia.org/w/index.php?title=Bobigny_-_Pantin_-_Raymond_Queneau_(m%C3%A9tro_de_Paris)&action=raw,"['Bobigny', 'Pantin']",2.0,2-3
Boissière (métro de Paris),,,,,,,17-14,,['Bus RATP/correspondances nombreuses avec intitulé|22|30|82'],['Noctilien/correspondances avec intitulé|N53'],,,,RATP,,Paris/16e arrondissement de Paris,Boissiere-ramepart.jpg,48.86738608631612,['Métro de Paris/correspondances|6'],,['Métro de Paris/correspondance|6'],,,,,2.2903919219970703,,"['MP 73', ""Charles de Gaulle - Étoile (métro de Paris)|''Charles de Gaulle - Étoile''""]",['date|2|octobre|1900|dans les chemins de fer'],Boissière,,['France'],,['Régie autonome des transports parisiens|RATP'],2.0,['e'],['Kléber (métro de Paris)|Kléber'],,,,,['Trocadéro (métro de Paris)|Trocadéro'],,,,,,,"[""Autobus d'Île-de-France|Bus""]",['Noctilien'],,,,['Arrondissements de Paris|Arrondissement'],,['formatnum:2150445'],https://fr.wikipedia.org/w/index.php?title=Boissi%C3%A8re_(m%C3%A9tro_de_Paris)&action=raw,['Paris'],2.0,1.0
Bolivar (métro de Paris),,,,,,,2214.0,,['Bus RATP/correspondances avec intitulé|26'],,,,,RATP,,Paris/19e arrondissement de Paris,Metro de Paris - Ligne 7bis - Bolivar 02.jpg,48.880502443263104,['Métro de Paris/correspondances|7bis'],,['Métro de Paris/correspondance|7bis'],,,,,2.37492173910141,,Quai vers ''Pré Saint-Gervais'' avant rénovation.,['Date|18 janvier 1911|dans les chemins de fer'],Bolivar,,['France'],,['Régie autonome des transports parisiens|RATP'],2.0,['e'],['Jaurès (métro de Paris)|Jaurès'],,,,,['Buttes Chaumont (métro de Paris)|Buttes Chaumont'],,,,,,,"[""Autobus d'Île-de-France|Bus""]",,,,,['Arrondissements de Paris|Arrondissement'],,['formatnum:646310'],https://fr.wikipedia.org/w/index.php?title=Bolivar_(m%C3%A9tro_de_Paris)&action=raw,['Paris'],2.0,1.0
Bonne-Nouvelle (métro de Paris),,,,,,,1108.0,,['Bus RATP/correspondances nombreuses avec intitulé|20|39|48'],,,,,RATP,,Paris/10e arrondissement de Paris/9e arrondissement de Paris/2e arrondissement de Paris,Metro Paris - Ligne 8 - Station Bonne Nouvelle (3).jpg,48.870639475215725,['Métro de Paris/correspondances|8|9'],,['Métro de Paris/correspondance|8'],['Métro de Paris/correspondance|9'],,,,2.348874807357788,,Quai de la ligne 8 en direction de Créteil.,"['date|5|mai|1931|dans les chemins de fer', 'Métro de Paris/correspondances|8', 'date|10|décembre|1933|dans les chemins de fer', 'Métro de Paris/correspondances|9']",Bonne-Nouvelle,,['France'],,['Régie autonome des transports parisiens|RATP'],4.0,"['e', 'e', 'e']",['Grands Boulevards (métro de Paris)|Grands Boulevards'],['Grands Boulevards (métro de Paris)|Grands Boulevards'],,,,['Strasbourg - Saint-Denis (métro de Paris)|Strasbourg - Saint-Denis'],['Strasbourg - Saint-Denis (métro de Paris)|Strasbourg - Saint-Denis'],,,,,,Bus,,,,,['Arrondissements de Paris|Arrondissement'],,['formatnum:4953438'],https://fr.wikipedia.org/w/index.php?title=Bonne-Nouvelle_(m%C3%A9tro_de_Paris)&action=raw,['Paris'],4.0,
Botzaris (métro de Paris),,,,,,,23-09,,['Bus RATP/correspondances nombreuses avec intitulé|48|60|71'],,,,,RATP,,Paris/19e arrondissement de Paris,Metro de Paris - Ligne 7bis - Botzaris 02.jpg,48.879551689151285,['Métro de Paris/correspondances|7bis'],,['Métro de Paris/correspondance|7bis'],,,,,2.3880404233932495,,"['MF 88', ""Louis Blanc (métro de Paris)|''Louis Blanc''""]",['date|18|janvier|1911|dans les chemins de fer'],Botzaris,,['France'],,['Régie autonome des transports parisiens|RATP'],2.0,['e'],['Buttes Chaumont (métro de Paris)|Buttes Chaumont'],,,,,"['Danube (métro de Paris)|Danube', 'Place des Fêtes (métro de Paris)|Place des Fêtes']",,,,,,,"[""Autobus d'Île-de-France|Bus""]",,,,,['Arrondissements de Paris|Arrondissement'],,['formatnum:951182'],https://fr.wikipedia.org/w/index.php?title=Botzaris_(m%C3%A9tro_de_Paris)&action=raw,['Paris'],2.0,1.0
Boucicaut (métro de Paris),,,,,,,1611.0,,['Bus RATP/correspondances avec intitulé|62'],,,,,RATP,,Paris/15e arrondissement de Paris,Ligne 8 - Boucicaut - 3.jpg,48.841101,['Métro de Paris/correspondance|8'],,['Métro de Paris/correspondance|8'],,,,,2.287817,,,"['27 juillet dans les chemins de fer|27 juillet', '1937 dans les chemins de fer|1937']",Boucicaut,,['France'],,['Régie autonome des transports parisiens|RATP'],2.0,['e'],['Lourmel (métro de Paris)|Lourmel'],,,,,['Félix Faure (métro de Paris)|Félix Faure'],,,,,,,"[""Autobus d'Île-de-France|Bus""]",,,,,['Arrondissements de Paris|Arrondissement'],,['formatnum:3030137'],https://fr.wikipedia.org/w/index.php?title=Boucicaut_(m%C3%A9tro_de_Paris)&action=raw,['Paris'],2.0,1.0
Boulogne - Jean Jaurès (métro de Paris),,,,,,,29-04,,['Bus RATP/correspondances nombreuses avec intitulé|52|123'],,,,,RATP,,Paris,Paris metro - Boulogne-Jean Jaurès - 3.JPG,48.84227812602074,['Métro de Paris/correspondance|10'],,['Métro de Paris/correspondance|10'],,,,,2.2388774156570435,,Le quai unique de la station.,['Date|3|octobre|1980|dans les chemins de fer'],Boulogne - Jean Jaurès,,['France'],,['Régie autonome des transports parisiens|RATP'],1.0,,['Boulogne - Pont de Saint-Cloud (métro de Paris)|Boulogne - Pont de Saint-Cloud'],,,,,"[""Porte d'Auteuil (métro de Paris)|Porte d'Auteuil"", 'Michel-Ange - Molitor (métro de Paris)|Michel-Ange - Molitor']",,,,,,,Bus,,,,,,,['formatnum:3847782'],https://fr.wikipedia.org/w/index.php?title=Boulogne_-_Jean_Jaur%C3%A8s_(m%C3%A9tro_de_Paris)&action=raw,['Boulogne-Billancourt'],2.0,2.0
Boulogne - Pont de Saint-Cloud (métro de Paris),,,,,,,29-05,,"[""Tramway d'Île-de-France/correspondances avec intitulé|2""]","['Bus RATP/correspondances nombreuses avec intitulé|52|72|126|160|175', 'Bus RATP/correspondance|260', 'Bus RATP/correspondance|467']",['Bus Optile/correspondances avec intitulé|Transdev Nanterre|460'],['Bus Optile/correspondances avec intitulé|Hourtoule|17'],,['Régie autonome des transports parisiens|RATP'],,Paris et la petite couronne,Paris metro - Boulogne-Pont de Saint-Cloud - 3.JPG,48.840684,['Métro de Paris/correspondance|10'],,['Métro de Paris/correspondance|10'],,,,,2.228331,,,"['2 octobre dans les chemins de fer|2 octobre', '1981 dans les chemins de fer|1981']",Boulogne - Pont de Saint-Cloud<br /><small>''Rhin et Danube''</small>,,['France'],,['Régie autonome des transports parisiens|RATP'],1.0,,'''Terminus''',,,,,['Boulogne - Jean Jaurès (métro de Paris)|Boulogne - Jean Jaurès'],,,,,,,"[""Tramway d'Île-de-France|Tramway""]",['Réseau de bus RATP|RATP'],['Établissement Transdev de Nanterre|Transdev Nanterre'],['Hourtoule'],,,,['formatnum:3033621'],https://fr.wikipedia.org/w/index.php?title=Boulogne_-_Pont_de_Saint-Cloud_(m%C3%A9tro_de_Paris)&action=raw,['Boulogne-Billancourt'],2.0,2.0
Bourse (métro de Paris),,,,,,,1104.0,,['Bus RATP/correspondances avec intitulé|20|29|39|74|85'],['Noctilien/correspondances avec intitulé|N15|N16'],,,,RATP,,Paris/2e arrondissement de Paris,Bourse (métro Paris) quai Levallois par Cramos.JPG,48.86873757398423,['Métro de Paris/correspondance|3'],,['Métro de Paris/correspondance|3'],,,,,2.3413699865341187,,,['Date|19|octobre|1904|dans les chemins de fer'],Bourse,,['France'],,['Régie autonome des transports parisiens|RATP'],2.0,['e'],['Quatre-Septembre (métro de Paris)|Quatre-Septembre'],,,,,['Sentier (métro de Paris)|Sentier'],,,,,,,Bus RATP,Noctilien,,,,['Arrondissements de Paris|Arrondissement'],,['formatnum:3288142'],https://fr.wikipedia.org/w/index.php?title=Bourse_(m%C3%A9tro_de_Paris)&action=raw,['Paris'],2.0,1.0
Brochant (métro de Paris),,,,,,,3008.0,,"['Bus RATP/correspondances avec intitulé|31|54|66|74', 'Bus RATP/correspondances|Traverse Batignolles-Bichat']",['Noctilien/correspondances avec intitulé|N15|N51'],,,,['Régie autonome des transports parisiens|RATP'],,Paris/17e arrondissement de Paris,Metro de Paris - Ligne 13 - Brochant 15.jpg,48.890855496964654,['Métro de Paris/correspondance|13'],,['Métro de Paris/correspondance|13'],,,,,2.3197004199028015,,Les quais de la station.,['date|20|janvier|1912|dans les chemins de fer'],Brochant,,['France'],,['Régie autonome des transports parisiens|RATP'],2.0,['e'],['Porte de Clichy (métro de Paris)|Porte de Clichy'],,,,,['La Fourche (métro de Paris)|La Fourche'],,,,,,,Bus,Noctilien,,,,['Arrondissements de Paris|Arrondissement'],,['formatnum:3492868'],https://fr.wikipedia.org/w/index.php?title=Brochant_(m%C3%A9tro_de_Paris)&action=raw,['Paris'],2.0,1.0
Buttes Chaumont (métro de Paris),,,,,,,23-13,,['Bus RATP/correspondances avec intitulé|26|71'],,,,,['Régie autonome des transports parisiens|RATP'],,Paris/19e arrondissement de Paris,Paris Metro Louis Blanc dsc00848.jpg,48.87850037042899,['Métro de Paris/correspondance|7bis'],,['Métro de Paris/correspondance|7bis'],,,,,2.3817721009254456,,"[""Louis Blanc (métro de Paris)|''Louis Blanc''""]",['date|13|février|1912|dans les chemins de fer'],Buttes Chaumont,,['France'],,['Régie autonome des transports parisiens|RATP'],2.0,['e'],['Bolivar (métro de Paris)|Bolivar'],,,,,['Botzaris (métro de Paris)|Botzaris'],,,,,,,"[""Autobus d'Île-de-France|Bus""]",,,,,['Arrondissements de Paris|Arrondissement'],,['formatnum:507867'],https://fr.wikipedia.org/w/index.php?title=Buttes_Chaumont_(m%C3%A9tro_de_Paris)&action=raw,['Paris'],2.0,1.0
Buzenval (métro de Paris),,,,,,,05-05,,['Bus RATP/correspondances nombreuses avec intitulé|57|Traverse Charonne'],,,,,['Régie autonome des transports parisiens|RATP'],,Paris/20e arrondissement de Paris,Buzenval (métro Paris) par Cramos.JPG,48.851976,['Métro de Paris/correspondance|9'],,,,,,,2.402045,['Unité|105|m'],Les quais de la station en 2006.,"['10 décembre dans les chemins de fer|10 décembre', '1933 dans les chemins de fer|1933']",Buzenval,,['France'],,['Régie autonome des transports parisiens|RATP'],2.0,['e'],['Nation (métro de Paris)|Nation'],,,,,['Maraîchers (métro de Paris)|Maraîchers'],,,,,,,Bus,,,,,['Arrondissements de Paris|Arrondissement'],,['formatnum:1914564'],https://fr.wikipedia.org/w/index.php?title=Buzenval_(m%C3%A9tro_de_Paris)&action=raw,['Paris'],2.0,1.0
Cadet (métro de Paris),,,,,,,2103.0,,['Bus RATP/correspondances avec intitulé|26|32|43|45|48|85'],,,,,RATP,,Paris/9e arrondissement de Paris,Métro de Paris - Ligne 7 - Cadet 02.jpg,48.87613482251159,['Métro de Paris/correspondance|7'],,['Métro de Paris/correspondance|7'],,,,,2.3448756337165833,['Unité|75|m'],"['drapeau des États-Unis', 'Poissonnière (métro de Paris)|Poissonnière']",['Date|5|novembre|1910|dans les chemins de fer'],Cadet,,['France'],,['Régie autonome des transports parisiens|RATP'],2.0,['e'],['Poissonnière (métro de Paris)|Poissonnière'],,,,,['Le Peletier (métro de Paris)|Le Peletier'],,,,,,,Bus RATP,,,,,['Arrondissements de Paris|Arrondissement'],,['Unité|3289639|voyageurs'],https://fr.wikipedia.org/w/index.php?title=Cadet_(m%C3%A9tro_de_Paris)&action=raw,['Paris'],2.0,1.0
Cambronne (métro de Paris),,,,,,,202.0,,['Bus RATP/correspondances nombreuses avec intitulé|80'],['Noctilien/correspondances avec intitulé|N12|N61'],,,,RATP,,Paris/15e arrondissement de Paris,Cambronne métro Q01.jpg,48.84753653911584,['Métro de Paris/correspondances|6'],,['Métro de Paris/correspondance|6'],,,,,2.302936613559723,,Quai direction ''Nation''.,['date|24|avril|1906|dans les chemins de fer'],Cambronne,,['France'],,['Régie autonome des transports parisiens|RATP'],2.0,['e'],['La Motte-Picquet - Grenelle (métro de Paris)|La Motte-Picquet - Grenelle'],,,,,['Sèvres - Lecourbe (métro de Paris)|Sèvres - Lecourbe'],,,,,,,"[""Autobus d'Île-de-France|Bus""]",['Noctilien'],,,,['Arrondissements de Paris|Arrondissement'],,['formatnum:3097164'],https://fr.wikipedia.org/w/index.php?title=Cambronne_(m%C3%A9tro_de_Paris)&action=raw,['Paris'],2.0,1.0
Campo-Formio (métro de Paris),,,,,,,14-12,,['Bus RATP/correspondances nombreuses avec intitulé|57|67'],,,,,['Régie autonome des transports parisiens|RATP'],,Paris/13e arrondissement de Paris,Campo Formio Sortie.JPG,48.83502241002785,['Métro de Paris/correspondance|5'],,['Métro de Paris/correspondance|5'],,,,,2.3581284284591675,,,"['6 juin dans les chemins de fer|6 juin', '1906 dans les chemins de fer|1906']",Campo-Formio,,['France'],,['Régie autonome des transports parisiens|RATP'],2.0,['e'],['Saint-Marcel (métro de Paris)|Saint-Marcel'],,,,,"[""Place d'Italie (métro de Paris)|Place d'Italie""]",,,,,,,"[""Autobus d'Île-de-France|Bus""]",,,,,['Arrondissements de Paris|Arrondissement'],,['formatnum:1120960'],https://fr.wikipedia.org/w/index.php?title=Campo-Formio_(m%C3%A9tro_de_Paris)&action=raw,['Paris'],2.0,1.0
Cardinal Lemoine (métro de Paris),,,,,,,1206.0,,['Bus RATP/correspondances nombreuses avec intitulé|47|89'],,,,,['Régie autonome des transports parisiens|RATP'],,Paris/5e arrondissement de Paris,Cardinal Lemoine Métro de Paris.jpg,48.84713939728227,['Métro de Paris/correspondance|10'],,,,,,,2.351202964782715,['Unité|75|m'],"[""Boulogne - Pont de Saint-Cloud (métro de Paris)|''Boulogne - Pont de Saint-Cloud''""]",['date|26|avril|1931|dans les chemins de fer'],Cardinal Lemoine,,['France'],,['Régie autonome des transports parisiens|RATP'],2.0,['e'],['Maubert - Mutualité (métro de Paris)|Maubert - Mutualité'],,,,,['Jussieu (métro de Paris)|Jussieu'],,,,,,,Bus,,,,,['Arrondissements de Paris|Arrondissement'],,['formatnum:1715926'],https://fr.wikipedia.org/w/index.php?title=Cardinal_Lemoine_(m%C3%A9tro_de_Paris)&action=raw,['Paris'],2.0,1.0
Carrefour Pleyel (métro de Paris),,,,,,,19-13,,['Bus RATP/correspondances nombreuses avec intitulé|139|255|274'],['Noctilien/correspondances avec intitulé|N44'],,,,RATP,,Paris et la petite couronne,Carrefour Pleyel - octobre 2012 - Quais.jpg,48.91994192110376,['Métro de Paris/correspondance|13'],,['Métro de Paris/correspondance|13'],,,,,2.3439261317253113,,Les quais de la station Carrefour Pleyel en 2012.,['date|30|juin|1952|dans les chemins de fer'],Carrefour Pleyel,,['France'],,['Régie autonome des transports parisiens|RATP'],2.0,,['Saint-Denis - Porte de Paris (métro de Paris)|Saint-Denis - Porte de Paris'],,,,,['Mairie de Saint-Ouen (métro de Paris)|Mairie de Saint-Ouen'],,,,,,,Bus,Noctilien,,,,,,['formatnum:2829368'],https://fr.wikipedia.org/w/index.php?title=Carrefour_Pleyel_(m%C3%A9tro_de_Paris)&action=raw,['Saint-Denis (Seine-Saint-Denis)|Saint-Denis'],3.0,2.0
Censier - Daubenton (métro de Paris),,,,,,,1204.0,,['Bus RATP/correspondances avec intitulé|47'],['Noctilien/correspondances avec intitulé|N15|N22'],,,,RATP,,Paris/5e arrondissement de Paris,Metro de Paris - Ligne 7 - Censier - Daubenton 02.jpg,48.840597,['Métro de Paris/correspondance|7'],,['Métro de Paris/correspondance|7'],,,,,2.351774,,['MF 77'],"['Date|15|février|1930|dans les chemins de fer', 'Métro de Paris/correspondance|10', 'Date|26|avril|1931|dans les chemins de fer', 'Métro de Paris/correspondance|7']",Censier - Daubenton,,['France'],,['Régie autonome des transports parisiens|RATP'],2.0,['e'],['Place Monge (métro de Paris)|Place Monge'],,,,,['Les Gobelins (métro de Paris)|Les Gobelins'],,,,,,,Bus RATP,Noctilien,,,,Arrondissement,,['formatnum:3777857'],https://fr.wikipedia.org/w/index.php?title=Censier_-_Daubenton_(m%C3%A9tro_de_Paris)&action=raw,['Paris'],2.0,1.0
Champs-Élysées - Clemenceau (métro de Paris),,,,,,,1001.0,,['Bus RATP/correspondances nombreuses avec intitulé|42|73|93'],['Noctilien/correspondances avec intitulé|N11|N24'],,,,['Régie autonome des transports parisiens|RATP'],,Paris/8e arrondissement de Paris,Metro Paris - Ligne 1 - station Champs-Elysees - Clemenceau 01.jpg,48.8674114214171,['Métro de Paris/correspondances|1|13'],,['Métro de Paris/correspondance|1'],['Métro de Paris/correspondance|13'],,,,2.31395945009909,,La station de la ligne 1 avant son automatisation.,"['date|19|juillet|1900|dans les chemins de fer', 'Métro de Paris/correspondances|1', 'date|18|février|1975|dans les chemins de fer', 'Métro de Paris/correspondances|13']",Champs-Élysées - Clemenceau<br /><small>''Grand Palais''</small>,,['France'],,['Régie autonome des transports parisiens|RATP'],4.0,['e'],['Franklin D. Roosevelt (métro de Paris)|Franklin D. Roosevelt'],['Miromesnil (métro de Paris)|Miromesnil'],,,,['Concorde (métro de Paris)|Concorde'],['Invalides (métro de Paris)|Invalides'],,,,,,Bus,Noctilien,,,,['Arrondissements de Paris|Arrondissement'],,['formatnum:4617843'],https://fr.wikipedia.org/w/index.php?title=Champs-%C3%89lys%C3%A9es_-_Clemenceau_(m%C3%A9tro_de_Paris)&action=raw,['Paris'],4.0,1.0
Chardon-Lagache (métro de Paris),,,,,,,711.0,,['Bus RATP/correspondances nombreuses avec intitulé|22|62'],['Noctilien/correspondances avec intitulé|N12|N61'],,,,RATP,,Paris/16e arrondissement de Paris,Chardon-Lagache métro 01.jpg,48.8451377544999,['Métro de Paris/correspondances|10'],,['Métro de Paris/correspondances|10'],,,,,2.2662144899368286,,Entrée de la station.,['Date|30 septembre 1913|dans les chemins de fer'],Chardon-Lagache,,['France'],,['Régie autonome des transports parisiens|RATP'],1.0,['e'],['Michel-Ange - Molitor (métro de Paris)|Michel-Ange - Molitor'],,,,,['Mirabeau (métro de Paris)|Mirabeau'],,,,,,,Bus,Noctilien,,,,['Arrondissements de Paris|Arrondissement'],,['formatnum:651234'],https://fr.wikipedia.org/w/index.php?title=Chardon-Lagache_(m%C3%A9tro_de_Paris)&action=raw,['Paris'],1.0,
Gare d'Austerlitz (métro de Paris),,,,,,,907.0,,['RER/correspondances avec intitulé|C'],"['Bus RATP/correspondances avec intitulé|24|57|61|63|89', 'Bus RATP/correspondances|91|215|OpenTour']",['Noctilien/correspondances avec intitulé|N01|N02|N31|N131|N133'],,,RATP,,Paris/13e arrondissement de Paris/5e arrondissement de Paris,P1250372 Paris XIII gare Paris-Austerlitz metro ligne5 rwk.jpg,48.842625879686175,['Métro de Paris/correspondances|5|10'],,['Métro de Paris/correspondance|5'],['Métro de Paris/correspondance|10'],,,,2.3649707436561584,,Une rame de la ligne 5 sortant de la station.,"['métro de Paris/correspondances|5', 'Date|2 juin 1906|dans les chemins de fer', 'métro de Paris/correspondances|10', 'Date|12 juillet 1939|dans les chemins de fer']",Gare d'Austerlitz,,['France'],,['Régie autonome des transports parisiens|RATP'],4.0,"['e', 'e']",['Quai de la Rapée (métro de Paris)|Quai de la Rapée'],['Jussieu (métro de Paris)|Jussieu'],,,,['Saint-Marcel (métro de Paris)|Saint-Marcel'],'''Terminus''',,,,,,"[""Réseau express régional d'Île-de-France|RER""]",Bus,Noctilien,,,['Arrondissements de Paris|Arrondissement'],,['formatnum:8375268'],https://fr.wikipedia.org/w/index.php?title=Gare_d%27Austerlitz_(m%C3%A9tro_de_Paris)&action=raw,['Paris'],4.0,
Charenton - Écoles (métro de Paris),,,,,,,25-13,,['Bus RATP/correspondances nombreuses avec intitulé|24|111|180|325'],,,,,RATP,,Paris et la petite couronne,Station métro Charenton-Ecoles - Station métro Charenton-EcoleIMG 3696.jpg,48.82148972262477,['métro de Paris/correspondance|8'],,['Métro de Paris/correspondance|8'],,,,,2.4138620495796204,,Accès à la station.,"['5 octobre dans les chemins de fer|5 octobre', '1942 dans les chemins de fer|1942']",Charenton - Écoles<br /><small>''Place Aristide Briand''</small>,,['France'],,['Régie autonome des transports parisiens|RATP'],2.0,,['Liberté (métro de Paris)|Liberté'],,,,,['École vétérinaire de Maisons-Alfort (métro de Paris)|École vétérinaire de Maisons-Alfort'],,,,,,,"[""Autobus d'Île-de-France|Bus""]",,,,,,,3 132 036 en 2018,https://fr.wikipedia.org/w/index.php?title=Charenton_-_%C3%89coles_(m%C3%A9tro_de_Paris)&action=raw,['Charenton-le-Pont'],2.0,2.0
Charles de Gaulle - Étoile (métro de Paris),,,,,,,1812.0,,['RER/correspondances avec intitulé|A'],"['Bus RATP/correspondances avec intitulé|22|30|31|52|73', 'Bus RATP/correspondances|92|341|OpenTour']",['Bus Optile/correspondances avec intitulé|Le Bus Direct|1|2'],['Noctilien/correspondances avec intitulé|N11|N24|N53|N151|N153'],,RATP,,Paris/17e arrondissement de Paris/16e arrondissement de Paris/8e arrondissement de Paris,Metro de Paris - Ligne 2 - Charles de Gaulle - Etoile 03.jpg,48.8744076036607,['Métro de Paris/correspondances|1|2|6'],,['Métro de Paris/correspondance|1'],['Métro de Paris/correspondance|2'],['Métro de Paris/correspondance|6'],,,2.29576268465124,"['Métro de Paris/correspondance|1', 'Unité|90|m', 'Métro de Paris/correspondance|2', 'Métro de Paris/correspondance|6', 'Unité|75|m']",Quais de la ligne 2.,"['Date|1er|septembre|1900|dans les chemins de fer', 'Métro de Paris/correspondance|1', 'Date|2|octobre|1900|dans les chemins de fer', 'Date|13|décembre|1900|dans les chemins de fer', 'Métro de Paris/correspondance|2', 'Date|14|octobre|1907|dans les chemins de fer', 'Métro de Paris/correspondance|5', 'Date|6|octobre|1942|dans les chemins de fer', 'Métro de Paris/correspondances|5|6']",Charles de Gaulle - Étoile,Étoile,['France'],,['Régie autonome des transports parisiens|RATP'],6.0,"['e', 'e', 'e']",['Argentine (métro de Paris)|Argentine'],['Victor Hugo (métro de Paris)|Victor Hugo'],'''Terminus''',,,['George V (métro de Paris)|George V'],['Ternes (métro de Paris)|Ternes'],['Kléber (métro de Paris)|Kléber'],,,,,RER,Bus RATP,Le Bus Direct,Noctilien,,['Arrondissements de Paris|Arrondissement'],,['formatnum:9067635'],https://fr.wikipedia.org/w/index.php?title=Charles_de_Gaulle_-_%C3%89toile_(m%C3%A9tro_de_Paris)&action=raw,['Paris'],5.0,1.0
Charles Michels (métro de Paris),,,,,,,1613.0,,['Bus RATP/correspondances nombreuses avec intitulé|42|70|88'],['Noctilien/correspondances avec intitulé|N12|N61'],,,,RATP,,Paris/15e arrondissement de Paris,Metro Charles Michel Paris.jpg,48.846591,['Métro de Paris/correspondances|10'],,['Métro de Paris/correspondances|10'],,,,,2.286942,,"La station fin 2009, après la rénovation et le retrait des caissons métalliques.",['Date|13 juillet 1913|dans les chemins de fer'],Charles Michels,Beaugrenelle,['France'],,['Régie autonome des transports parisiens|RATP'],2.0,['e'],['Javel - André Citroën (métro de Paris)|Javel - André Citroën'],,,,,['Avenue Émile-Zola (métro de Paris)|Avenue Émile-Zola'],,,,,,,Bus,Noctilien,,,,['Arrondissements de Paris|Arrondissement'],,['formatnum:4851393'],https://fr.wikipedia.org/w/index.php?title=Charles_Michels_(m%C3%A9tro_de_Paris)&action=raw,['Paris'],2.0,
Charonne (métro de Paris),,,,,,,24-02,,['Bus RATP/correspondances nombreuses avec intitulé|56|76'],,,,,['Régie autonome des transports parisiens|RATP'],,Paris/11e arrondissement de Paris,Charonne (métro Paris) vers Pt Sèvres par Cramos.JPG,48.85510281313548,['Métro de Paris/correspondance|9'],,['Métro de Paris/correspondance|9'],,,,,2.3846393823623657,,,"['10 décembre dans les chemins de fer|10 décembre', '1933 dans les chemins de fer|1933']",Charonne,,['France'],,['Régie autonome des transports parisiens|RATP'],2.0,['e'],['Voltaire (métro de Paris)|Voltaire'],,,,,['Rue des Boulets (métro de Paris)|Rue des Boulets'],,,,,,,Bus,,,,,['Arrondissements de Paris|Arrondissement'],,['formatnum:4074046'],https://fr.wikipedia.org/w/index.php?title=Charonne_(m%C3%A9tro_de_Paris)&action=raw,['Paris'],2.0,
Château d'Eau (métro de Paris),,,,,,,1111.0,,['Bus RATP/correspondances nombreuses avec intitulé|32|38|39'],['Noctilien/correspondances avec intitulé|N13|N14'],,,,RATP,,Paris/10e arrondissement de Paris,Metro de Paris - Ligne 4 - Chateau d Eau 02.jpg,48.872901196858045,['Métro de Paris/correspondance|4'],,['Métro de Paris/correspondance|4'],,,,,2.3561489582061768,,Une fresque sur le tympan nord de la station représente la fontaine de l'ancienne place du Château-d'Eau.,['Date|21|avril|1908|dans les chemins de fer'],Château d'Eau,,['France'],,['Régie autonome des transports parisiens|RATP'],2.0,['e'],"[""Gare de l'Est (métro de Paris)|Gare de l'Est""]",,,,,['Strasbourg - Saint-Denis (métro de Paris)|Strasbourg - Saint-Denis'],,,,,,,Bus,Noctilien,,,,['Arrondissements de Paris|Arrondissement'],,['formatnum:4059164'],https://fr.wikipedia.org/w/index.php?title=Ch%C3%A2teau_d%27Eau_(m%C3%A9tro_de_Paris)&action=raw,['Paris'],2.0,1.0
Château-Landon (métro de Paris),,,,,,,2111.0,,"['Transilien/correspondances avec intitulé|P', 'Gare de Paris-Est']",['Bus RATP/correspondances avec intitulé|26|46|54'],['Noctilien/correspondances avec intitulé|N13|N41|N42|N45'],,,RATP,,Paris/10e arrondissement de Paris,Landon-verssud.jpg,48.8784562710064,['Métro de Paris/correspondance|7'],,['Métro de Paris/correspondance|7'],,,,,2.3620712757110596,,"[""Gare de l'Est (métro de Paris)|Gare de l'Est""]",['Date|5|novembre|1910|dans les chemins de fer'],Château-Landon,,['France'],,['Régie autonome des transports parisiens|RATP'],2.0,['10e'],['Louis Blanc (métro de Paris)|Louis Blanc'],,,,,"[""Gare de l'Est (métro de Paris)|Gare de l'Est""]",,,,,,,Transilien,Bus RATP,Noctilien,,,Arrondissement,,['formatnum:1644923'],https://fr.wikipedia.org/w/index.php?title=Ch%C3%A2teau-Landon_(m%C3%A9tro_de_Paris)&action=raw,['Paris'],2.0,1.0
Château Rouge (métro de Paris),,,,,,,21-04,,['Bus RATP/correspondances nombreuses avec intitulé|31|56'],['Noctilien/correspondances avec intitulé|N14|N44'],,,,RATP,,Paris/18e arrondissement de Paris,MetroChateauRougeAtNight.JPG,48.88673,['Métro de Paris/correspondance|4'],,['Métro de Paris/correspondance|4'],,,,,2.349552,,['place du Château-Rouge'],"['21 avril dans les chemins de fer|21 avril', '1908 dans les chemins de fer|1908']",Château Rouge,,['France'],,['Régie autonome des transports parisiens|RATP'],2.0,['e'],['Marcadet - Poissonniers (métro de Paris)|Marcadet - Poissonniers'],,,,,['Barbès - Rochechouart (métro de Paris)|Barbès - Rochechouart'],,,,,,,Bus,Noctilien,,,,['Arrondissements de Paris|Arrondissement'],,['formatnum:6874733'],https://fr.wikipedia.org/w/index.php?title=Ch%C3%A2teau_Rouge_(m%C3%A9tro_de_Paris)&action=raw,['Paris'],2.0,1.0
Châtelet (métro de Paris),,,,,,,108.0,,"['RER/correspondances avec intitulé|A|B|D', 'Gare de Châtelet - Les Halles|Châtelet - Les Halles']","['Bus RATP/correspondances avec intitulé|21|38|47|58|67|69', 'Bus RATP/correspondances|70|72|74|75|76|85|96']","['Noctilien/correspondances avec intitulé|N11|N12|N13|N14|N15|N16', 'Noctilien/correspondances|N21|N22|N23|N24|N122', 'Noctilien/correspondances|N144|N145']",,,RATP,,Paris/1er arrondissement de Paris/4e arrondissement de Paris,Paris metro entrance Sainte-Opportune.jpg,48.8585195224421,['Métro de Paris/correspondances|1|4|7|11|14'],,['Métro de Paris/correspondance|1'],['Métro de Paris/correspondance|4'],['Métro de Paris/correspondance|7'],['Métro de Paris/correspondance|11'],['Métro de Paris/correspondance|14'],2.34711940104793,"['Métro de Paris/correspondance|1', 'Métro de Paris/correspondance|4', 'Métro de Paris/correspondance|7', 'Unité|90|m', 'Métro de Paris/correspondance|11', 'Unité|75|m', 'Métro de Paris/correspondance|14', 'Unité|120|m']","['Édicule Guimard', 'place Sainte-Opportune']","['Date|6|août|1900|dans les chemins de fer', 'Métro de Paris/correspondance|1', 'Date|21|avril|1908|dans les chemins de fer', 'Métro de Paris/correspondance|4', 'Date|16|avril|1926|dans les chemins de fer', 'Métro de Paris/correspondance|7', 'Date|28|avril|1935|dans les chemins de fer', 'Métro de Paris/correspondance|11', 'Date|15|octobre|1998|dans les chemins de fer', 'Métro de Paris/correspondance|14']",Châtelet,,['France'],,['Régie autonome des transports parisiens|RATP'],10.0,"['er', 'e']",['Louvre - Rivoli (métro de Paris)|Louvre - Rivoli'],['Les Halles (métro de Paris)|Les Halles'],['Pont-Neuf (métro de Paris)|Pont-Neuf'],'''Terminus''',['Pyramides (métro de Paris)|Pyramides'],['Hôtel de Ville (métro de Paris)|Hôtel de Ville'],['Cité (métro de Paris)|Cité'],['Pont Marie (métro de Paris)|Pont Marie'],['Hôtel de Ville (métro de Paris)|Hôtel de Ville'],['Gare de Lyon (métro de Paris)|Gare de Lyon'],,,RER,Bus RATP,Noctilien,,,Arrondissement,,['formatnum:13929657'],https://fr.wikipedia.org/w/index.php?title=Ch%C3%A2telet_(m%C3%A9tro_de_Paris)&action=raw,['Paris'],11.0,1.0
Châtillon - Montrouge (métro de Paris),,,,,,,27-09,,"[""Tramway d'Île-de-France/correspondances avec intitulé|6""]","['Bus RATP/correspondances avec intitulé|68|194|195', 'Bus RATP/correspondances|294|323|388|391', 'Bus RATP/correspondances|Montbus|Amibus']",['Bus Optile/correspondances avec intitulé|Sqybus|475'],['Noctilien/correspondances avec intitulé|N63|N66'],,RATP,,Paris et la petite couronne,Paris metro - Châtillon-Montrouge - 3.JPG,48.81053941501507,['Métro de Paris/correspondance|13'],,['Métro de Paris/correspondance|13'],['Métro de Paris/correspondance|15'],,,,2.3018261790275574,,['Paris'],['Date|9|novembre|1976|dans les chemins de fer'],Châtillon - Montrouge,,['France'],,['Régie autonome des transports parisiens|RATP'],2.0,,['Malakoff - Rue Étienne-Dolet (métro de Paris)|Malakoff - Rue Étienne-Dolet'],"[""Fort d'Issy - Vanves - Clamart (métro de Paris)|Fort d'Issy - Vanves - Clamart""]",,,,'''Terminus''',['Bagneux - Lucie Aubrac (métro de Paris)|Bagneux - Lucie Aubrac'],,,,,,Tramway,Bus RATP,Sqybus,Noctilien,,,,['formatnum:7124158'],https://fr.wikipedia.org/w/index.php?title=Ch%C3%A2tillon_-_Montrouge_(m%C3%A9tro_de_Paris)&action=raw,"['Châtillon (Hauts-de-Seine)|Châtillon', 'Montrouge', 'Bagneux (Hauts-de-Seine)|Bagneux', 'Malakoff (Hauts-de-Seine)|Malakoff']",3.0,
Chaussée d'Antin - La Fayette (métro de Paris),,,,,,,2101.0,,['Bus RATP/correspondances avec intitulé|45|68'],,,,,RATP,,Paris/9e arrondissement de Paris,Paris - Chaussée d'Antin La Fayette Station (23442445491).jpg,48.873072321402,['Métro de Paris/correspondances|7|9'],,['Métro de Paris/correspondance|7'],['Métro de Paris/correspondance|9'],,,,2.3339322209358215,,Un quai de la ligne 9.,"['Date|5|novembre|1910|dans les chemins de fer', 'Métro de Paris/correspondance|7', 'Date|3|juin|1923|dans les chemins de fer', 'Métro de Paris/correspondance|9']",Chaussée d'Antin -<br />La Fayette,,['France'],,['Régie autonome des transports parisiens|RATP'],4.0,['e'],['Le Peletier (métro de Paris)|Le Peletier'],['Havre - Caumartin (métro de Paris)|Havre - Caumartin'],,,,['Opéra (métro de Paris)|Opéra'],['Richelieu - Drouot (métro de Paris)|Richelieu - Drouot'],,,,,,Bus RATP,,,,,['Arrondissements de Paris|Arrondissement'],,['formatnum:7600254'],https://fr.wikipedia.org/w/index.php?title=Chauss%C3%A9e_d%27Antin_-_La_Fayette_(m%C3%A9tro_de_Paris)&action=raw,['Paris'],4.0,1.0
Chemin Vert (métro de Paris),,,,,,,1213.0,,['Bus RATP/correspondances avec intitulé|29|69|91'],['Noctilien/correspondances avec intitulé|N01|N02'],,,,RATP,,Paris/11e arrondissement de Paris/3e arrondissement de Paris,Metro de Paris - Ligne 8 - Chemin Vert 01.jpg,48.856777581364625,['Métro de Paris/correspondance|8'],,['Métro de Paris/correspondance|8'],,,,,2.368347644805908,,Quais de la station.,['Date|5|mai|1931|dans les chemins de fer'],Chemin Vert,,['France'],,['Régie autonome des transports parisiens|RATP'],2.0,"['e', 'e']",['Saint-Sébastien - Froissart (métro de Paris)|Saint-Sébastien - Froissart'],,,,,['Bastille (métro de Paris)|Bastille'],,,,,,,"[""Autobus d'Île-de-France|Bus""]",['Noctilien'],,,,['Arrondissements de Paris|Arrondissement'],,['formatnum:1483745'],https://fr.wikipedia.org/w/index.php?title=Chemin_Vert_(m%C3%A9tro_de_Paris)&action=raw,['Paris'],2.0,1.0
Chevaleret (métro de Paris),,,,,,,902.0,,['Bus RATP/correspondances nombreuses avec intitulé|61'],,,,,RATP,,Paris/13e arrondissement de Paris,Metro ligne6.jpg,48.83493766552989,['Métro de Paris/correspondance|6'],,['Métro de Paris/correspondance|6'],,,,,2.368082106113434,,['MP 73'],['Date|1er mars 1909|dans les chemins de fer'],Chevaleret,,['France'],,['Régie autonome des transports parisiens|RATP'],2.0,['e'],['Nationale (métro de Paris)|Nationale'],,,,,['Quai de la Gare (métro de Paris)|Quai de la Gare'],,,,,,,"[""Autobus d'Île-de-France|Bus""]",,,,,['Arrondissements de Paris|Arrondissement'],,['Unité|3550425|voyageurs'],https://fr.wikipedia.org/w/index.php?title=Chevaleret_(m%C3%A9tro_de_Paris)&action=raw,['Paris'],2.0,1.0
Cité (métro de Paris),,,,,,,114.0,,"['Bus RATP/correspondances nombreuses avec intitulé|21|27|38|47', 'Bus RATP/correspondances|58|96|OpenTour']","['Noctilien/correspondances avec intitulé|N12|N13|N14|N15', 'Noctilien/correspondances|N21|N22']",,,,RATP,,Paris/4e arrondissement de Paris,Metro - Paris - Ligne 4 - station Cite.jpg,48.8551005857888,['Métro de Paris/correspondance|4'],,['Métro de Paris/correspondance|4'],,,,,2.3467203742446,,"['Édicule Guimard', 'place Louis-Lépine']",['Date|10|décembre|1910|dans les chemins de fer'],Cité,,['France'],,['Régie autonome des transports parisiens|RATP'],2.0,['e'],['Châtelet (métro de Paris)|Châtelet'],,,,,['Saint-Michel (métro de Paris)|Saint-Michel'],,,,,,,Bus,Noctilien,,,,['Arrondissements de Paris|Arrondissement'],,['Unité|2109969|voyageurs'],https://fr.wikipedia.org/w/index.php?title=Cit%C3%A9_(m%C3%A9tro_de_Paris)&action=raw,['Paris'],2.0,
Cluny - La Sorbonne (métro de Paris),,,,,,,105.0,,"['RER/correspondances avec intitulé|B|C', 'Gare de Saint-Michel - Notre-Dame|Saint-Michel - Notre-Dame']","['Bus RATP/correspondances avec intitulé|21|27|38|63|85|86', 'Bus RATP/correspondances||87|96|OpenTour']","['Noctilien/correspondances avec intitulé|N12|N13|N14|N15|N21', 'Noctilien/correspondances|N22|N122']",,,['Régie autonome des transports parisiens|RATP'],,Paris/5e arrondissement de Paris/France,Metro de Paris - Ligne 10 - Cluny - La Sorbonne 01.jpg,48.851050282314304,['Métro de Paris/correspondance|10'],,,,,,,2.344273345421351,,Les quais de la station avec au milieu la voie de raccordement avec la ligne 4.,"['date|15|février|1930|dans les chemins de fer', 'date|2|septembre|1939|dans les chemins de fer', 'Date|15|décembre|1988|dans les chemins de fer']",Cluny - La Sorbonne,,['France'],,['Régie autonome des transports parisiens|RATP'],2.0,['e'],['Odéon (métro de Paris)|Odéon'],,,,,['Maubert - Mutualité (métro de Paris)|Maubert - Mutualité'],,,,,,,"[""Réseau express régional d'Île-de-France|RER""]",Bus,Noctilien,,,['Arrondissements de Paris|Arrondissement'],,['formatnum:2509657'],https://fr.wikipedia.org/w/index.php?title=Cluny_-_La_Sorbonne_(m%C3%A9tro_de_Paris)&action=raw,['Paris'],3.0,
Colonel Fabien (métro de Paris),,,,,,,2215.0,,['Bus RATP/correspondances avec intitulé|46|75'],,,,,RATP,,Ligne 2 du métro de Paris/Paris/19e arrondissement de Paris/10e arrondissement de Paris,Édicule Guimard - station Colonel Fabien.jpg,48.877136,['Métro de Paris/correspondance|2'],,['Métro de Paris/correspondance|2'],,,,,2.37116,,Entrée de la station.,['Date|31|janvier|1903|dans les chemins de fer'],Colonel Fabien,Combat,['France'],,['Régie autonome des transports parisiens|RATP'],2.0,"['e', 'e']",['Jaurès (métro de Paris)|Jaurès'],,,,,['Belleville (métro de Paris)|Belleville'],,,,,,,Bus RATP,,,,,['Arrondissements de Paris|Arrondissement'],,['formatnum:4808282'],https://fr.wikipedia.org/w/index.php?title=Colonel_Fabien_(m%C3%A9tro_de_Paris)&action=raw,['Paris'],2.0,1.0
Commerce (métro de Paris),,,,,,,17-05,,['Bus RATP/correspondances avec intitulé|70|88'],,,,,RATP,,Paris/15e arrondissement de Paris,Commerce - Quai décalé (2).JPG,48.845093,['Métro de Paris/correspondance|8'],,['Métro de Paris/correspondance|8'],,,,,2.294215,,['MF 77'],"['27 juillet dans les chemins de fer|27 juillet', '1937 dans les chemins de fer|1937']",Commerce,,['France'],,['Régie autonome des transports parisiens|RATP'],2.0,['e'],['Félix Faure (métro de Paris)|Félix Faure'],,,,,['La Motte-Picquet - Grenelle (métro de Paris)|La Motte-Picquet - Grenelle'],,,,,,,"[""Autobus d'Île-de-France|Bus""]",,,,,['Arrondissements de Paris|Arrondissement'],,['formatnum:2814912'],https://fr.wikipedia.org/w/index.php?title=Commerce_(m%C3%A9tro_de_Paris)&action=raw,['Paris'],2.0,1.0
Concorde (métro de Paris),,,,,,,1002.0,,"['Bus RATP/correspondances avec intitulé|42|45|72|73', 'Bus RATP/correspondances|84|94|OpenTour']",['Noctilien/correspondances avec intitulé|N11|N24'],,,,['Régie autonome des transports parisiens|RATP'],,Paris/8e arrondissement de Paris/1er arrondissement de Paris,Metro de Paris - Ligne 12 - Concorde 03.jpg,48.866176,['Métro de Paris/correspondances|1|8|12'],,['Métro de Paris/correspondance|1'],['Métro de Paris/correspondance|8'],['Métro de Paris/correspondance|12'],,,2.322397,,"[""Déclaration des droits de l'homme et du citoyen de 1789""]","['13 août dans les chemins de fer|13 août', '1900 dans les chemins de fer|1900', 'Métro de Paris/correspondances|1', '5 novembre dans les chemins de fer|5 novembre', '1910 dans les chemins de fer|1910', 'Métro de Paris/correspondances|12', '12 mars dans les chemins de fer|12 mars', '1914 dans les chemins de fer|1914', 'Métro de Paris/correspondances|8']",Concorde,,['France'],,['Régie autonome des transports parisiens|RATP'],6.0,"['er', 'e']",['Champs-Élysées - Clemenceau (métro de Paris)|Champs-Élysées - Clemenceau'],['Invalides (métro de Paris)|Invalides'],['Madeleine (métro de Paris)|Madeleine'],,,['Tuileries (métro de Paris)|Tuileries'],['Madeleine (métro de Paris)|Madeleine'],['Assemblée nationale (métro de Paris)|Assemblée nationale'],,,,,Bus,Noctilien,,,,['Arrondissements de Paris|Arrondissement'],,['formatnum:7176639'],https://fr.wikipedia.org/w/index.php?title=Concorde_(m%C3%A9tro_de_Paris)&action=raw,['Paris'],6.0,1.0
Convention (métro de Paris),,,,,,,1605.0,,['Bus RATP/correspondances nombreuses avec intitulé|39|62|80'],,,,,['Régie autonome des transports parisiens|RATP'],,Paris/15e arrondissement de Paris,Metro 12 quais Convention.JPG,48.837419,['Métro de Paris/correspondance|12'],,['Métro de Paris/correspondance|12'],,,,,2.296795,,Quais de la station.,['Date|5 novembre 1910|dans les chemins de fer'],Convention,,['France'],,['Régie autonome des transports parisiens|RATP'],2.0,['e'],['Vaugirard (métro de Paris)|Vaugirard'],,,,,['Porte de Versailles (métro de Paris)|Porte de Versailles'],,,,,,,Bus,,,,,['Arrondissements de Paris|Arrondissement'],,['formatnum:5792331'],https://fr.wikipedia.org/w/index.php?title=Convention_(m%C3%A9tro_de_Paris)&action=raw,['Paris'],2.0,1.0
Corentin Cariou (métro de Paris),,,,,,,22-04,,['Noctilien/correspondances avec intitulé|N42'],,,,,RATP,,Paris/19e arrondissement de Paris,Station_Corentin_Cariou.JPG,48.89473,['Métro de Paris/correspondance|7'],,['Métro de Paris/correspondance|7'],,,,,2.382307,,,['Date|5|novembre|1910|dans les chemins de fer'],Corentin Cariou,Pont de Flandre,['France'],,['Régie autonome des transports parisiens|RATP'],2.0,['e'],['Porte de la Villette (métro de Paris)|Porte de la Villette'],,,,,['Crimée (métro de Paris)|Crimée'],,,,,,,Noctilien,,,,,['Arrondissements de Paris|Arrondissement'],,['formatnum:3178424'],https://fr.wikipedia.org/w/index.php?title=Corentin_Cariou_(m%C3%A9tro_de_Paris)&action=raw,['Paris'],2.0,1.0
Corentin Celton (métro de Paris),,,,,,,2802.0,,['Bus RATP/correspondances nombreuses avec intitulé|126|189|394|TUVIM'],['Noctilien/correspondances avec intitulé|N62'],,,,RATP,,Paris et la petite couronne,Paris metro - Corentin Celton - 1.JPG,48.826833,['Métro de Paris/correspondance|12'],,['Métro de Paris/correspondance|12'],,,,,2.278985,,['MF 67'],"['24 mars dans les chemins de fer|24 mars', '1934 dans les chemins de fer|1934']",Corentin Celton,Petits Ménages,['France'],,['Régie autonome des transports parisiens|RATP'],2.0,,['Porte de Versailles (métro de Paris)|Porte de Versailles'],,,,,"[""Mairie d'Issy (métro de Paris)|Mairie d'Issy""]",,,,,,,Bus,Noctilien,,,,,,['formatnum:3380242'],https://fr.wikipedia.org/w/index.php?title=Corentin_Celton_(m%C3%A9tro_de_Paris)&action=raw,['Issy-les-Moulineaux'],2.0,2.0
Corvisart (métro de Paris),,,,,,,1415.0,,['Bus RATP/correspondances nombreuses avec intitulé|57|64|67'],,,,,RATP,,Paris/13e arrondissement de Paris,Estación de Corvisart 1 2019.jpg,48.82980682532293,['Métro de Paris/correspondances|6'],,['Métro de Paris/correspondance|6'],,,,,2.3505082726478577,,"[""Place d'Italie (métro de Paris)|''Place d'Italie''""]",['date|24|avril|1906|dans les chemins de fer'],Corvisart,,['France'],,['Régie autonome des transports parisiens|RATP'],2.0,['e'],['Glacière (métro de Paris)|Glacière'],,,,,"[""Place d'Italie (métro de Paris)|Place d'Italie""]",,,,,,,"[""Autobus d'Île-de-France|Bus""]",,,,,['Arrondissements de Paris|Arrondissement'],,['formatnum:2622998'],https://fr.wikipedia.org/w/index.php?title=Corvisart_(m%C3%A9tro_de_Paris)&action=raw,['Paris'],2.0,1.0
Cour Saint-Émilion (métro de Paris),,,,,,,15-01 et EMI,,['Bus RATP/correspondances nombreuses avec intitulé|24|64|109|111'],,,,,RATP,,Paris/12e arrondissement de Paris,Cour Saint Emilion mezzanine.jpg,48.8333385593,['Métro de Paris/correspondance|14'],,['Métro de Paris/correspondance|14'],,,,,2.38663240207,,La station vue depuis la mezzanine.,['Date|15|octobre|1998|dans les chemins de fer'],Cour Saint-Émilion,,['France'],,['Régie autonome des transports parisiens|RATP'],2.0,['e'],['Bercy (métro de Paris)|Bercy'],,,,,['Bibliothèque François-Mitterrand (métro de Paris)|Bibliothèque François-Mitterrand'],,,,,,,Bus RATP,,,,,Arrondissement,,['formatnum:5857110'],https://fr.wikipedia.org/w/index.php?title=Cour_Saint-%C3%89milion_(m%C3%A9tro_de_Paris)&action=raw,['Paris'],2.0,1.0
Courcelles (métro de Paris),,,,,,,1815.0,,['Bus RATP/correspondances avec intitulé|30|84'],,,,,RATP,,Ligne 2 du métro de Paris/Paris/17e arrondissement de Paris/8e arrondissement de Paris,Courcelles-quai-rame.jpg,48.879401,['Métro de Paris/correspondance|2'],,['Métro de Paris/correspondance|2'],,,,,2.304339,,['MF 67'],['Date|7|octobre|1902|dans les chemins de fer'],Courcelles,,['France'],,['Régie autonome des transports parisiens|RATP'],2.0,"['e', 'e']",['Ternes (métro de Paris)|Ternes'],,,,,['Monceau (métro de Paris)|Monceau'],,,,,,,Bus RATP,,,,,['Arrondissements de Paris|Arrondissement'],,['formatnum:2650620'],https://fr.wikipedia.org/w/index.php?title=Courcelles_(m%C3%A9tro_de_Paris)&action=raw,['Paris'],2.0,1.0
Couronnes (métro de Paris),,,,,,,24-13,,['Bus RATP/correspondances avec intitulé|20|71|96'],['Noctilien/correspondances avec intitulé|N12|N23'],,,,RATP,,Ligne 2 du métro de Paris/Paris/20e arrondissement de Paris/11e arrondissement de Paris,Metro de Paris - Ligne 2 - Couronnes 01.jpg,48.869521,['Métro de Paris/correspondance|2'],,['Métro de Paris/correspondance|2'],,,,,2.379861,,['Édicule Guimard|Entrée Guimard'],['Date|31|janvier|1903|dans les chemins de fer'],Couronnes,,['France'],,['Régie autonome des transports parisiens|RATP'],2.0,"['e', 'e']",['Belleville (métro de Paris)|Belleville'],,,,,['Ménilmontant (métro de Paris)|Ménilmontant'],,,,,,,Bus RATP,Noctilien,,,,['Arrondissements de Paris|Arrondissement'],,['formatnum:3034396'],https://fr.wikipedia.org/w/index.php?title=Couronnes_(m%C3%A9tro_de_Paris)&action=raw,['Paris'],2.0,1.0
Créteil - L'Échat (métro de Paris),,,,Cyril Trétout<br /><small>(station de la ligne 15)</small>,Mathias Isouard,,2505.0,,"['Bus RATP/correspondances avec intitulé|172|281', 'Bus Optile/correspondances avec intitulé|STRAV|B|O1|O2', 'Bus Optile/correspondances avec intitulé|CIF|100']",,,,,RATP,,Paris et la petite couronne/Île-de-France,Creteil-LEchat01.jpg,48.79596296515138,['Métro de Paris/correspondance|8'],,['Métro de Paris/correspondance|8'],['Métro de Paris/correspondance|15'],,,,2.449355721473694,,"['MF 77', ""Pointe du Lac (métro de Paris)|''Pointe du Lac''""]","['24 septembre dans les chemins de fer|24 septembre', '1973 dans les chemins de fer|1973']",Créteil - L'Échat<br /><small>''Hôpital Henri Mondor''</small>,,['France'],,['Régie autonome des transports parisiens|RATP'],1.0,,['Maisons-Alfort - Les Juilliottes (métro de Paris)|Maisons-Alfort - Les Juilliottes'],['Le Vert de Maisons (métro de Paris)|Le Vert de Maisons'],,,,['Créteil - Université (métro de Paris)|Créteil - Université'],['Saint-Maur - Créteil (métro de Paris)|Saint-Maur - Créteil'],,,,,,"[""Autobus d'Île-de-France|Bus""]",,,,,,,['formatnum:2361971'],https://fr.wikipedia.org/w/index.php?title=Cr%C3%A9teil_-_L%27%C3%89chat_(m%C3%A9tro_de_Paris)&action=raw,['Créteil'],2.0,2-3
Créteil - Préfecture (métro de Paris),,,,,,,2507.0,,"['Bus RATP/correspondances avec intitulé|117|181|281|308', 'Bus Optile/correspondances avec intitulé|STRAV|B|K|O1|O2', 'Bus Optile/correspondances avec intitulé|SETRA|12|23']",,,,,RATP,,Paris et la petite couronne,Quais de la station Créteil - Préfecture (Métro de Paris).JPG,48.77977215279495,['Métro de Paris/correspondance|8'],,['Métro de Paris/correspondance|8'],,,,,2.459317445755005,,Quais de la station.,"['10 septembre dans les chemins de fer|10 septembre', '1974 dans les chemins de fer|1974']",Créteil - Préfecture <br /><small>''Hôtel de Ville''</small>,,['France'],,['Régie autonome des transports parisiens|RATP'],2.0,,['Créteil - Université (métro de Paris)|Créteil - Université'],,,,,['Pointe du Lac (métro de Paris)|Pointe du Lac'],,,,,,,"[""Autobus d'Île-de-France|Bus""]",,,,,,,['formatnum:4986457'],https://fr.wikipedia.org/w/index.php?title=Cr%C3%A9teil_-_Pr%C3%A9fecture_(m%C3%A9tro_de_Paris)&action=raw,['Créteil'],3.0,2-3
Créteil - Université (métro de Paris),,,,,,,2506.0,,['Bus RATP/correspondances avec intitulé|Tvm|181|281|317'],['Noctilien/correspondances avec intitulé|N32|N71'],,,,RATP,,Paris et la petite couronne,Créteil - Université metro 8.jpg,48.78975374703421,['Métro de Paris/correspondance|8'],,['Métro de Paris/correspondance|8'],,,,,2.4507853388786316,,Un MF 77 arrive à Créteil - Université.,"['10 septembre dans les chemins de fer|10 septembre', '1974 dans les chemins de fer|1974']",Créteil - Université,,['France'],,['Régie autonome des transports parisiens|RATP'],1.0,,"[""Créteil - L'Échat (métro de Paris)|Créteil - L'Échat""]",,,,,['Créteil - Préfecture (métro de Paris)|Créteil - Préfecture'],,,,,,,"[""Autobus d'Île-de-France|Bus""]",['Noctilien'],,,,,,['formatnum:3395813'],https://fr.wikipedia.org/w/index.php?title=Cr%C3%A9teil_-_Universit%C3%A9_(m%C3%A9tro_de_Paris)&action=raw,['Créteil'],2.0,2-3
Crimée (métro de Paris),,,,,,,22-06,,['Bus RATP/correspondances avec intitulé|54|60'],['Noctilien/correspondances avec intitulé|N42'],,,,RATP,,Paris/19e arrondissement de Paris,Crimée line7 Métro Station 01.jpg,48.89142,['Métro de Paris/correspondance|7'],,['Métro de Paris/correspondance|7'],,,,,2.377377,,Vue d'ensemble de la station.,['Date|5|novembre|1910|dans les chemins de fer'],Crimée,,['France'],,['Régie autonome des transports parisiens|RATP'],2.0,['e'],['Corentin Cariou (métro de Paris)|Corentin Cariou'],,,,,['Riquet (métro de Paris)|Riquet'],,,,,,,Bus RATP,Noctilien,,,,['Arrondissements de Paris|Arrondissement'],,['formatnum:6613387'],https://fr.wikipedia.org/w/index.php?title=Crim%C3%A9e_(m%C3%A9tro_de_Paris)&action=raw,['Paris'],2.0,1.0
Croix de Chavaux (métro de Paris),,,,,,,25-02,,['Bus RATP/correspondances nombreuses avec intitulé|102|115|122|127'],['Noctilien/correspondances avec intitulé|N16|N34'],,,,['Régie autonome des transports parisiens|RATP'],,Paris et la petite couronne,JPEG.P1280461.jpg,48.858055,['Métro de Paris/correspondance|9'],,,,,,,2.435764,,['MF 67'],['Date|14|octobre|1937|dans les chemins de fer'],Croix de Chavaux<br><small>''Place Jacques Duclos''</small>,,['France'],,['Régie autonome des transports parisiens|RATP'],2.0,,['Robespierre (métro de Paris)|Robespierre'],,,,,['Mairie de Montreuil (métro de Paris)|Mairie de Montreuil'],,,,,,,Bus,Noctilien,,,,,,['formatnum:5167717'],https://fr.wikipedia.org/w/index.php?title=Croix_de_Chavaux_(m%C3%A9tro_de_Paris)&action=raw,['Montreuil (Seine-Saint-Denis)|Montreuil'],2.0,2.0
Danube (métro de Paris),,,,,,,23-10,,['Bus RATP/correspondances avec intitulé|75'],,,,,RATP,,Paris/19e arrondissement de Paris,Paris metro danube.jpg,48.88180771631629,['Métro de Paris/correspondances|7bis'],,['Métro de Paris/correspondance|7bis'],,,,,2.3942014575004578,,L'unique quai ouvert aux voyageurs.,['Date|18|janvier|1911|dans les chemins de fer'],Danube,,['France'],,['Régie autonome des transports parisiens|RATP'],1.0,['e'],['Pré-Saint-Gervais (métro de Paris)|Pré-Saint-Gervais'],,,,,['Botzaris (métro de Paris)|Botzaris'],,,,,,,"[""Autobus d'Île-de-France|Bus""]",,,,,['Arrondissements de Paris|Arrondissement'],,['formatnum:600883'],https://fr.wikipedia.org/w/index.php?title=Danube_(m%C3%A9tro_de_Paris)&action=raw,['Paris'],1.0,1.0
Louis Blanc (métro de Paris),,,,,,,22-10,,['Bus RATP/correspondances avec intitulé|26|46|54'],['Noctilien/correspondances avec intitulé|N13|N41|N42|N45'],,,,RATP,,Paris/10e arrondissement de Paris,Station-Louis-Blanc.jpg,48.88113744521957,['Métro de Paris/correspondances|7|7bis'],,['Métro de Paris/correspondance|7'],['Métro de Paris/correspondance|7bis'],,,,2.3648393154144287,,"['MF 88', 'MF 77']",['Date|5|novembre|1910|dans les chemins de fer'],Louis Blanc,,['France'],,['Régie autonome des transports parisiens|RATP'],4.0,['e'],['Stalingrad (métro de Paris)|Stalingrad'],'''Terminus''',,,,['Château-Landon (métro de Paris)|Château-Landon'],['Jaurès (métro de Paris)|Jaurès'],,,,,,Bus RATP,Noctilien,,,,['Arrondissements de Paris|Arrondissement'],,['formatnum:2489483'],https://fr.wikipedia.org/w/index.php?title=Louis_Blanc_(m%C3%A9tro_de_Paris)&action=raw,['Paris'],4.0,1.0
Daumesnil (métro de Paris),,,,,,,13-11,,['Bus RATP/correspondances nombreuses avec intitulé|29|46|64|71'],,,,,['Régie autonome des transports parisiens|RATP'],,Paris/12e arrondissement de Paris,Station métro Daumesnil - 20130606 161439.jpg,48.839644299053646,['Métro de Paris/correspondances|6|8'],,['Métro de Paris/correspondance|6'],['Métro de Paris/correspondance|8'],,,,2.395792007446289,,"Accès principal à la station, place Félix Éboué.","['Date|1er|mars|1909|dans les chemins de fer', 'Métro de Paris/correspondances|6', 'Date|5|mai|1931|dans les chemins de fer', 'Métro de Paris/correspondances|8']",Daumesnil<br /><small>''Félix Éboué''</small>,,['France'],,['Régie autonome des transports parisiens|RATP'],4.0,['e'],['Dugommier (métro de Paris)|Dugommier'],['Montgallet (métro de Paris)|Montgallet'],,,,['Bel-Air (métro de Paris)|Bel-Air'],['Michel Bizot (métro de Paris)|Michel Bizot'],,,,,,"[""Autobus d'Île-de-France|Bus""]",,,,,['Arrondissements de Paris|Arrondissement'],,['Unité|5195589|voyageurs'],https://fr.wikipedia.org/w/index.php?title=Daumesnil_(m%C3%A9tro_de_Paris)&action=raw,['Paris'],4.0,1.0
Denfert-Rochereau (métro de Paris),,,,,,,1514.0,,['RER/correspondances avec intitulé|B'],"['Bus RATP/correspondances nombreuses avec intitulé|38|59|64|68|88|216', 'Bus RATP/correspondances|Orlybus|OpenTour']",['Noctilien/correspondances avec intitulé|N14|N21|N122'],,,RATP,,Paris/14e arrondissement de Paris,EGDenfer.JPG,48.833901299344284,['Métro de Paris/correspondances|4|6'],,['Métro de Paris/correspondance|4'],['Métro de Paris/correspondance|6'],,,,2.3327279090881348,,Entrée principale.,"['Métro de Paris/correspondances|5', 'Métro de Paris/correspondances|6', 'date|24|avril|1906|dans les chemins de fer', 'Métro de Paris/correspondances|4', 'date|30|octobre|1909|dans les chemins de fer']",Denfert-Rochereau<br><small>''Colonel Rol-Tanguy''</small>,,['France'],,['Régie autonome des transports parisiens|RATP'],4.0,['e'],['Raspail (métro de Paris)|Raspail'],['Raspail (métro de Paris)|Raspail'],,,,['Mouton-Duvernet (métro de Paris)|Mouton-Duvernet'],['Saint-Jacques (métro de Paris)|Saint-Jacques'],,,,,,"[""Réseau express régional d'Île-de-France|RER""]",['Réseau de bus RATP|RATP'],['Noctilien'],,,['Arrondissements de Paris|Arrondissement'],,['formatnum:4339678'],https://fr.wikipedia.org/w/index.php?title=Denfert-Rochereau_(m%C3%A9tro_de_Paris)&action=raw,['Paris'],4.0,1.0
Dugommier (métro de Paris),,,,,,,13-08,,['Bus RATP/correspondances nombreuses avec intitulé|71|77|87|215'],,,,,RATP,,Paris/12e arrondissement de Paris,Dugommier métro 01.jpg,48.83904937392175,['Métro de Paris/correspondance|6'],,['Métro de Paris/correspondance|6'],,,,,2.3899635672569275,,['boulevard de Reuilly'],"['1er', '1909 dans les chemins de fer|1909']",Dugommier,Charenton,['France'],,['Régie autonome des transports parisiens|RATP'],2.0,['e'],['Bercy (métro de Paris)|Bercy'],,,,,['Daumesnil (métro de Paris)|Daumesnil'],,,,,,,"[""Autobus d'Île-de-France|Bus""]",,,,,['Arrondissements de Paris|Arrondissement'],,['formatnum:2674338'],https://fr.wikipedia.org/w/index.php?title=Dugommier_(m%C3%A9tro_de_Paris)&action=raw,['Paris'],2.0,1.0
Dupleix (métro de Paris),,,,,,,17-07,,['Bus RATP/correspondances avec intitulé|42'],,,,,RATP,,Paris/15e arrondissement de Paris,Dupleix vers Étoile par Cramos.JPG,48.85039233740468,['Métro de Paris/correspondance|6'],,['Métro de Paris/correspondance|6'],,,,,2.2936105728149414,,La station vue vers ''Étoile''.,['Date|24 avril 1906|dans les chemins de fer'],Dupleix,,['France'],,['Régie autonome des transports parisiens|RATP'],2.0,['15e'],['Bir-Hakeim (métro de Paris)|Bir-Hakeim'],,,,,['La Motte-Picquet - Grenelle (métro de Paris)|La Motte-Picquet - Grenelle'],,,,,,,"[""Autobus d'Île-de-France|Bus""]",,,,,['Arrondissements de Paris|Arrondissement'],,['formatnum:3983127'],https://fr.wikipedia.org/w/index.php?title=Dupleix_(m%C3%A9tro_de_Paris)&action=raw,['Paris'],2.0,1.0
Duroc (métro de Paris),,,,,,,207.0,,['Bus RATP/correspondances nombreuses avec intitulé|28|39|70|82|87|89|92'],,,,,RATP,,Paris/15e arrondissement de Paris/7e arrondissement de Paris/6e arrondissement de Paris,Duroc ligne 13.jpg,48.846828741919175,['Métro de Paris/correspondances|10|13'],,['Métro de Paris/correspondance|10'],['Métro de Paris/correspondance|13'],,,,2.3164790868759155,,Quais de la ligne 13.,"['date|30|décembre|1923|dans les chemins de fer', 'Métro de Paris/correspondances|13', 'date|27|juillet|1937|dans les chemins de fer', 'Métro de Paris/correspondances|10']",Duroc,,['France'],,['Régie autonome des transports parisiens|RATP'],4.0,"['e', 'e', 'e']",['Ségur (métro de Paris)|Ségur'],['Saint-François-Xavier (métro de Paris)|Saint-François-Xavier'],,,,['Vaneau (métro de Paris)|Vaneau'],['Montparnasse - Bienvenüe (métro de Paris)|Montparnasse - Bienvenüe'],,,,,,Bus,,,,,['Arrondissements de Paris|Arrondissement'],,['formatnum:3339347'],https://fr.wikipedia.org/w/index.php?title=Duroc_(m%C3%A9tro_de_Paris)&action=raw,['Paris'],4.0,1.0
École Militaire (métro de Paris),,,,,,,10-07,,['Bus RATP/correspondances nombreuses avec intitulé|28|80|82|87|92'],,,,,RATP,,Paris/7e arrondissement de Paris,Station métro Ecole Militaire - IMG 2591.JPG,48.8551098723394,['Métro de Paris/correspondance|8'],,['Métro de Paris/correspondance|8'],,,,,2.3067373037338257,,"L'entrée de la station, juin 2012.","['13 juillet dans les chemins de fer|13 juillet', '1913 dans les chemins de fer|1913']",École Militaire,,['France'],,['Régie autonome des transports parisiens|RATP'],2.0,['e'],['La Motte-Picquet - Grenelle (métro de Paris)|La Motte-Picquet - Grenelle'],,,,,['La Tour-Maubourg (métro de Paris)|La Tour-Maubourg'],,,,,,,"[""Autobus d'Île-de-France|Bus""]",,,,,['Arrondissements de Paris|Arrondissement'],,['formatnum:4443503'],https://fr.wikipedia.org/w/index.php?title=%C3%89cole_Militaire_(m%C3%A9tro_de_Paris)&action=raw,['Paris'],2.0,1.0
École vétérinaire de Maisons-Alfort (métro de Paris),,,,,,,25-14,,"['Bus RATP/correspondances nombreuses avec intitulé|24|103|104|107', 'Bus RATP/correspondances|125|181|325']",['Noctilien/correspondances avec intitulé|N32|N35'],,,,RATP,,Paris et la petite couronne,Station métro Ecole-Vétérinaire-de-Maisons-Alfort- IMG 3684.jpg,48.81519005560035,['Métro de Paris/correspondance|8'],,['Métro de Paris/correspondance|8'],,,,,2.421881854534149,,"Accès à la station, du côté des numéros impairs de l'avenue Général-Leclerc.",['Date|19|septembre|1970|dans les chemins de fer'],École vétérinaire<br />de Maisons-Alfort,Maisons-Alfort - École vétérinaire,['France'],,['Régie autonome des transports parisiens|RATP'],2.0,,['Charenton - Écoles (métro de Paris)|Charenton - Écoles'],,,,,['Maisons-Alfort - Stade (métro de Paris)|Maisons-Alfort - Stade'],,,,,,,"[""Autobus d'Île-de-France|Bus""]",['Noctilien'],,,,,,['formatnum:3175166'],https://fr.wikipedia.org/w/index.php?title=%C3%89cole_v%C3%A9t%C3%A9rinaire_de_Maisons-Alfort_(m%C3%A9tro_de_Paris)&action=raw,['Maisons-Alfort'],2.0,2-3
Edgar Quinet (métro de Paris),,,,,,,04-06,,,,,,,RATP,,Paris/14e arrondissement de Paris,Edgar Quinet metro 01.jpg,48.841047729454424,['Métro de Paris/correspondances|6'],,['Métro de Paris/correspondance|6'],,,,,2.325083613395691,,['boulevard Edgar-Quinet'],['date|24|avril|1906|dans les chemins de fer'],Edgar Quinet,,['France'],,['Régie autonome des transports parisiens|RATP'],2.0,['14e'],['Montparnasse - Bienvenüe (métro de Paris)|Montparnasse - Bienvenüe'],,,,,['Raspail (métro de Paris)|Raspail'],,,,,,,,,,,,['Arrondissements de Paris|Arrondissement'],,['formatnum:2241317'],https://fr.wikipedia.org/w/index.php?title=Edgar_Quinet_(m%C3%A9tro_de_Paris)&action=raw,['Paris'],2.0,1.0
Église d'Auteuil (métro de Paris),,,,,,,07-08,,['Bus RATP/correspondances nombreuses avec intitulé|22|52|62'],,,,,RATP,,Paris/16e arrondissement de Paris,Sortie du métro Église d'Auteuil.jpeg,48.84716940366413,['Métro de Paris/correspondances|10'],,['Métro de Paris/correspondances|10'],,,,,2.2690200805664062,,"[""Boulogne - Pont de Saint-Cloud (métro de Paris)|''Boulogne - Pont de Saint-Cloud''"", 'place Théodore-Rivière']",['Date|30 septembre 1913|dans les chemins de fer'],Église d'Auteuil,,['France'],,['Régie autonome des transports parisiens|RATP'],1.0,['e'],['Michel-Ange - Auteuil (métro de Paris)|Michel-Ange - Auteuil'],,,,,['Javel - André Citroën (métro de Paris)|Javel - André Citroën'],,,,,,,Bus,,,,,['Arrondissements de Paris|Arrondissement'],,['Unité|177017|voyageurs'],https://fr.wikipedia.org/w/index.php?title=%C3%89glise_d%27Auteuil_(m%C3%A9tro_de_Paris)&action=raw,['Paris'],1.0,1.0
Église de Pantin (métro de Paris),,,,,,,03-10,,['Bus RATP/correspondances avec intitulé|61|145|147|249'],['Noctilien/correspondances avec intitulé|N45'],,,,['Régie autonome des transports parisiens|RATP'],,Paris et la petite couronne,Église de Pantin vers Italie par Cramos.JPG,48.89362770557985,['métro de Paris/correspondance|5'],,['Métro de Paris/correspondance|5'],,,,,2.412917912006378,,Quais de la station.,"['12 octobre dans les chemins de fer|12 octobre', '1942 dans les chemins de fer|1942']",Église de Pantin,,['France'],,['Régie autonome des transports parisiens|RATP'],2.0,,['Bobigny - Pantin - Raymond Queneau (métro de Paris)|Bobigny - Pantin - Raymond Queneau'],,,,,['Hoche (métro de Paris)|Hoche'],,,,,,,"[""Autobus d'Île-de-France|Bus""]",['Noctilien'],,,,,,['formatnum:3693931'],https://fr.wikipedia.org/w/index.php?title=%C3%89glise_de_Pantin_(m%C3%A9tro_de_Paris)&action=raw,['Pantin'],2.0,2.0
Étienne Marcel (métro de Paris),,,,,,,1115.0,,['Bus RATP/correspondances nombreuses avec intitulé|29'],,,,,RATP,,Paris/2e arrondissement de Paris/1er arrondissement de Paris,EGEtienne.JPG,48.86411131208257,['Métro de Paris/correspondance|4'],,['Métro de Paris/correspondance|4'],,,,,2.3506075143814087,,['édicule Guimard'],"['21 avril dans les chemins de fer|21 avril', '1908 dans les chemins de fer|1908']",Étienne Marcel,,['France'],,['Régie autonome des transports parisiens|RATP'],2.0,"['er', 'e']",['Réaumur - Sébastopol (métro de Paris)|Réaumur - Sébastopol'],,,,,['Les Halles (métro de Paris)|Les Halles'],,,,,,,Bus,,,,,['Arrondissements de Paris|Arrondissement'],,['formatnum:2803893'],https://fr.wikipedia.org/w/index.php?title=%C3%89tienne_Marcel_(m%C3%A9tro_de_Paris)&action=raw,['Paris'],2.0,1.0
Europe (métro de Paris),,,,,,,612.0,,['Bus RATP/correspondances avec intitulé|66|80|94|95'],['Noctilien/correspondances avec intitulé|N02|N15|N16|N51|N52'],,,,RATP,,Paris/8e arrondissement de Paris,Europe - Simone Veil.jpg,48.878821,['Métro de Paris/correspondance|3'],,['Métro de Paris/correspondance|3'],,,,,2.32238,,,['Date|19|octobre|1904|dans les chemins de fer'],Europe<br /><small>''Simone Veil''</small>,,['France'],,['Régie autonome des transports parisiens|RATP'],2.0,['e'],['Villiers (métro de Paris)|Villiers'],,,,,['Saint-Lazare (métro de Paris)|Saint-Lazare'],,,,,,,Bus RATP,Noctilien,,,,['Arrondissements de Paris|Arrondissement'],,['formatnum:1619580'],https://fr.wikipedia.org/w/index.php?title=Europe_(m%C3%A9tro_de_Paris)&action=raw,['Paris'],2.0,1.0
Exelmans (métro de Paris),,,,,,,714.0,,['Bus RATP/correspondances nombreuses avec intitulé|62|88'],,,,,['Régie autonome des transports parisiens|RATP'],,Paris/16e arrondissement de Paris,Metro de Paris - Ligne 9 - Exelmans - Motte seats.jpg,48.84240522408706,['Métro de Paris/correspondance|9'],,['Métro de Paris/correspondance|9'],,,,,2.2595492005348206,,,['Date|8|novembre|1922|dans les chemins de fer'],Exelmans,,['France'],,['Régie autonome des transports parisiens|RATP'],2.0,['e'],['Porte de Saint-Cloud (métro de Paris)|Porte de Saint-Cloud'],,,,,['Michel-Ange - Molitor (métro de Paris)|Michel-Ange - Molitor'],,,,,,,Bus,,,,,['Arrondissements de Paris|Arrondissement'],,['formatnum:2060188'],https://fr.wikipedia.org/w/index.php?title=Exelmans_(m%C3%A9tro_de_Paris)&action=raw,['Paris'],2.0,1.0
Faidherbe - Chaligny (métro de Paris),,,,,,,12-01,,['Bus RATP/correspondances avec intitulé|46|86'],,,,,RATP,,Paris/12e arrondissement de Paris/11e arrondissement de Paris,Station métro Faidherbe-Chaligny - 20130627 162007.jpg,48.85015759622327,['Métro de Paris/correspondance|8'],,['Métro de Paris/correspondance|8'],,,,,2.3833975195884705,,Accès principal à la station.,['Date|5|mai|1931|dans les chemins de fer'],Faidherbe - Chaligny,,['France'],,['Régie autonome des transports parisiens|RATP'],2.0,"['e', 'e']",['Ledru-Rollin (métro de Paris)|Ledru-Rollin'],,,,,['Reuilly - Diderot (métro de Paris)|Reuilly - Diderot'],,,,,,,"[""Autobus d'Île-de-France|Bus""]",,,,,['Arrondissements de Paris|Arrondissement'],,['formatnum:3079358'],https://fr.wikipedia.org/w/index.php?title=Faidherbe_-_Chaligny_(m%C3%A9tro_de_Paris)&action=raw,['Paris'],2.0,1.0
Falguière (métro de Paris),,,,,,,1601.0,,['Bus RATP/correspondances nombreuses avec intitulé|28|82|89|92'],,,,,['Régie autonome des transports parisiens|RATP'],,Paris/15e arrondissement de Paris,Metro Paris - Ligne 12 - station Falguiere.jpg,48.84449,['Métro de Paris/correspondance|12'],,,,,,,2.317954,,"[""Mairie d'Issy (métro de Paris)|Mairie d'Issy""]","['5 novembre dans les chemins de fer|5 novembre', '1910 dans les chemins de fer|1910']",Falguière,,['France'],,['Régie autonome des transports parisiens|RATP'],2.0,['e'],['Montparnasse - Bienvenüe (métro de Paris)|Montparnasse - Bienvenüe'],,,,,['Pasteur (métro de Paris)|Pasteur'],,,,,,,Bus,,,,,['Arrondissements de Paris|Arrondissement'],,['formatnum:930847'],https://fr.wikipedia.org/w/index.php?title=Falgui%C3%A8re_(m%C3%A9tro_de_Paris)&action=raw,['Paris'],2.0,1.0
Félix Faure (métro de Paris),,,,,,,1612.0,,['Bus RATP/correspondances avec intitulé|70|88'],,,,,RATP,,Paris/15e arrondissement de Paris,Ligne 8 - Felix Faure - 2.jpg,48.842351,['Métro de Paris/correspondance|8'],,['Métro de Paris/correspondance|8'],,,,,2.291004,['Unité|105|m'],['Balard (métro de Paris)|Balard'],"['27 juillet dans les chemins de fer|27 juillet', '1937 dans les chemins de fer|1937']",Félix Faure,,['France'],,['Régie autonome des transports parisiens|RATP'],2.0,['e'],['Boucicaut (métro de Paris)|Boucicaut'],,,,,['Commerce (métro de Paris)|Commerce'],,,,,,,"[""Autobus d'Île-de-France|Bus""]",,,,,['Arrondissements de Paris|Arrondissement'],,['formatnum:1895590'],https://fr.wikipedia.org/w/index.php?title=F%C3%A9lix_Faure_(m%C3%A9tro_de_Paris)&action=raw,['Paris'],2.0,1.0
Filles du Calvaire (métro de Paris),,,,,,,812.0,,['Bus RATP/correspondances avec intitulé|91|96'],['Noctilien/correspondances avec intitulé|N01|N02'],,,,RATP,,Paris/11e arrondissement de Paris/3e arrondissement de Paris,Station métro Filles-du-Calvaire - 20130627 155407.jpg,48.86407249343042,['Métro de Paris/correspondance|8'],,['Métro de Paris/correspondance|8'],,,,,2.3661214113235474,,"Accès à la station depuis le boulevard du Temple, côté pair.","['5 mai dans les chemins de fer|5 mai', '1931 dans les chemins de fer|1931']",Filles du Calvaire,,['France'],,['Régie autonome des transports parisiens|RATP'],2.0,"['e', 'e']",['République (métro de Paris)|République'],,,,,['Saint-Sébastien - Froissart (métro de Paris)|Saint-Sébastien - Froissart'],,,,,,,"[""Autobus d'Île-de-France|Bus""]",['Noctilien'],,,,['Arrondissements de Paris|Arrondissement'],,['formatnum:1784167'],https://fr.wikipedia.org/w/index.php?title=Filles_du_Calvaire_(m%C3%A9tro_de_Paris)&action=raw,['Paris'],2.0,1.0
Fort d'Aubervilliers (métro de Paris),,,,,,,306.0,,"['Bus RATP/correspondances avec intitulé|134|152|173|234', 'Bus RATP/correspondances|248|250|330']",['Bus Optile/correspondances avec intitulé|TRA|609'],['Noctilien/correspondances avec intitulé|N42'],,,RATP,,Paris et la petite couronne,FortAubervilliers-rame part vers sud.jpg,48.914239862172174,['Métro de Paris/correspondance|7'],,['Métro de Paris/correspondance|7'],,,,,2.403784990310669,,Les quais de la station.,['Date|4|octobre|1979|dans les chemins de fer'],Fort d'Aubervilliers,,['France'],,['Régie autonome des transports parisiens|RATP'],2.0,,['La Courneuve - 8 Mai 1945 (métro de Paris)|La Courneuve - 8 Mai 1945'],,,,,['Aubervilliers - Pantin - Quatre Chemins (métro de Paris)|Aubervilliers - Pantin - Quatre Chemins'],,,,,,,Bus RATP,TRA,Noctilien,,,,,['formatnum:3927340'],https://fr.wikipedia.org/w/index.php?title=Fort_d%27Aubervilliers_(m%C3%A9tro_de_Paris)&action=raw,['Aubervilliers'],2.0,2.0
Franklin D. Roosevelt (métro de Paris),,,,,,,1807.0,,"['Bus RATP/correspondances avec intitulé|28|32|42|73|80', 'Bus RATP/correspondances|93|OpenTour']",['Noctilien/correspondances avec intitulé|N11|N24'],,,,RATP,,Paris/8e arrondissement de Paris,Metro 1.jpg,48.8693052286485,['Métro de Paris/correspondances|1|9'],,['Métro de Paris/correspondance|1'],['Métro de Paris/correspondance|9'],,,,2.30830876451203,,Le mât particulier d'un accès à la station.,"['19 juillet dans les chemins de fer|19 juillet', '1900 dans les chemins de fer|1900', 'Métro de Paris/correspondances|1', '27 mai dans les chemins de fer|27 mai', '1923 dans les chemins de fer|1923', 'Métro de Paris/correspondances|9']",Franklin D. Roosevelt,,['France'],,['Régie autonome des transports parisiens|RATP'],4.0,['e'],['George V (métro de Paris)|George V'],['Alma - Marceau (métro de Paris)|Alma - Marceau'],,,,['Champs-Élysées - Clemenceau (métro de Paris)|Champs-Élysées - Clemenceau'],['Saint-Philippe du Roule (métro de Paris)|Saint-Philippe du Roule'],,,,,,Bus,Noctilien,,,,['Arrondissements de Paris|Arrondissement'],,['formatnum:11890240'],https://fr.wikipedia.org/w/index.php?title=Franklin_D._Roosevelt_(m%C3%A9tro_de_Paris)&action=raw,['Paris'],4.0,1.0
Front Populaire (métro de Paris),,,,,,,FPO,,['Bus RATP/correspondances nombreuses avec intitulé|139|239|302|512'],,,,,RATP,,Paris et la petite couronne,Metro Front Populaire train on openingsday.JPG,48.9068910901493,['Métro de Paris/correspondance|12'],,,,,,,2.36579376393314,,['MF 67'],['date|18|décembre|2012'],<small>''Aubervilliers - Saint-Denis''</small><br />Front Populaire,,['France'],,['Régie autonome des transports parisiens|RATP'],2.0,,'''Terminus''',,,,,['Porte de la Chapelle (métro de Paris)|Porte de la Chapelle'],,,,,,,Bus,,,,,,,['Unité|2672036|voyageurs'],https://fr.wikipedia.org/w/index.php?title=Front_Populaire_(m%C3%A9tro_de_Paris)&action=raw,"['Saint-Denis (Seine-Saint-Denis)|Saint-Denis', 'Aubervilliers']",2.0,2.0
Gabriel Péri (métro de Paris),,,,,,,19-02,,"['Bus RATP/correspondances avec intitulé|54|140|175', 'Bus RATP/correspondances|177|235|340|577']",['Noctilien/correspondances avec intitulé|N15|N51'],,,,RATP,,Paris et la petite couronne,Gabriel Peri - Octobre 2012 - Quais.jpg,48.91657540550505,['Métro de Paris/correspondance|13'],,['Métro de Paris/correspondance|13'],,,,,2.2943884134292603,,Quais de la station,['Date|3|mai|1980|dans les chemins de fer'],Gabriel Péri,Gabriel Péri − Asnières-Gennevilliers,['France'],,['Régie autonome des transports parisiens|RATP'],2.0,,['Les Agnettes (métro de Paris)|Les Agnettes'],,,,,['Mairie de Clichy (métro de Paris)|Mairie de Clichy'],,,,,,,Bus RATP,Noctilien,,,,,,['formatnum:5285165'],https://fr.wikipedia.org/w/index.php?title=Gabriel_P%C3%A9ri_(m%C3%A9tro_de_Paris)&action=raw,"['Asnières-sur-Seine', 'Gennevilliers']",2.0,3.0
Gaîté (métro de Paris),,,,,,,04-04,,['Bus RATP/correspondances nombreuses avec intitulé|58|59|88|92'],['Noctilien/correspondances avec intitulé|N63'],,,,RATP,,Paris/14e arrondissement de Paris,Gaîté metro 01.jpg,48.83865393016213,['Métro de Paris/correspondance|13'],,,,,,,2.322637438774109,,['Rue de la Gaîté (Paris)|rue de la Gaîté'],"['21 janvier dans les chemins de fer|21 janvier', '1937 dans les chemins de fer|1937']",Gaîté,,['France'],,['Régie autonome des transports parisiens|RATP'],2.0,['e'],['Montparnasse - Bienvenüe (métro de Paris)|Montparnasse - Bienvenüe'],,,,,['Pernety (métro de Paris)|Pernety'],,,,,,,Bus,Noctilien,,,,['Arrondissements de Paris|Arrondissement'],,['formatnum:3165824'],https://fr.wikipedia.org/w/index.php?title=Ga%C3%AEt%C3%A9_(m%C3%A9tro_de_Paris)&action=raw,['Paris'],2.0,
Gallieni (métro de Paris),,,,,,,23-05,,"['Bus RATP/correspondances avec intitulé|76|102|122|221', 'Bus RATP/correspondances|318|351']",,,,,RATP,,Paris et la petite couronne,Station Gallieni (Métro Paris).jpg,48.864936,['Métro de Paris/correspondance|3'],,['Métro de Paris/correspondance|3'],,,,,2.416637,,,['Date|2|avril|1971|dans les chemins de fer'],Gallieni<br /><small>''Parc de Bagnolet''</small>,,['France'],,['Régie autonome des transports parisiens|RATP'],2.0,,['Porte de Bagnolet (métro de Paris)|Porte de Bagnolet'],,,,,'''Terminus''',,,,,,,Bus RATP,,,,,,,['formatnum:6316117'],https://fr.wikipedia.org/w/index.php?title=Gallieni_(m%C3%A9tro_de_Paris)&action=raw,['Bagnolet'],4.0,2.0
Gambetta (métro de Paris),,,,,,,2410.0,,"['Bus RATP/correspondances avec intitulé|26|60|61|64|69', 'Bus RATP/correspondances|102|Traverse Charonne']",['Noctilien/correspondances avec intitulé|N16|N34'],,,,RATP,,Paris/20e arrondissement de Paris,Metro de Paris - Ligne 3 - Gambetta 01.jpg,48.864947,['Métro de Paris/correspondances|3|3bis'],,['Métro de Paris/correspondance|3'],['Métro de Paris/correspondance|3 bis'],,,,2.398451,,"['Ligne 3 du métro de Paris|ligne 3', 'Martin Nadaud (métro de Paris)|Martin Nadaud']","['Date|25|janvier|1905|dans les chemins de fer', 'Métro de Paris/correspondance|3', 'Date|27|mars|1971|dans les chemins de fer', 'Métro de Paris/correspondance|3bis']",Gambetta,,['France'],,['Régie autonome des transports parisiens|RATP'],3.0,['e'],['Père Lachaise (métro de Paris)|Père Lachaise'],['Pelleport (métro de Paris)|Pelleport'],,,,['Porte de Bagnolet (métro de Paris)|Porte de Bagnolet'],'''Terminus''',,,,,,Bus RATP,Noctilien,,,,Arrondissement,,['formatnum:7445691'],https://fr.wikipedia.org/w/index.php?title=Gambetta_(m%C3%A9tro_de_Paris)&action=raw,['Paris'],4.0,1.0
Gare de l'Est (métro de Paris),,,,,,,2109.0,,['Transilien/correspondances avec intitulé|P'],"['Bus RATP/correspondances avec intitulé|31|32|35|38|39', 'Bus RATP/correspondances|46|56|91|OpenTour']","['Noctilien/correspondances avec intitulé|N01|N02|N13|N14|N41|N42', 'Noctilien/correspondances|N43|N44|N45|N140|N141', 'Noctilien/correspondances|N142|N143|N144|N145']","['RER/correspondances avec intitulé|E', 'Gare de Magenta']",,RATP,,Paris/10e arrondissement de Paris,Panneau face à la Gare de l'Est.JPG,48.876141878749266,['Métro de Paris/correspondances|4|5|7'],,['Métro de Paris/correspondance|4'],['Métro de Paris/correspondance|5'],['Métro de Paris/correspondance|7'],,,2.3582786321640015,,"['Adolphe Dervaux|Dervaux', ""Gare de Paris-Est|gare de l'Est""]","['Date|15|novembre|1907|dans les chemins de fer', 'Métro de Paris/correspondance|5', 'Date|21|avril|1908|dans les chemins de fer', 'Métro de Paris/correspondance|4', 'Date|5|novembre|1910|dans les chemins de fer', 'Métro de Paris/correspondance|7']",Gare de l'Est<br /><small>''Verdun''</small>,,['France'],,['Régie autonome des transports parisiens|RATP'],6.0,['e'],['Gare du Nord (métro de Paris)|Gare du Nord'],['Gare du Nord (métro de Paris)|Gare du Nord'],['Château-Landon (métro de Paris)|Château-Landon'],,,"[""Château d'Eau (métro de Paris)|Château d'Eau""]",['Jacques Bonsergent (métro de Paris)|Jacques Bonsergent'],['Poissonnière (métro de Paris)|Poissonnière'],,,,,Transilien,Bus RATP,Noctilien,RER,,Arrondissement,,['formatnum:19989528'],https://fr.wikipedia.org/w/index.php?title=Gare_de_l%27Est_(m%C3%A9tro_de_Paris)&action=raw,['Paris'],6.0,1.0
Gare de Lyon (métro de Paris),,,,,,,908.0,,['RER/correspondances avec intitulé|A|D'],['Transilien/correspondances avec intitulé|R'],"['Bus RATP/correspondances nombreuses avec intitulé|24|29|57|61|63|72', 'Bus RATP/correspondances|77|87|91|OpenTour']",['Bus Optile/correspondances avec intitulé|Le Bus Direct|4'],"['Noctilien/correspondances avec intitulé|N01|N02|N11|N16', 'Noctilien/correspondances|N31|N32|N33|N34|N35', 'Noctilien/correspondances|N130|N131|N132|N133|N134|N144']",RATP,,Paris/12e arrondissement de Paris,Metro-Paris-ligne-14-statio.jpg,48.8447045450658,['Métro de Paris/correspondances|1|14'],,['Métro de Paris/correspondance|1'],['Métro de Paris/correspondance|14'],,,,2.37406590751466,,"['MP 89|MP 89 CA', ""Olympiades (métro de Paris)|''Olympiades''""]","['Date|19|juillet|1900|dans les chemins de fer', 'métro de Paris/correspondances|1', 'Date|13|juillet|1906|dans les chemins de fer', 'métro de Paris/correspondances|5', 'Date|17|décembre|1906|dans les chemins de fer', 'Métro de Paris/correspondances|5', 'Date|15|octobre|1998|dans les chemins de fer', 'métro de Paris/correspondances|14']",Gare de Lyon,,['France'],,['Régie autonome des transports parisiens|RATP'],3.0,['e'],['Bastille (métro de Paris)|Bastille'],['Châtelet (métro de Paris)|Châtelet'],,,,['Reuilly - Diderot (métro de Paris)|Reuilly - Diderot'],['Bercy (métro de Paris)|Bercy'],,,,,,RER,Transilien,Bus RATP,Le Bus Direct,Noctilien,['Arrondissements de Paris|Arrondissement'],,['formatnum:34895701'],https://fr.wikipedia.org/w/index.php?title=Gare_de_Lyon_(m%C3%A9tro_de_Paris)&action=raw,['Paris'],4.0,1.0
Gare du Nord (métro de Paris),,,,,,,2108 et NOR,,"['RER/correspondances avec intitulé|B|D', 'Transilien/correspondances avec intitulé|H|K', 'RER/correspondances avec intitulé|E', 'Gare de Magenta|Magenta']","['Bus RATP/correspondances avec intitulé|26|31|35|38|39|43|45|46', 'Bus RATP/correspondances|48|54|56|91|302|OpenTour']","['Noctilien/correspondances avec intitulé|N01|N02|N14|N43|N44', 'Noctilien/correspondances|N140|N143']",,,RATP,,Paris/10e arrondissement de Paris,Paris Station Metro Gare du Nord 1.JPG,48.88057476333716,['Métro de Paris/correspondances|4|5'],,['Métro de Paris/correspondance|4'],['Métro de Paris/correspondance|5'],,,,2.3549312353134155,,Accès de la station devant la gare SNCF.,"['15 novembre dans les chemins de fer|15 novembre', '1907 dans les chemins de fer|1907', 'Métro de Paris/correspondances|5', '21 avril dans les chemins de fer|21 avril', '1908 dans les chemins de fer|1908', 'Métro de Paris/correspondances|4', '12 octobre dans les chemins de fer|12 octobre', '1942 dans les chemins de fer|1942', 'Métro de Paris/correspondances|5']",Gare du Nord,,['France'],,['Régie autonome des transports parisiens|RATP'],4.0,['e'],['Barbès - Rochechouart (métro de Paris)|Barbès - Rochechouart'],['Stalingrad (métro de Paris)|Stalingrad'],,,,"[""Gare de l'Est (métro de Paris)|Gare de l'Est""]","[""Gare de l'Est (métro de Paris)|Gare de l'Est""]",,,,,,"[""Réseau express régional d'Île-de-France|RER"", 'Transilien']",Bus,Noctilien,,,['Arrondissements de Paris|Arrondissement'],,"['Unité|45,8|millions']",https://fr.wikipedia.org/w/index.php?title=Gare_du_Nord_(m%C3%A9tro_de_Paris)&action=raw,['Paris'],4.0,1.0
Garibaldi (métro de Paris),,,,,,,19-10,,"[""Bus RATP/correspondances nombreuses avec intitulé|85|137|L'Audonienne""]",['Noctilien/correspondances avec intitulé|N14|N44'],,,,['Régie autonome des transports parisiens|RATP'],,Paris et la petite couronne,Saint-Ouen métro Garibaldi.jpg,48.90639692572083,['Métro de Paris/correspondance|13'],,['Métro de Paris/correspondance|13'],,,,,2.3319071531295776,,Une des bouches d'accès et<br>l'église Notre-Dame-du-Rosaire.,['Date|30|juin|1952|dans les chemins de fer'],Garibaldi,,['France'],,['Régie autonome des transports parisiens|RATP'],2.0,,['Mairie de Saint-Ouen (métro de Paris)|Mairie de Saint-Ouen'],,,,,['Porte de Saint-Ouen (métro de Paris)|Porte de Saint-Ouen'],,,,,,,Bus,Noctilien,,,,,,['formatnum:3127029'],https://fr.wikipedia.org/w/index.php?title=Garibaldi_(m%C3%A9tro_de_Paris)&action=raw,['Saint-Ouen-sur-Seine'],2.0,2.0
George V (métro de Paris),,,,,,,1808.0,,['Bus RATP/correspondances nombreuses avec intitulé|73'],['Noctilien/correspondances avec intitulé|N11|N24'],,,,RATP,,Paris/8e arrondissement de Paris,Metro paris station george v.jpg,48.8719825731694,['Métro de Paris/correspondance|1'],,['Métro de Paris/correspondance|1'],,,,,2.30046268343343,,Les quais de la station en 2008.,"['13 août dans les chemins de fer|13 août', '1900 dans les chemins de fer|1900']",George V,,['France'],,['Régie autonome des transports parisiens|RATP'],2.0,['e'],['Charles de Gaulle - Étoile (métro de Paris)|Charles de Gaulle - Étoile'],,,,,['Franklin D. Roosevelt (métro de Paris)|Franklin D. Roosevelt'],,,,,,,Bus,Noctilien,,,,['Arrondissements de Paris|Arrondissement'],,['formatnum:6302761'],https://fr.wikipedia.org/w/index.php?title=George_V_(m%C3%A9tro_de_Paris)&action=raw,['Paris'],2.0,1.0
Glacière (métro de Paris),,,,,,,1508.0,,['Bus RATP/correspondances nombreuses avec intitulé|21|64'],,,,,RATP,,Paris/13e arrondissement de Paris,Station-métroGlacière2.JPG,48.83115049943605,['Métro de Paris/correspondances|6'],,['Métro de Paris/correspondance|6'],,,,,2.343384325504303,,,['date|24|avril|1906|dans les chemins de fer'],Glacière,,['France'],,['Régie autonome des transports parisiens|RATP'],2.0,['e'],['Saint-Jacques (métro de Paris)|Saint-Jacques'],,,,,['Corvisart (métro de Paris)|Corvisart'],,,,,,,"[""Autobus d'Île-de-France|Bus""]",,,,,['Arrondissements de Paris|Arrondissement'],,['formatnum:4933269'],https://fr.wikipedia.org/w/index.php?title=Glaci%C3%A8re_(m%C3%A9tro_de_Paris)&action=raw,['Paris'],2.0,
Goncourt (métro de Paris),,,,,,,08-05,,['Bus RATP/correspondances nombreuses avec intitulé|20|46|75'],['Noctilien/correspondances avec intitulé|N12|N23'],,,,['Régie autonome des transports parisiens|RATP'],,Paris/11e arrondissement de Paris/10e arrondissement de Paris,Goncourt Station (Ligne 11) 2020.jpg,48.869831440667916,['Métro de Paris/correspondance|11'],,,,,,,2.3706865310668945,,Quais de la station.,['Date|28 avril 1935|dans les chemins de fer'],Goncourt<br /><small>''Hôpital Saint-Louis''</small>,,['France'],,['Régie autonome des transports parisiens|RATP'],2.0,"['e', 'e']",['République (métro de Paris)|République'],,,,,['Belleville (métro de Paris)|Belleville'],,,,,,,Bus,Noctilien,,,,['Arrondissements de Paris|Arrondissement'],,['formatnum:3740119'],https://fr.wikipedia.org/w/index.php?title=Goncourt_(m%C3%A9tro_de_Paris)&action=raw,['Paris'],2.0,
Grands Boulevards (métro de Paris),,,,,,,11-06,,"['Bus RATP/correspondances avec intitulé|20|39|48|67|74|85', 'Bus RATP/correspondance|OpenTour']",,,,,['Régie autonome des transports parisiens|RATP'],,Paris/9e arrondissement de Paris/2e arrondissement de Paris,P1000592 Paris II-IX Bd Poissonnière Metro Gds Boulevards reductwk.JPG,48.871426326011765,['Métro de Paris/correspondances|8|9'],,['Métro de Paris/correspondance|8'],['Métro de Paris/correspondance|9'],,,,2.3443418741226196,,['boulevard Poissonnière'],"['5 mai dans les chemins de fer|5 mai', '1931 dans les chemins de fer|1931', 'Métro de Paris/correspondances|8', '10 décembre dans les chemins de fer|10 décembre', '1933 dans les chemins de fer|1933', 'Métro de Paris/correspondances|9']",Grands Boulevards,,['France'],,['Régie autonome des transports parisiens|RATP'],4.0,"['e', 'e']",['Richelieu - Drouot (métro de Paris)|Richelieu - Drouot'],['Richelieu - Drouot (métro de Paris)|Richelieu - Drouot'],,,,['Bonne-Nouvelle (métro de Paris)|Bonne-Nouvelle'],['Bonne-Nouvelle (métro de Paris)|Bonne-Nouvelle'],,,,,,Bus,,,,,['Arrondissements de Paris|Arrondissement'],,['formatnum:7092775'],https://fr.wikipedia.org/w/index.php?title=Grands_Boulevards_(m%C3%A9tro_de_Paris)&action=raw,['Paris'],4.0,
Guy Môquet (métro de Paris),,,,,,,30-12,,"['Bus RATP/correspondances avec intitulé|21|31', 'Bus RATP/correspondances|Traverse Batignolles-Bichat']",,,,,RATP,,Paris/18e arrondissement de Paris/17e arrondissement de Paris,Métro Guy Môquet 2452.JPG,48.892221,['Métro de Paris/correspondance|13'],,['Métro de Paris/correspondance|13'],,,,,2.327174,,L'un des accès de la station.,['Date|26|février|1911|dans les chemins de fer'],Guy Môquet,Carrefour Marcadet,['France'],,['Régie autonome des transports parisiens|RATP'],2.0,"['e', 'e']",['Porte de Saint-Ouen (métro de Paris)|Porte de Saint-Ouen'],,,,,['La Fourche (métro de Paris)|La Fourche'],,,,,,,Bus RATP,,,,,['Arrondissements de Paris|Arrondissement'],,['formatnum:4660620'],https://fr.wikipedia.org/w/index.php?title=Guy_M%C3%B4quet_(m%C3%A9tro_de_Paris)&action=raw,['Paris'],2.0,1.0
Hoche (métro de Paris),,,,,,,309.0,,"[""Bus RATP/correspondances nombreuses avec intitulé|151|170|330|P'tit Bus""]",['Noctilien/correspondances avec intitulé|N13|N41|N45'],,,,['Régie autonome des transports parisiens|RATP'],,Paris et la petite couronne,Hoche2.JPG,48.89149389450552,['Métro de Paris/correspondance|5'],,['Métro de Paris/correspondance|5'],,,,,2.4031439423561096,,Le quai sud de la station.,"['12 octobre dans les chemins de fer|12 octobre', '1942 dans les chemins de fer|1942']",Hoche,,['France'],,['Régie autonome des transports parisiens|RATP'],2.0,,['Église de Pantin (métro de Paris)|Église de Pantin'],,,,,['Porte de Pantin (métro de Paris)|Porte de Pantin'],,,,,,,"[""Autobus d'Île-de-France|Bus""]",['Noctilien'],,,,,,['formatnum:5046958'],https://fr.wikipedia.org/w/index.php?title=Hoche_(m%C3%A9tro_de_Paris)&action=raw,['Pantin'],2.0,2.0
Hôtel de Ville (métro de Paris),,,,,,,115.0,,"['Bus RATP/correspondances avec intitulé|38|67|69|70|72', 'Bus RATP/correspondances|74|76|96|OpenTour']",['Noctilien/correspondances avec intitulé|N11|N16'],,,,RATP,,Paris/4e arrondissement de Paris,Metro de Paris - Ligne 1 - station Hotel de Ville 01.jpg,48.8567695272423,['Métro de Paris/correspondances|1|11'],,['Métro de Paris/correspondance|1'],['Métro de Paris/correspondance|11'],,,,2.35149453979435,,Les quais de la ligne 1 en 2008.,"['19 juillet dans les chemins de fer|19 juillet', '1900 dans les chemins de fer|1900', 'métro de Paris/correspondances|1', '28 avril dans les chemins de fer|28 avril', '1935 dans les chemins de fer|1935', 'métro de Paris/correspondances|11']",Hôtel de Ville,,['France'],,['Régie autonome des transports parisiens|RATP'],4.0,['e'],['Châtelet (métro de Paris)|Châtelet'],['Châtelet (métro de Paris)|Châtelet'],,,,['Saint-Paul (métro de Paris)|Saint-Paul'],['Rambuteau (métro de Paris)|Rambuteau'],,,,,,Bus,Noctilien,,,,['Arrondissements de Paris|Arrondissement'],,['formatnum:11953352'],https://fr.wikipedia.org/w/index.php?title=H%C3%B4tel_de_Ville_(m%C3%A9tro_de_Paris)&action=raw,['Paris'],4.0,1.0
Iéna (métro de Paris),,,,,,,1801.0,,['Bus RATP/correspondances nombreuses avec intitulé|32|63|82'],,,,,RATP,,Paris/16e arrondissement de Paris,Paris Metro Iena.jpg,48.864465972010215,['Métro de Paris/correspondance|9'],,['Métro de Paris/correspondance|9'],,,,,2.2933799028396606,,"[""Pont de Sèvres (métro de Paris)|''Pont de Sèvres''""]",['date|27|mai|1923|dans les chemins de fer'],Iéna,,['France'],,['Régie autonome des transports parisiens|RATP'],2.0,['e'],['Trocadéro (métro de Paris)|Trocadéro'],,,,,['Alma - Marceau (métro de Paris)|Alma - Marceau'],,,,,,,Bus,,,,,['Arrondissements de Paris|Arrondissement'],,['formatnum:2280935'],https://fr.wikipedia.org/w/index.php?title=I%C3%A9na_(m%C3%A9tro_de_Paris)&action=raw,['Paris'],2.0,1.0
Invalides (métro de Paris),,,,,,,1009.0,,['RER/correspondances avec intitulé|C'],"['Bus RATP/correspondances nombreuses avec intitulé|28|63|69|83|87|', 'Bus RATP/correspondances|93|OpenTour']",['Noctilien/correspondances avec intitulé|N01|N02'],,,['Régie autonome des transports parisiens|RATP'],,Paris/7e arrondissement de Paris,Ligne-13-invalides-portes-a.jpg,48.860907,['Métro de Paris/correspondances|8|13'],,['Métro de Paris/correspondance|8'],['Métro de Paris/correspondance|13'],,,,2.314457,,['MF 77'],"['Métro de Paris/correspondances|8', 'Date|24 décembre 1913|dans les chemins de fer', 'Métro de Paris/correspondances|10', 'Métro de Paris/correspondances|ancienne 14', 'Métro de Paris/correspondances|13', 'Date|30 décembre 1923|dans les chemins de fer']",Invalides,,['France'],,['Régie autonome des transports parisiens|RATP'],4.0,['e'],['La Tour-Maubourg (métro de Paris)|La Tour-Maubourg'],['Champs-Élysées - Clemenceau (métro de Paris)|Champs-Élysées - Clemenceau'],,,,['Concorde (métro de Paris)|Concorde'],['Varenne (métro de Paris)|Varenne'],,,,,,"[""Réseau express régional d'Île-de-France|RER""]",Bus,Noctilien,,,['Arrondissements de Paris|Arrondissement'],,['formatnum:7283347'],https://fr.wikipedia.org/w/index.php?title=Invalides_(m%C3%A9tro_de_Paris)&action=raw,['Paris'],4.0,1.0
Jacques Bonsergent (métro de Paris),,,,,,,804.0,,['Bus RATP/correspondances nombreuses avec intitulé|56|91'],['Noctilien/correspondances avec intitulé|N01|N02'],,,,RATP,,Paris/10e arrondissement de Paris,JacquesBonsergent1.JPG,48.87120050462785,['Métro de Paris/correspondance|5'],,['Métro de Paris/correspondance|5'],,,,,2.3606067895889282,,"[""Place d'Italie (métro de Paris)|Place d'Italie"", 'MF 67', 'SIEL (métro de Paris)|SIEL']",['Date|17 décembre 1906|dans les chemins de fer'],Jacques Bonsergent,,['France'],,['Régie autonome des transports parisiens|RATP'],2.0,['e'],"[""Gare de l'Est (métro de Paris)|Gare de l'Est""]",,,,,['République (métro de Paris)|République'],,,,,,,"[""Autobus d'Île-de-France|Bus""]",['Noctilien'],,,,['Arrondissements de Paris|Arrondissement'],,['Unité|2599072|voyageurs'],https://fr.wikipedia.org/w/index.php?title=Jacques_Bonsergent_(m%C3%A9tro_de_Paris)&action=raw,['Paris'],2.0,1.0
Jasmin (métro de Paris),,,,,,,715.0,,['Bus RATP/correspondances avec intitulé|22'],,,,,['Régie autonome des transports parisiens|RATP'],,Paris/16e arrondissement de Paris,Jasmin (métro Paris) mezzanine par Cramos.JPG,48.851897831750556,['Métro de Paris/correspondance|9'],,['Métro de Paris/correspondance|9'],,,,,2.267856001853943,,Quais et mezzanine de la station.,['Date|8|novembre|1922|dans les chemins de fer'],Jasmin,,['France'],station souterraine,['Régie autonome des transports parisiens|RATP'],2.0,['e'],['Michel-Ange - Auteuil (métro de Paris)|Michel-Ange - Auteuil'],,,,,['Ranelagh (métro de Paris)|Ranelagh'],,,,,,,Bus,,,,,['Arrondissements de Paris|Arrondissement'],,['formatnum:2115456'],https://fr.wikipedia.org/w/index.php?title=Jasmin_(m%C3%A9tro_de_Paris)&action=raw,['Paris'],2.0,1.0
Jaurès (métro de Paris),,,,,,,22-12,,['Bus RATP/correspondances avec intitulé|26|48'],['Noctilien/correspondances avec intitulé|N13|N41|N42|N45'],,,,RATP,,Ligne 2 du métro de Paris/Paris/19e arrondissement de Paris/10e arrondissement de Paris,P1080807 Paris X station metro Jaurès boulevard de la Villette rwk.JPG,48.88179007771832,['métro de Paris/correspondances|2|5|7bis'],,['Métro de Paris/correspondance|2'],['Métro de Paris/correspondance|5'],['Métro de Paris/correspondance|7 bis'],,,2.370198369026184,,"['boulevard de la Villette', '10e|arrondissement']","['Métro de Paris/correspondance|2', 'Date|23|février|1903|dans les chemins de fer', 'Métro de Paris/correspondances|7', 'Métro de Paris/correspondances|7bis', 'Date|18|janvier|1911|dans les chemins de fer', 'Métro de Paris/correspondance|5', 'Date|12|octobre|1942|dans les chemins de fer']",Jaurès,Rue d'Allemagne,['France'],,['Régie autonome des transports parisiens|RATP'],6.0,"['e', 'e']",['Stalingrad (métro de Paris)|Stalingrad'],['Laumière (métro de Paris)|Laumière'],['Louis Blanc (métro de Paris)|Louis Blanc'],,,['Colonel Fabien (métro de Paris)|Colonel Fabien'],['Stalingrad (métro de Paris)|Stalingrad'],['Bolivar (métro de Paris)|Bolivar'],,,,,Bus RATP,Noctilien,,,,['Arrondissements de Paris|Arrondissement'],,['Unité|6226202|voyageurs'],https://fr.wikipedia.org/w/index.php?title=Jaur%C3%A8s_(m%C3%A9tro_de_Paris)&action=raw,['Paris'],6.0,1.0
Javel - André Citroën (métro de Paris),,,,,,,1614.0,,"['RER/correspondances avec intitulé|C', 'Gare de Javel|Javel']",['Bus RATP/correspondances nombreuses avec intitulé|30|62|88'],,,,RATP,,Paris/15e arrondissement de Paris,Paris metro station andre citroen.jpg,48.84616506264145,['Métro de Paris/correspondances|10'],,['Métro de Paris/correspondances|10'],,,,,2.278716266155243,,['MF 67'],['date|30|septembre|1913|dans les chemins de fer'],Javel - André Citroën,,['France'],,['Régie autonome des transports parisiens|RATP'],2.0,['e'],"['Mirabeau (métro de Paris)|Mirabeau', ""Église d'Auteuil (métro de Paris)|Église d'Auteuil""]",,,,,['Charles Michels (métro de Paris)|Charles Michels'],,,,,,,"[""Réseau express régional d'Île-de-France|RER""]",Bus,,,,['Arrondissements de Paris|Arrondissement'],,['formatnum:2565099'],https://fr.wikipedia.org/w/index.php?title=Javel_-_Andr%C3%A9_Citro%C3%ABn_(m%C3%A9tro_de_Paris)&action=raw,['Paris'],2.0,1.0
Jourdain (métro de Paris),,,,,,,23-14,,['Bus RATP/correspondances nombreuses avec intitulé|20'],['Noctilien/correspondances avec intitulé|N12|N23'],,,,['Régie autonome des transports parisiens|RATP'],,Paris/20e arrondissement de Paris/19e arrondissement de Paris,"Paris ,Jourdain Ligne 11.jpg",48.875199862215254,['Métro de Paris/correspondance|11'],,,,,,,2.3895075917243958,,Quais de la station.,['Date|28|avril|1935|dans les chemins de fer'],Jourdain,,['France'],,['Régie autonome des transports parisiens|RATP'],2.0,"['e', 'e']",['Pyrénées (métro de Paris)|Pyrénées'],,,,,['Place des Fêtes (métro de Paris)|Place des Fêtes'],,,,,,,Bus,Noctilien,,,,['Arrondissements de Paris|Arrondissement'],,['formatnum:3462099'],https://fr.wikipedia.org/w/index.php?title=Jourdain_(m%C3%A9tro_de_Paris)&action=raw,['Paris'],2.0,
Jules Joffrin (métro de Paris),,,,,,,20-11,,['Bus RATP/correspondances avec intitulé|31|40|60|80|85'],,,,,RATP,,Paris/18e arrondissement de Paris,Joffrin-quai-L12.jpg,48.89243736765836,['Métro de Paris/correspondance|12'],,['Métro de Paris/correspondance|12'],,,,,2.344781756401062,,Quais de la station.,"['31 octobre dans les chemins de fer|31 octobre', '1912 dans les chemins de fer|1912']",Jules Joffrin,,['France'],,['Régie autonome des transports parisiens|RATP'],2.0,['e'],['Marcadet - Poissonniers (métro de Paris)|Marcadet - Poissonniers'],,,,,['Lamarck - Caulaincourt (métro de Paris)|Lamarck - Caulaincourt'],,,,,,,Bus,,,,,['Arrondissements de Paris|Arrondissement'],,['formatnum:4441668'],https://fr.wikipedia.org/w/index.php?title=Jules_Joffrin_(m%C3%A9tro_de_Paris)&action=raw,['Paris'],2.0,1.0
Jussieu (métro de Paris),,,,,,,1207.0,,['Bus RATP/correspondances nombreuses avec intitulé|67|89'],,,,,RATP,,Paris/5e arrondissement de Paris,Place Jussieu 2.JPG,48.846052,['Métro de Paris/correspondances|7|10'],,['Métro de Paris/correspondance|7'],['Métro de Paris/correspondance|10'],,,,2.355738,,"['Adolphe Dervaux|Dervaux', 'place Jussieu']",['Date|26|avril|1931|dans les chemins de fer'],Jussieu,,['France'],,['Régie autonome des transports parisiens|RATP'],4.0,['e'],['Sully - Morland (métro de Paris)|Sully - Morland'],['Cardinal Lemoine (métro de Paris)|Cardinal Lemoine'],,,,['Place Monge (métro de Paris)|Place Monge'],"[""Gare d'Austerlitz (métro de Paris)|Gare d'Austerlitz""]",,,,,,Bus RATP,,,,,['Arrondissements de Paris|Arrondissement'],,['formatnum:4202204'],https://fr.wikipedia.org/w/index.php?title=Jussieu_(m%C3%A9tro_de_Paris)&action=raw,['Paris'],4.0,1.0
Kléber (métro de Paris),,,,,,,18-09,,['Bus RATP/correspondances nombreuses avec intitulé|22|30'],['Noctilien/correspondances avec intitulé|N53'],,,,RATP,,Paris/16e arrondissement de Paris,Kleber Paris Metro station 2008 6336.JPG,48.871138,['Métro de Paris/correspondances|6'],,['Métro de Paris/correspondance|6'],,,,,2.293118,,Les quais de la station en 2011.,['date|2|octobre|1900|dans les chemins de fer'],Kléber,,['France'],,['Régie autonome des transports parisiens|RATP'],2.0,['e'],['Charles de Gaulle - Étoile (métro de Paris)|Charles de Gaulle - Étoile'],,,,,['Boissière (métro de Paris)|Boissière'],,,,,,,"[""Autobus d'Île-de-France|Bus""]",['Noctilien'],,,,['Arrondissements de Paris|Arrondissement'],,['formatnum:1260051'],https://fr.wikipedia.org/w/index.php?title=Kl%C3%A9ber_(m%C3%A9tro_de_Paris)&action=raw,['Paris'],4.0,1.0
La Chapelle (métro de Paris),,,,,,,22-09,,"['RER/correspondances avec intitulé|B|D', 'Gare de Paris-Nord|Gare du Nord', 'RER/correspondances avec intitulé|E', 'Gare de Magenta|Magenta']","['Transilien/correspondances avec intitulé|H|K', 'Gare de Paris-Nord|Gare du Nord']",['Bus RATP/correspondances avec intitulé|35|38|45|48|302'],['Noctilien/correspondances avec intitulé|N43'],,RATP,,Ligne 2 du métro de Paris/Paris/18e arrondissement de Paris/10e arrondissement de Paris,MF2000 at La Chapelle.jpg,48.88441110516041,['Métro de Paris/correspondance|2'],,['Métro de Paris/correspondance|2'],,,,,2.360287606716156,,['MF 01'],['Date|31|janvier|1903|dans les chemins de fer'],La Chapelle,,['France'],,['Régie autonome des transports parisiens|RATP'],2.0,"['e', 'e']",['Barbès - Rochechouart (métro de Paris)|Barbès - Rochechouart'],,,,,['Stalingrad (métro de Paris)|Stalingrad'],,,,,,,RER,Transilien,Bus RATP,Noctilien,,['Arrondissements de Paris|Arrondissement'],,['formatnum:6503089'],https://fr.wikipedia.org/w/index.php?title=La_Chapelle_(m%C3%A9tro_de_Paris)&action=raw,['Paris'],2.0,1.0
La Courneuve - 8 Mai 1945 (métro de Paris),,,,,,,307.0,,"[""Tramway d'Île-de-France/correspondances avec intitulé|1""]",['Bus RATP/correspondances avec intitulé|152|173'],['Bus Optile/correspondances avec intitulé|TRA|607|609|611'],['Noctilien/correspondances avec intitulé|N42'],,RATP,,Paris et la petite couronne,LC-8mai45-rame départ centre.jpg,48.920777,['Métro de Paris/correspondance|7'],,['Métro de Paris/correspondance|7'],,,,,2.410668,,Les quais de la station.,['Date|6|mai|1987|dans les chemins de fer'],La Courneuve - 8 Mai 1945,,['France'],,['Régie autonome des transports parisiens|RATP'],2.0,,'''Terminus''',,,,,"[""Fort d'Aubervilliers (métro de Paris)|Fort d'Aubervilliers""]",,,,,,,Tramway,Bus RATP,TRA,Noctilien,,,,['formatnum:5536146'],https://fr.wikipedia.org/w/index.php?title=La_Courneuve_-_8_Mai_1945_(m%C3%A9tro_de_Paris)&action=raw,['La Courneuve'],3.0,3.0
La Fourche (métro de Paris),,,,,,,3114.0,,['Bus RATP/correspondances nombreuses avec intitulé|21|54|74'],['Noctilien/correspondances avec intitulé|N15|N51'],,,,RATP,,Paris/18e arrondissement de Paris/17e arrondissement de Paris,La Fourche inférieure (2) par Cramos.JPG,48.8869,['Métro de Paris/correspondance|13'],,,,,,,2.325875,,Quai inférieur de la station.,"['26 février dans les chemins de fer|26 février', '1911 dans les chemins de fer|1911']",La Fourche,,['France'],,['Régie autonome des transports parisiens|RATP'],3.0,"['e', 'e']","['Guy Môquet (métro de Paris)|Guy Môquet', 'Brochant (métro de Paris)|Brochant']",,,,,['Place de Clichy (métro de Paris)|Place de Clichy'],,,,,,,Bus,Noctilien,,,,['Arrondissements de Paris|Arrondissement'],,['formatnum:2904781'],https://fr.wikipedia.org/w/index.php?title=La_Fourche_(m%C3%A9tro_de_Paris)&action=raw,['Paris'],3.0,1.0
La Motte-Picquet - Grenelle (métro de Paris),,,,,,,17-04,,['Bus RATP/correspondances nombreuses avec intitulé|80|82'],,,,,RATP,,Paris/15e arrondissement de Paris,Metro Paris - Ligne 8 - Station La Motte Piquet Grenelle (2).jpg,48.84914272506833,['Métro de Paris/correspondances|6|8|10'],,['Métro de Paris/correspondance|6'],['Métro de Paris/correspondance|8'],['Métro de Paris/correspondance|10'],,,2.298089861869812,"['Métro de Paris/correspondances|6', 'Métro de Paris/correspondances|10', ""Gare d'Austerlitz (métro de Paris)|Gare d'Austerlitz"", 'Unité|75|m', 'Métro de Paris/correspondances|8', 'Métro de Paris/correspondances|10', 'Boulogne - Pont de Saint-Cloud (métro de Paris)|Boulogne', 'Unité|105|m']","Quai commun des lignes 8 et 10, vers ''Créteil'' et ''Gare d'Austerlitz''.","['Métro de Paris/correspondances|5', 'Métro de Paris/correspondances|6', 'Date|24|avril|1906|dans les chemins de fer', 'Métro de Paris/correspondances|8', 'Date|13|juillet|1913|dans les chemins de fer', 'Métro de Paris/correspondances|10', 'Date|29|juillet|1937|dans les chemins de fer']",La Motte-Picquet - Grenelle,,['France'],,['Régie autonome des transports parisiens|RATP'],5.0,['e'],['Dupleix (métro de Paris)|Dupleix'],['Commerce (métro de Paris)|Commerce'],['Avenue Émile-Zola (métro de Paris)|Avenue Émile-Zola'],,,['Cambronne (métro de Paris)|Cambronne'],['École Militaire (métro de Paris)|École Militaire'],['Ségur (métro de Paris)|Ségur'],,,,,Bus,,,,,['Arrondissements de Paris|Arrondissement'],,['formatnum:8280583'],https://fr.wikipedia.org/w/index.php?title=La_Motte-Picquet_-_Grenelle_(m%C3%A9tro_de_Paris)&action=raw,['Paris'],6.0,
La Muette (métro de Paris),,,,,,,1711.0,,"['RER/correspondances avec intitulé|C', 'Gare de Boulainvilliers']",['Bus RATP/correspondances nombreuses avec intitulé|22|32|52|70'],['Noctilien/correspondances avec intitulé|N53'],,,RATP,,Paris/16e arrondissement de Paris,"La Muette, Paris Metro, 26 April 2008.jpg",48.85771818004514,['Métro de Paris/correspondance|9'],,['Métro de Paris/correspondance|9'],,,,,2.273719310760498,,,['Date|8|novembre|1922|dans les chemins de fer'],La Muette,,['France'],,['Régie autonome des transports parisiens|RATP'],2.0,['e'],['Ranelagh (métro de Paris)|Ranelagh'],,,,,['Rue de la Pompe (métro de Paris)|Rue de la Pompe'],,,,,,,RER,Bus RATP,Noctilien,,,Arrondissement,,['formatnum:4206204'],https://fr.wikipedia.org/w/index.php?title=La_Muette_(m%C3%A9tro_de_Paris)&action=raw,['Paris'],2.0,
La Tour-Maubourg (métro de Paris),,,,,,,1008.0,,['Bus RATP/correspondances avec intitulé|28|69'],,,,,RATP,,Paris/7e arrondissement de Paris,Station métro La-Tour-Maubourg - IMG 3449.jpg,48.857667003460904,['Métro de Paris/correspondance|8'],,['Métro de Paris/correspondance|8'],,,,,2.310398519039154,,"['MF77', 'Balard (métro de Paris)|Balard']",['date|13|juillet|1913|dans les chemins de fer'],La Tour-Maubourg,,['France'],,['Régie autonome des transports parisiens|RATP'],2.0,['e'],['École Militaire (métro de Paris)|École Militaire'],,,,,['Invalides (métro de Paris)|Invalides'],,,,,,,"[""Autobus d'Île-de-France|Bus""]",,,,,['Arrondissements de Paris|Arrondissement'],,['formatnum:2152005'],https://fr.wikipedia.org/w/index.php?title=La_Tour-Maubourg_(m%C3%A9tro_de_Paris)&action=raw,['Paris'],2.0,1.0
Lamarck - Caulaincourt (métro de Paris),,,,,,,2012.0,,['Bus RATP/correspondances nombreuses avec intitulé|40|80'],,,,,RATP,,Paris/18e arrondissement de Paris,171838500 9b0ae75270 o Metro de Paris Ligne 12 station Lamarck Caulaincourt.jpg,48.889849,['Métro de Paris/correspondance|12'],,['Métro de Paris/correspondance|12'],,,,,2.338693,,Vue des quais.,"['31 octobre dans les chemins de fer|31 octobre', '1912 dans les chemins de fer|1912']",Lamarck - Caulaincourt,,['France'],,['Régie autonome des transports parisiens|RATP'],2.0,['e'],['Jules Joffrin (métro de Paris)|Jules Joffrin'],,,,,['Abbesses (métro de Paris)|Abbesses'],,,,,,,Bus,,,,,['Arrondissements de Paris|Arrondissement'],,['formatnum:2999657'],https://fr.wikipedia.org/w/index.php?title=Lamarck_-_Caulaincourt_(m%C3%A9tro_de_Paris)&action=raw,['Paris'],2.0,1.0
Le Kremlin-Bicêtre (métro de Paris),,,,,,,26-06,,"['Bus RATP/correspondances nombreuses avec intitulé|47|131|185|323', 'Bus RATP/correspondances|v6']",['Noctilien/correspondances avec intitulé|N15|N22'],,,,RATP,,Paris et la petite couronne,Station Le Kremlin-Bicêtre.jpg,48.810388,['Métro de Paris/correspondance|7'],,['Métro de Paris/correspondance|7'],,,,,2.361849,,,['Date|10|décembre|1982|dans les chemins de fer'],Le Kremlin-Bicêtre,,['France'],,['Régie autonome des transports parisiens|RATP'],2.0,,['Maison Blanche (métro de Paris)|Maison Blanche'],,,,,['Villejuif - Léo Lagrange (métro de Paris)|Villejuif - Léo Lagrange'],,,,,,,Bus RATP,Noctilien,,,,,,['formatnum:4344822'],https://fr.wikipedia.org/w/index.php?title=Le_Kremlin-Bic%C3%AAtre_(m%C3%A9tro_de_Paris)&action=raw,['Le Kremlin-Bicêtre'],2.0,2.0
Le Peletier (métro de Paris),,,,,,,21-02,,['Bus RATP/correspondances avec intitulé|26|32|40|43|74|85'],,,,,RATP,,Paris/9e arrondissement de Paris,Métro de Paris - Le Peletier 02.jpg,48.87472002674971,['Métro de Paris/correspondance|7'],,['Métro de Paris/correspondance|7'],,,,,2.3395487666130066,,Les quais de la station.,['Date|6|juin|1911|dans les chemins de fer'],Le Peletier,,['France'],,['Régie autonome des transports parisiens|RATP'],2.0,['e'],['Cadet (métro de Paris)|Cadet'],,,,,"[""Chaussée d'Antin - La Fayette (métro de Paris)|Chaussée d'Antin - La Fayette""]",,,,,,,Bus RATP,,,,,['Arrondissements de Paris|Arrondissement'],,['formatnum:2271055'],https://fr.wikipedia.org/w/index.php?title=Le_Peletier_(m%C3%A9tro_de_Paris)&action=raw,['Paris'],2.0,1.0
Ledru-Rollin (métro de Paris),,,,,,,12-15,,['Bus RATP/correspondances avec intitulé|61|76|86'],['Noctilien/correspondances avec intitulé|N16|N34'],,,,RATP,,Paris/12e arrondissement de Paris/11e arrondissement de Paris,Parisian Metro.jpg,48.851346,['Métro de Paris/correspondance|8'],,['Métro de Paris/correspondance|8'],,,,,2.376121,,Les quais de la station.,['Date|5|mai|1931|dans les chemins de fer'],Ledru-Rollin,,['France'],,['Régie autonome des transports parisiens|RATP'],2.0,"['e', 'e']",['Bastille (métro de Paris)|Bastille'],,,,,['Faidherbe - Chaligny (métro de Paris)|Faidherbe - Chaligny'],,,,,,,Bus RATP,Noctilien,,,,Arrondissement,,['formatnum:3917141'],https://fr.wikipedia.org/w/index.php?title=Ledru-Rollin_(m%C3%A9tro_de_Paris)&action=raw,['Paris'],2.0,1.0
Les Agnettes (métro de Paris),,,,,,,1903<br />GA31 / 31AGN,,['Bus RATP/correspondances nombreuses avec intitulé|178|238|366'],['Noctilien/correspondances avec intitulé|N51'],,,,RATP,,Paris et la petite couronne,Les Agnettes quais.jpg,48.92303856258169,['Métro de Paris/correspondance|13'],,['Métro de Paris/correspondance|13'],,,,,2.2858911752700806,,"L'intérieur de la station, au niveau des quais.",['Date|14|juin|2008|dans les chemins de fer'],Les Agnettes,,['France'],,['Régie autonome des transports parisiens|RATP'],2.0,,['Les Courtilles (métro de Paris)|Les Courtilles'],,,,,['Gabriel Péri (métro de Paris)|Gabriel Péri'],,,,,,,Bus RATP,Noctilien,,,,,,['formatnum:2368284'],https://fr.wikipedia.org/w/index.php?title=Les_Agnettes_(m%C3%A9tro_de_Paris)&action=raw,"['Asnières-sur-Seine', 'Gennevilliers']",2.0,3.0
Les Courtilles (métro de Paris),,,,,,,1904.0,,"[""Tramway d'Île-de-France/correspondances avec intitulé|1""]","['Bus RATP/correspondances avec intitulé|235|238|276', 'Bus RATP/correspondances|304|378|Bus du Port']",['Noctilien/correspondances avec intitulé|N51'],,,RATP,,Paris et la petite couronne,Les Courtilles quais.jpg,48.9306057560221,['Métro de Paris/correspondance|13'],,['Métro de Paris/correspondance|13'],,,,,2.283788323402405,,Les quais de la station.,['Date|14|juin|2008|dans les chemins de fer'],<small>''Asnières - Gennevilliers''</small><br />Les Courtilles,,['France'],,['Régie autonome des transports parisiens|RATP'],2.0,,'''Terminus''',,,,,['Les Agnettes (métro de Paris)|Les Agnettes'],,,,,,,Tramway,Bus RATP,Noctilien,,,,,['formatnum:4033364'],https://fr.wikipedia.org/w/index.php?title=Les_Courtilles_(m%C3%A9tro_de_Paris)&action=raw,"['Asnières-sur-Seine', 'Gennevilliers']",2.0,3.0
Les Gobelins (métro de Paris),,,,,,,1413.0,,['Bus RATP/correspondances avec intitulé|24|27|47|59|83|91'],['Noctilien/correspondances avec intitulé|N01|N02|N15|N22'],,,,RATP,,Paris/13e arrondissement de Paris/5e arrondissement de Paris,Metro de Paris - Ligne 7 - Les Gobelins 02.jpg,48.8364,['Métro de Paris/correspondance|7'],,['Métro de Paris/correspondance|7'],,,,,2.35225,,Vue de la station.,"['Date|15|février|1930|dans les chemins de fer', 'Métro de Paris/correspondance|10', 'Date|26|avril|1931|dans les chemins de fer', 'Métro de Paris/correspondance|7']",Les Gobelins,,['France'],,['Régie autonome des transports parisiens|RATP'],2.0,"['e', 'e']",['Censier - Daubenton (métro de Paris)|Censier - Daubenton'],,,,,"[""Place d'Italie (métro de Paris)|Place d'Italie""]",,,,,,,Bus RATP,Noctilien,,,,['Arrondissements de Paris|Arrondissement'],,['formatnum:3835783'],https://fr.wikipedia.org/w/index.php?title=Les_Gobelins_(m%C3%A9tro_de_Paris)&action=raw,['Paris'],2.0,1.0
Liberté (métro de Paris),,,,,,,25-12,,['Bus RATP/correspondances avec intitulé|77|109|111|180'],,,,,RATP,,Paris et la petite couronne,Station métro Liberté - 20130606 174128.jpg,48.825882,['Métro de Paris/correspondance|8'],,['Métro de Paris/correspondance|8'],,,,,2.407022,,Accès principal de la station.,['date|5|octobre|1942|dans les chemins de fer'],Liberté,,['France'],,['Régie autonome des transports parisiens|RATP'],2.0,,['Porte de Charenton (métro de Paris)|Porte de Charenton'],,,,,['Charenton - Écoles (métro de Paris)|Charenton - Écoles'],,,,,,,"[""Autobus d'Île-de-France|Bus""]",,,,,,,['formatnum:2557299'],https://fr.wikipedia.org/w/index.php?title=Libert%C3%A9_(m%C3%A9tro_de_Paris)&action=raw,['Charenton-le-Pont'],2.0,2.0
Liège (métro de Paris),,,,,,,613.0,,['Bus RATP/correspondances avec intitulé|21|95'],,,,,['Régie autonome des transports parisiens|RATP'],,Paris/9e arrondissement de Paris/8e arrondissement de Paris,Metro de Paris - Ligne 13 - station Liege A.jpg,48.879626,['Métro de Paris/correspondances|13'],,,,,,,2.326983,,['rue de Liège'],"['26 février dans les chemins de fer|26 février', '1911 dans les chemins de fer|1911']",Liège,Berlin,['France'],station souterraine,['Régie autonome des transports parisiens|RATP'],2.0,"['e', 'e']",['Place de Clichy (métro de Paris)|Place de Clichy'],,,,,['Saint-Lazare (métro de Paris)|Saint-Lazare'],,,,,,,Bus,,,,,['Arrondissements de Paris|Arrondissement'],,['formatnum:1659751'],https://fr.wikipedia.org/w/index.php?title=Li%C3%A8ge_(m%C3%A9tro_de_Paris)&action=raw,['Paris'],2.0,1.0
Louise Michel (métro de Paris),,"['rue Louise-Michel', 'Levallois-Perret']",,,,,2913.0,1937.0,['Noctilien/correspondances avec intitulé|N16|N52'],,,,,RATP,,Paris et la petite couronne,Station Louise Michel (Ligne 3).jpg,48.888836,['Métro de Paris/correspondance|3'],,['Métro de Paris/correspondance|3'],,,,,2.288002,,Quais de la station.,['Date|24|septembre|1937|dans les chemins de fer'],Louise Michel,Vallier,['France'],,['Régie autonome des transports parisiens|RATP'],2.0,Louise Michel,['Anatole France (métro de Paris)|Anatole France'],,,,,['Porte de Champerret (métro de Paris)|Porte de Champerret'],,,,,,,Noctilien,,,,,,,['formatnum:3594105'],https://fr.wikipedia.org/w/index.php?title=Louise_Michel_(m%C3%A9tro_de_Paris)&action=raw,['Levallois-Perret'],2.0,2.0
Lourmel (métro de Paris),,,,,,,16-10,,['Bus RATP/correspondances avec intitulé|42'],,,,,RATP,,Paris/15e arrondissement de Paris,Metro - Paris - Ligne 8 - Lourmel (7).jpg,48.838604499472666,['Métro de Paris/correspondance|8'],,['Métro de Paris/correspondance|8'],,,,,2.2818168997764587,,"[""Balard (métro de Paris)|''Balard''""]",['Date|27 juillet 1937|dans les chemins de fer'],Lourmel,,['France'],,['Régie autonome des transports parisiens|RATP'],2.0,['e'],['Balard (métro de Paris)|Balard'],,,,,['Boucicaut (métro de Paris)|Boucicaut'],,,,,,,"[""Autobus d'Île-de-France|Bus""]",,,,,['Arrondissements de Paris|Arrondissement'],,['formatnum:2483440'],https://fr.wikipedia.org/w/index.php?title=Lourmel_(m%C3%A9tro_de_Paris)&action=raw,['Paris'],3.0,1.0
Louvre - Rivoli (métro de Paris),,,,,,,112.0,,['Bus RATP/correspondances nombreuses avec intitulé|21|67|69|72|74|85'],['Noctilien/correspondances avec intitulé|N11|N15|N16|N24'],,,,RATP,,Paris/1er arrondissement de Paris,Station-louvre-rivoli.jpg,48.86108,['Métro de Paris/correspondance|1'],,['Métro de Paris/correspondance|1'],,,,,2.340283,,['MP 89'],['Date|13|août|1900|dans les chemins de fer'],Louvre - Rivoli,,['France'],,['Régie autonome des transports parisiens|RATP'],2.0,['er'],['Palais-Royal - Musée du Louvre (métro de Paris)|Palais-Royal - Musée du Louvre'],,,,,['Châtelet (métro de Paris)|Châtelet'],,,,,,,Bus,Noctilien,,,,['Arrondissements de Paris|Arrondissement'],,['Unité|2366043|voyageurs'],https://fr.wikipedia.org/w/index.php?title=Louvre_-_Rivoli_(m%C3%A9tro_de_Paris)&action=raw,['Paris'],2.0,1.0
Mabillon (métro de Paris),,,,,,,214.0,,['Bus RATP/correspondances nombreuses avec intitulé|63|70|86|87|96'],['Noctilien/correspondances avec intitulé|N12|N13'],,,,['Régie autonome des transports parisiens|RATP'],,Paris/6e arrondissement de Paris,Metro de Paris - Ligne 10 - Mabillon 01.jpg,48.85277498636534,['Métro de Paris/correspondance|10'],,,,,,,2.335321605205536,,"[""Boulogne - Pont de Saint-Cloud (métro de Paris)|''Boulogne - Pont de Saint-Cloud''""]","['10 mars dans les chemins de fer|10 mars', '1925 dans les chemins de fer|1925']",Mabillon,,['France'],,['Régie autonome des transports parisiens|RATP'],2.0,['e'],['Sèvres - Babylone (métro de Paris)|Sèvres - Babylone'],,,,,['Odéon (métro de Paris)|Odéon'],,,,,,,Bus,Noctilien,,,,['Arrondissements de Paris|Arrondissement'],,['formatnum:1980247'],https://fr.wikipedia.org/w/index.php?title=Mabillon_(m%C3%A9tro_de_Paris)&action=raw,['Paris'],2.0,1.0
Madeleine (métro de Paris),,,,,,,10-03 et MAD,,['Bus RATP/correspondances nombreuses avec intitulé|42|45|52|84|94'],,,,,RATP,,Paris/8e arrondissement de Paris,Paris 06 2012 Line 12 Metro Madeleine 3128.JPG,48.8700643517776,['Métro de Paris/correspondances|8|12|14'],,['Métro de Paris/correspondance|8'],['Métro de Paris/correspondance|12'],['Métro de Paris/correspondance|14'],,,2.32516370025939,,Les quais de la ligne 12.,"['Métro de Paris/correspondances|12', 'Date|5|novembre|1910|dans les chemins de fer', 'Métro de Paris/correspondances|8', 'Date|13|juillet|1913|dans les chemins de fer', 'Métro de Paris/correspondances|14', 'Date|15|octobre|1998|dans les chemins de fer']",Madeleine,,['France'],,['Régie autonome des transports parisiens|RATP'],6.0,['e'],['Concorde (métro de Paris)|Concorde'],['Saint-Lazare (métro de Paris)|Saint-Lazare'],['Saint-Lazare (métro de Paris)|Saint-Lazare'],,,['Opéra (métro de Paris)|Opéra'],['Concorde (métro de Paris)|Concorde'],['Pyramides (métro de Paris)|Pyramides'],,,,,Bus RATP,,,,,['Arrondissements de Paris|Arrondissement'],,['formatnum:7475264'],https://fr.wikipedia.org/w/index.php?title=Madeleine_(m%C3%A9tro_de_Paris)&action=raw,['Paris'],6.0,1.0
Mairie d'Issy (métro de Paris),,,,,,,2803.0,,"['Bus RATP/correspondances avec intitulé|123|169|190|290', 'Bus RATP/correspondance|323', 'Bus RATP/correspondance|TUVIM']",['Noctilien/correspondances avec intitulé|N13'],,,,RATP,,Paris,Metro - Paris - Ligne 12 - Mairie d Issy.jpg,48.824152,['Métro de Paris/correspondance|12'],,['Métro de Paris/correspondance|12'],,,,,2.273434,,Quais de la station.,"['24 mars dans les chemins de fer|24 mars', '1934 dans les chemins de fer|1934']",Mairie d'Issy,,['France'],,['Régie autonome des transports parisiens|RATP'],2.0,,['Corentin Celton (métro de Paris)|Corentin Celton'],,,,,'''Terminus''',,,,,,,Bus,Noctilien,,,,,,['formatnum:4322511'],https://fr.wikipedia.org/w/index.php?title=Mairie_d%27Issy_(m%C3%A9tro_de_Paris)&action=raw,['Issy-les-Moulineaux'],2.0,2.0
Mairie d'Ivry (métro de Paris),,,,,,,26-05,,['Bus RATP/correspondances avec intitulé|125|132|182|323'],,,,,RATP,,Paris et la petite couronne,MF77 Mairie d'Ivry M7.jpg,48.81112408058842,['Métro de Paris/correspondance|7'],,['Métro de Paris/correspondance|7'],,,,,2.383386790752411,,['MF 77'],['Date|1|mai|1946|dans les chemins de fer'],Mairie d'Ivry,,['France'],,['Régie autonome des transports parisiens|RATP'],2.0,,['Pierre et Marie Curie (métro de Paris)|Pierre et Marie Curie'],,,,,'''Terminus''',,,,,,,Bus RATP,,,,,,,['Unité|4251210|voyageurs'],https://fr.wikipedia.org/w/index.php?title=Mairie_d%27Ivry_(m%C3%A9tro_de_Paris)&action=raw,['Ivry-sur-Seine'],3.0,2.0
Mairie de Clichy (métro de Paris),,,,,,,19-01,,"['Bus RATP/correspondances avec intitulé|54|174|274', 'Bus RATP/correspondances|340|341|TUCe|TUCo']",['Noctilien/correspondances avec intitulé|N15|N51'],,,,RATP,,Paris et la petite couronne,Métro Mairie Clichy 2018 - rame quai.jpg,48.903958648112884,['Métro de Paris/correspondance|13'],,['Métro de Paris/correspondance|13'],,,,,2.3053425550460815,,Quais de la station.,['Date|3|mai|1980|dans les chemins de fer'],Mairie de Clichy,,['France'],,['Régie autonome des transports parisiens|RATP'],2.0,,['Gabriel Péri (métro de Paris)|Gabriel Péri'],,,,,['Porte de Clichy (métro de Paris)|Porte de Clichy'],,,,,,,Bus RATP,Noctilien,,,,,,['Unité|7107063|voyageurs'],https://fr.wikipedia.org/w/index.php?title=Mairie_de_Clichy_(m%C3%A9tro_de_Paris)&action=raw,['Clichy'],2.0,2.0
Mairie de Montreuil (métro de Paris),,,,,,,25-03,,['Bus RATP/correspondances nombreuses avec intitulé|102|115|121|122|129|322'],['Noctilien/correspondances avec intitulé|N16|N34'],,,,RATP,,Paris et la petite couronne,Station Mairie-de-Montreuil - 2012-07-03 - IMG 5047.jpg,48.862283,['Métro de Paris/correspondance|9'],,,,,,,2.441847,,Quais de la station.,['Date|14|octobre|1937|dans les chemins de fer'],Mairie de Montreuil,,['France'],,['Régie autonome des transports parisiens|RATP'],2.0,,['Croix de Chavaux (métro de Paris)|Croix de Chavaux'],,,,,'''Terminus''',,,,,,,Bus,Noctilien,,,,,,['formatnum:6328612'],https://fr.wikipedia.org/w/index.php?title=Mairie_de_Montreuil_(m%C3%A9tro_de_Paris)&action=raw,['Montreuil (Seine-Saint-Denis)|Montreuil'],2.0,2.0
Mairie de Montrouge (métro de Paris),,,,,,,1507.0,,"['Bus RATP/correspondances avec intitulé|68|126|128', 'Bus Optile/correspondances avec intitulé|Sqybus|475']",,,,,RATP,,Paris et la petite couronne,Mairie de Montrouge - Paris Metro 5714.JPG,48.8180648291392,['Métro de Paris/correspondances avec intitulé|4'],,['Métro de Paris/correspondance|4'],,,,,2.31953674036336,,"La station lors de son ouverture, en 2013.",['date-|23|mars|2013'],Mairie de Montrouge,,['France'],,['Régie autonome des transports parisiens|RATP'],2.0,,"[""Porte d'Orléans (métro de Paris)|Porte d'Orléans""]",,,,,'''Terminus''',,,,,,,"[""Autobus d'Île-de-France|Bus""]",,,,,,,['formatnum:5757464'],https://fr.wikipedia.org/w/index.php?title=Mairie_de_Montrouge_(m%C3%A9tro_de_Paris)&action=raw,['Montrouge'],2.0,2.0
Mairie de Saint-Ouen (métro de Paris),,,,,,,19-11<br />GA63 / 63MSO,,"['Bus RATP/correspondances nombreuses avec intitulé|66|85|137|166|173', ""Bus RATP/correspondances|237|274|L'Audonienne""]",['Noctilien/correspondances avec intitulé|N14|N44'],,,,['Régie autonome des transports parisiens|RATP'],,Paris et la petite couronne,Mairiedesaintouenmetro1b.jpg,48.91161863558103,['Métro de Paris/correspondance|13'],,['Métro de Paris/correspondance|13'],,,,,2.3337525129318237,,"Une des entrées de la station,<br />sur la place de la République.",['Date|30 juin 1952|dans les chemins de fer'],Mairie de Saint-Ouen,,['France'],,['Régie autonome des transports parisiens|RATP'],2.0,,['Carrefour Pleyel (métro de Paris)|Carrefour Pleyel'],,,,,['Garibaldi (métro de Paris)|Garibaldi'],,,,,,,Bus,Noctilien,,,,,,['Unité|4143606|voyageurs'],https://fr.wikipedia.org/w/index.php?title=Mairie_de_Saint-Ouen_(m%C3%A9tro_de_Paris)&action=raw,['Saint-Ouen-sur-Seine'],2.0,2.0
Mairie des Lilas (métro de Paris),,,,,,,23-03,,"[""Bus RATP/correspondances nombreuses avec intitulé|105|129|TillBus|P'tit Bus""]",['Noctilien/correspondances avec intitulé|N12|N23'],,,,RATP,,Paris,Metro de Paris - Ligne 11 - Mairie des Lilas 01.jpg,48.879788056425525,['Métro de Paris/correspondance|11'],,,,,,,2.416289448738098,,"Vue d'ensemble des quais avec, tout au fond, l'atelier de maintenance de la ligne.","['17 février dans les chemins de fer|17 février', '1937 dans les chemins de fer|1937']",Mairie des Lilas,,['France'],,['Régie autonome des transports parisiens|RATP'],2.0,,['Porte des Lilas (métro de Paris)|Porte des Lilas'],,,,,'''Terminus''',,,,,,,Bus,Noctilien,,,,,,['formatnum:4647162'],https://fr.wikipedia.org/w/index.php?title=Mairie_des_Lilas_(m%C3%A9tro_de_Paris)&action=raw,['Les Lilas'],2.0,
Maison Blanche (métro de Paris),,,,,,,1409<br />GA41 / 41MBP,,"['Bus RATP/correspondances avec intitulé|47', 'Bus RATP/correspondance|Traverse Bièvre Montsouris']",,,,,RATP,,Paris/13e arrondissement de Paris,Metro 7 Maison Blanche quais.JPG,48.822155,['Métro de Paris/correspondance|7'],,['Métro de Paris/correspondance|7'],,,,,2.358531,,['La Courneuve - 8 Mai 1945 (métro de Paris)|La Courneuve'],['Date|7|mars|1930|dans les chemins de fer'],Maison Blanche,,['France'],,['Régie autonome des transports parisiens|RATP'],2.0,['e'],['Tolbiac (métro de Paris)|Tolbiac'],,,,,"[""Porte d'Italie (métro de Paris)|Porte d'Italie"", 'Le Kremlin-Bicêtre (métro de Paris)|Le Kremlin-Bicêtre']",,,,,,,Bus RATP,,,,,['Arrondissements de Paris|Arrondissement'],,['formatnum:2122847'],https://fr.wikipedia.org/w/index.php?title=Maison_Blanche_(m%C3%A9tro_de_Paris)&action=raw,['Paris'],2.0,1.0
Maisons-Alfort - Les Juilliottes (métro de Paris),,,,,,,25-04,,['Bus RATP/correspondances avec intitulé|104|217|372'],['Noctilien/correspondances avec intitulé|N32|N35'],,,,['Régie autonome des transports parisiens|RATP'],,Paris et la petite couronne,Station métro Maisons-Alfort-Les Juillottes - 20130627 174343.jpg,48.802567,['Métro de Paris/correspondance|8'],,['Métro de Paris/correspondance|8'],,,,,2.446432,,"Accès à la station, avenue du Général-Leclerc, du côté des numéros impairs.",['Date|27|avril|1972|dans les chemins de fer'],Maisons-Alfort - Les Juilliottes,,['France'],,['Régie autonome des transports parisiens|RATP'],2.0,,['Maisons-Alfort - Stade (métro de Paris)|Maisons-Alfort - Stade'],,,,,"[""Créteil - L'Échat (métro de Paris)|Créteil - L'Échat""]",,,,,,,"[""Autobus d'Île-de-France|Bus""]",['Noctilien'],,,,,,['formatnum:2085806'],https://fr.wikipedia.org/w/index.php?title=Maisons-Alfort_-_Les_Juilliottes_(m%C3%A9tro_de_Paris)&action=raw,['Maisons-Alfort'],3.0,2-3
Maisons-Alfort - Stade (métro de Paris),,,,,,,2515.0,,['Bus RATP/correspondances avec intitulé|104|372'],['Noctilien/correspondances avec intitulé|N35'],,,,RATP,,Paris et la petite couronne,Station métro Maisons-Alfort-Stade - IMG 3658.jpg,48.80868115771367,['Métro de Paris/correspondance|8'],,['Métro de Paris/correspondance|8'],,,,,2.436073422431946,,L'accès principal de la station.,['Date|19|septembre|1970|dans les chemins de fer'],Maisons-Alfort - Stade,,['France'],,['Régie autonome des transports parisiens|RATP'],2.0,,['École vétérinaire de Maisons-Alfort (métro de Paris)|École vétérinaire de Maisons-Alfort'],,,,,['Maisons-Alfort - Les Juilliottes (métro de Paris)|Maisons-Alfort - Les Juilliottes'],,,,,,,"[""Autobus d'Île-de-France|Bus""]",['Noctilien'],,,,,,['formatnum:1689344'],https://fr.wikipedia.org/w/index.php?title=Maisons-Alfort_-_Stade_(m%C3%A9tro_de_Paris)&action=raw,['Maisons-Alfort'],2.0,3.0
Malakoff - Plateau de Vanves (métro de Paris),,,,,,,27-07,,['Bus RATP/correspondances nombreuses avec intitulé|58|Navette de Vanves'],,,,,['Régie autonome des transports parisiens|RATP'],,Paris et la petite couronne,Paris metro - Malakoff-Plateau de Vanves - 3.JPG,48.822623,['Métro de Paris/correspondances avec intitulé|13'],,['Métro de Paris/correspondances avec intitulé|13'],,,,,2.298511,,"['MF 77', 'Les Courtilles (métro de Paris)|Asnières - Gennevilliers - Les Courtilles']",['Date|9|novembre|1976|dans les chemins de fer'],Malakoff - Plateau de Vanves,,['France'],,['Régie autonome des transports parisiens|RATP'],2.0,,['Porte de Vanves (métro de Paris)|Porte de Vanves'],,,,,['Malakoff - Rue Étienne-Dolet (métro de Paris)|Malakoff - Rue Étienne-Dolet'],,,,,,,Bus,,,,,,,['Unité|3659183|voyageurs'],https://fr.wikipedia.org/w/index.php?title=Malakoff_-_Plateau_de_Vanves_(m%C3%A9tro_de_Paris)&action=raw,['Malakoff (Hauts-de-Seine)'],2.0,
Malakoff - Rue Étienne-Dolet (métro de Paris),,,,,,,27-08,,"[""Bus RATP/correspondances nombreuses avec intitulé|191|391|L'Hirondelle""]",,,,,['Régie autonome des transports parisiens|RATP'],,Paris et la petite couronne,Paris metro - Malakoff-Rue Étienne Dolet - 1.JPG,48.814702579903646,['Métro de Paris/correspondances avec intitulé|13'],,['Métro de Paris/correspondances avec intitulé|13'],,,,,2.2973012924194336,,"['MF77', ""Saint-Denis - Université (métro de Paris)|''Saint-Denis - Université''""]",['Date|9|novembre|1976|dans les chemins de fer'],Malakoff - Rue Étienne-Dolet,,['France'],,['Régie autonome des transports parisiens|RATP'],2.0,,['Malakoff - Plateau de Vanves (métro de Paris)|Malakoff - Plateau de Vanves'],,,,,['Châtillon - Montrouge (métro de Paris)|Châtillon - Montrouge'],,,,,,,Bus,,,,,,,['formatnum:1881782'],https://fr.wikipedia.org/w/index.php?title=Malakoff_-_Rue_%C3%89tienne-Dolet_(m%C3%A9tro_de_Paris)&action=raw,['Malakoff (Hauts-de-Seine)|Malakoff'],2.0,2.0
Malesherbes (métro de Paris),,,,,,,601.0,,['Bus RATP/correspondances avec intitulé|20|93'],['Noctilien/correspondances avec intitulé|N16|N52'],,,,RATP,,Paris/17e arrondissement de Paris,Paris metro3 - malesherbes - entrance2.jpg,48.882476,['Métro de Paris/correspondance|3'],,['Métro de Paris/correspondance|3'],,,,,2.311002,,L'entrée de la station.,['Date|23|mai|1910|dans les chemins de fer'],Malesherbes,,['France'],,['Régie autonome des transports parisiens|RATP'],2.0,['e'],['Wagram (métro de Paris)|Wagram'],,,,,['Villiers (métro de Paris)|Villiers'],,,,,,,Bus RATP,Noctilien,,,,['Arrondissements de Paris|Arrondissement'],,['formatnum:2623165'],https://fr.wikipedia.org/w/index.php?title=Malesherbes_(m%C3%A9tro_de_Paris)&action=raw,['Paris'],2.0,1.0
Maraîchers (métro de Paris),,,,,,,05-04,,['Bus RATP/correspondances nombreuses avec intitulé|26|57|64'],,,,,RATP,,Paris/20e arrondissement de Paris,Paris-Metro-maraichers1.jpg,48.85285087628377,['Métro de Paris/correspondance|9'],,['Métro de Paris/correspondance|9'],,,,,2.4069902300834656,,Rame en direction de Pont-de-Sèvres.,['date|10|décembre|1933|dans les chemins de fer'],Maraîchers,,['France'],,['Régie autonome des transports parisiens|RATP'],2.0,['e'],['Buzenval (métro de Paris)|Buzenval'],,,,,['Porte de Montreuil (métro de Paris)|Porte de Montreuil'],,,,,,,Bus,,,,,['Arrondissements de Paris|Arrondissement'],,['formatnum:2903399'],https://fr.wikipedia.org/w/index.php?title=Mara%C3%AEchers_(m%C3%A9tro_de_Paris)&action=raw,['Paris'],2.0,
Marcadet - Poissonniers (métro de Paris),,,,,,,20-09,,['Bus RATP/correspondances nombreuses avec intitulé|31|56|60|302'],['Noctilien/correspondances avec intitulé|N14|N44'],,,,RATP,,Paris/18e arrondissement de Paris,Marcadet - Poissonniers 2019 línea 12.jpg,48.89036875745133,['Métro de Paris/correspondances avec intitulé|4|12'],,['Métro de Paris/correspondance|4'],['Métro de Paris/correspondance|12'],,,,2.350028157234192,,Quai de la ligne 12 en 2019 après le décarrossage,"['Métro de Paris/correspondances avec intitulé|4', '21 avril dans les chemins de fer|21 avril', '1908 dans les chemins de fer|1908', 'Métro de Paris/correspondances avec intitulé|12', '23 août dans les chemins de fer|23 août', '1916 dans les chemins de fer|1916']",Marcadet - Poissonniers,,['France'],,['Régie autonome des transports parisiens|RATP'],4.0,['18e'],['Simplon (métro de Paris)|Simplon'],['Marx Dormoy (métro de Paris)|Marx Dormoy'],,,,['Château Rouge (métro de Paris)|Château Rouge'],['Jules Joffrin (métro de Paris)|Jules Joffrin'],,,,,,Bus,Noctilien,,,,['Arrondissements de Paris|Arrondissement'],,['formatnum:6381604'],https://fr.wikipedia.org/w/index.php?title=Marcadet_-_Poissonniers_(m%C3%A9tro_de_Paris)&action=raw,['Paris'],4.0,1.0
Marcel Sembat (métro de Paris),,,,,,,28-08,,['Bus RATP/correspondances nombreuses avec intitulé|42|123|126|175|SUBB'],['Noctilien/correspondances avec intitulé|N12|N61|N145'],,,,RATP,,Paris et la petite couronne,Paris metro - Marcel Sembat - 2.JPG,48.83367001197125,['Métro de Paris/correspondance|9'],,['Métro de Paris/correspondance|9'],,,,,2.24357932806015,,['MF 67'],['Date|3|février|1934|dans les chemins de fer'],Marcel Sembat,,['France'],,['Régie autonome des transports parisiens|RATP'],2.0,,['Billancourt (métro de Paris)|Billancourt'],,,,,['Porte de Saint-Cloud (métro de Paris)|Porte de Saint-Cloud'],,,,,,,Bus,Noctilien,,,,,,['formatnum:5942496'],https://fr.wikipedia.org/w/index.php?title=Marcel_Sembat_(m%C3%A9tro_de_Paris)&action=raw,['Boulogne-Billancourt'],2.0,
Marx Dormoy (métro de Paris),,,,,,,2007.0,,['Bus RATP/correspondances nombreuses avec intitulé|35|38|60'],['Noctilien/correspondances avec intitulé|N43'],,,,RATP,,Paris/18e arrondissement de Paris,Paris MarxDormoyM12 platform.jpg,48.890483,['Métro de Paris/correspondances avec intitulé|12'],,,,,,,2.359968,,Les quais de la station.,['date|23|août|1916'],Marx Dormoy,Torcy,['France'],,['Régie autonome des transports parisiens|RATP'],2.0,['e'],['Porte de la Chapelle (métro de Paris)|Porte de la Chapelle'],,,,,['Marcadet - Poissonniers (métro de Paris)|Marcadet - Poissonniers'],,,,,,,Bus,Noctilien,,,,['Arrondissements de Paris|Arrondissement'],,['formatnum:3753736'],https://fr.wikipedia.org/w/index.php?title=Marx_Dormoy_(m%C3%A9tro_de_Paris)&action=raw,['Paris'],2.0,1.0
Maubert - Mutualité (métro de Paris),,,,,,,106.0,,['Bus RATP/correspondances nombreuses avec intitulé|24|47|63|86|87|OpenTour'],,,,,['Régie autonome des transports parisiens|RATP'],,Paris/5e arrondissement de Paris,Paris Metro Maubert - Mutualité 001.JPG,48.850192895719374,['Métro de Paris/correspondance|10'],,,,,,,2.3479360342025757,,"['Boulogne - Pont de Saint-Cloud (métro de Paris)|Boulogne - Pont de Saint-Cloud', 'MF 67']",['Date|15 février 1930|dans les chemins de fer'],Maubert - Mutualité,,['France'],,['Régie autonome des transports parisiens|RATP'],2.0,['e'],['Cluny - La Sorbonne (métro de Paris)|Cluny - La Sorbonne'],,,,,['Cardinal Lemoine (métro de Paris)|Cardinal Lemoine'],,,,,,,Bus,,,,,['Arrondissements de Paris|Arrondissement'],,['formatnum:2631728'],https://fr.wikipedia.org/w/index.php?title=Maubert_-_Mutualit%C3%A9_(m%C3%A9tro_de_Paris)&action=raw,['Paris'],2.0,1.0
Ménilmontant (métro de Paris),,,,,,,24-05,,['Bus RATP/correspondances avec intitulé|20|71|96'],['Noctilien/correspondances avec intitulé|N12|N23'],,,,RATP,,Ligne 2 du métro de Paris/Paris/20e arrondissement de Paris/11e arrondissement de Paris,Métro de Paris - Ligne 2 - Ménilmontant 01.jpg,48.866248,['Métro de Paris/correspondance|2'],,['Métro de Paris/correspondance|2'],,,,,2.383618,,['Nation (métro de Paris)|Nation'],['Date|31|janvier|1903|dans les chemins de fer'],Ménilmontant,,['France'],,['Régie autonome des transports parisiens|RATP'],2.0,"['e', 'e']",['Couronnes (métro de Paris)|Couronnes'],,,,,['Père Lachaise (métro de Paris)|Père Lachaise'],,,,,,,Bus RATP,Noctilien,,,,['Arrondissements de Paris|Arrondissement'],,['formatnum:4316980'],https://fr.wikipedia.org/w/index.php?title=M%C3%A9nilmontant_(m%C3%A9tro_de_Paris)&action=raw,['Paris'],2.0,1.0
Michel Bizot (métro de Paris),,,,,,,13-10,,['Bus RATP/correspondances avec intitulé|46'],['Noctilien/correspondances avec intitulé|N33'],,,,['Régie autonome des transports parisiens|RATP'],,Paris/12e arrondissement de Paris,Station métro Michel-Bizot - 20130606 162738.jpg,48.83748523437583,['Métro de Paris/correspondance|8'],,['Métro de Paris/correspondance|8'],,,,,2.401234209537506,,Accès principal à la station.,"['5 mai dans les chemins de fer|5 mai', '1931 dans les chemins de fer|1931']",Michel Bizot,,['France'],,['Régie autonome des transports parisiens|RATP'],2.0,['e'],['Daumesnil (métro de Paris)|Daumesnil'],,,,,['Porte Dorée (métro de Paris)|Porte Dorée'],,,,,,,Bus,Noctilien,,,,['Arrondissements de Paris|Arrondissement'],,['formatnum:2038450'],https://fr.wikipedia.org/w/index.php?title=Michel_Bizot_(m%C3%A9tro_de_Paris)&action=raw,['Paris'],2.0,1.0
Michel-Ange - Auteuil (métro de Paris),,,,,,,07-09,,['Bus RATP/correspondances nombreuses avec intitulé|52|62'],,,,,RATP,,Paris/16e arrondissement de Paris,Metro Paris - Ligne 9 - station Michel-Ange - Auteuil 01.jpg,48.84777129258516,['Métro de Paris/correspondances|9|10'],,['Métro de Paris/correspondance|9'],['Métro de Paris/correspondance|10'],,,,2.2638702392578125,,"['Ligne 9 du métro de Paris|ligne 9', ""Pont de Sèvres (métro de Paris)|''Pont de Sèvres''""]","['Métro de Paris/correspondances|8', 'Métro de Paris/correspondances|10', 'Date|30|septembre|1913|dans les chemins de fer', 'Métro de Paris/correspondances|9', 'Date|8|novembre|1922|dans les chemins de fer']",Michel-Ange - Auteuil,,['France'],,['Régie autonome des transports parisiens|RATP'],3.0,['e'],['Michel-Ange - Molitor (métro de Paris)|Michel-Ange - Molitor'],"[""Porte d'Auteuil (métro de Paris)|Porte d'Auteuil""]",,,,['Jasmin (métro de Paris)|Jasmin'],"[""Église d'Auteuil (métro de Paris)|Église d'Auteuil""]",,,,,,Bus,,,,,['Arrondissements de Paris|Arrondissement'],,['formatnum:2222709'],https://fr.wikipedia.org/w/index.php?title=Michel-Ange_-_Auteuil_(m%C3%A9tro_de_Paris)&action=raw,['Paris'],4.0,1.0
Michel-Ange - Molitor (métro de Paris),,"['rue Michel-Ange', 'rue Molitor']",,,,,710.0,,['Bus RATP/correspondances avec intitulé|62'],,,,,['Régie autonome des transports parisiens|RATP'],,Paris/16e arrondissement de Paris,Michel-Ange Molitor 9 (métro Paris) Sèvres par Cramos.JPG,48.84496,['Métro de Paris/correspondances|9|10'],,['Métro de Paris/correspondance|9'],['Métro de Paris/correspondance|10'],,,,2.261194,,Quai de la ligne 9.,"['Métro de Paris/correspondances|8', 'Métro de Paris/correspondances|10|', 'Date|30 septembre 1913|dans les chemins de fer', 'Métro de Paris/correspondances|9', 'Date|8 novembre 1922|dans les chemins de fer']",Michel-Ange - Molitor,,['France'],Souterraine,['Régie autonome des transports parisiens|RATP'],3.0,['e'],['Exelmans (métro de Paris)|Exelmans'],['Boulogne - Jean Jaurès (métro de Paris)|Boulogne - Jean Jaurès'],,,,['Michel-Ange - Auteuil (métro de Paris)|Michel-Ange - Auteuil'],['Chardon-Lagache (métro de Paris)|Chardon-Lagache'],,,,,,Bus,,,,,['Arrondissements de Paris|Arrondissement'],,['formatnum:2097256'],https://fr.wikipedia.org/w/index.php?title=Michel-Ange_-_Molitor_(m%C3%A9tro_de_Paris)&action=raw,['Paris'],4.0,1.0
Mirabeau (métro de Paris),,,,,,,712.0,,['Bus RATP/correspondances avec intitulé|22|62|72'],['Noctilien/correspondances avec intitulé|N12|N61'],,,,['Régie autonome des transports parisiens|RATP'],,Paris/16e arrondissement de Paris,Paris 16 - Station Mirabeau -1.JPG,48.846738722107226,['Métro de Paris/correspondances avec intitulé|10'],['Métro de Paris/correspondances avec intitulé|10'],,,,,,2.2717076539993286,,Une des entrées de la station.,"['30 septembre dans les chemins de fer|30 septembre', '1913 dans les chemins de fer|1913']",Mirabeau,,['France'],,['Régie autonome des transports parisiens|RATP'],1.0,['16e'],['Chardon-Lagache (métro de Paris)|Chardon-Lagache'],,,,,['Javel - André Citroën (métro de Paris)|Javel - André Citroën'],,,,,,,Bus,Noctilien,,,,['Arrondissements de Paris|Arrondissement'],,['formatnum:1420987'],https://fr.wikipedia.org/w/index.php?title=Mirabeau_(m%C3%A9tro_de_Paris)&action=raw,['Paris'],2.0,
Miromesnil (métro de Paris),,,,,,,18-04,,['Bus RATP/correspondances nombreuses avec intitulé|28|32|52|80|93'],['Noctilien/correspondances avec intitulé|N01|N02|N53'],,,,['Régie autonome des transports parisiens|RATP'],,Paris/8e arrondissement de Paris,Entrée Métro Miromesnil Paris 7.jpg,48.87366684233027,['Métro de Paris/correspondances|9|13'],,['Métro de Paris/correspondance|9'],['Métro de Paris/correspondance|13'],,,,2.314464747905731,,"['rue de Miromesnil', 'rue La Boétie']","['date|27|mai|1923|dans les chemins de fer', 'Métro de Paris/correspondances|9', 'date|27|avril|1973|dans les chemins de fer', 'Métro de Paris/correspondances|13']",Miromesnil,,['France'],,['Régie autonome des transports parisiens|RATP'],4.0,['e'],['Saint-Philippe du Roule (métro de Paris)|Saint-Philippe du Roule'],['Saint-Lazare (métro de Paris)|Saint-Lazare'],,,,['Saint-Augustin (métro de Paris)|Saint-Augustin'],['Champs-Élysées - Clemenceau (métro de Paris)|Champs-Élysées - Clemenceau'],,,,,,Bus,Noctilien,,,,['Arrondissements de Paris|Arrondissement'],,['formatnum:5916541'],https://fr.wikipedia.org/w/index.php?title=Miromesnil_(m%C3%A9tro_de_Paris)&action=raw,['Paris'],4.0,1.0
Monceau (métro de Paris),,,,,,,602.0,,['Bus RATP/correspondances avec intitulé|30|'],,,,,RATP,,Ligne 2 du métro de Paris/Paris/17e arrondissement de Paris/8e arrondissement de Paris,Metro - Paris - Ligne 2 - station Monceau 01.jpg,48.880319,['Métro de Paris/correspondance|2'],,['Métro de Paris/correspondance|2'],,,,,2.308603,,['Hector Guimard|Guimard'],['Date|7|octobre|1902|dans les chemins de fer'],Monceau,,['France'],,['Régie autonome des transports parisiens|RATP'],2.0,"['e', 'e']",['Courcelles (métro de Paris)|Courcelles'],,,,,['Villiers (métro de Paris)|Villiers'],,,,,,,Bus RATP,,,,,['Arrondissements de Paris|Arrondissement'],,['formatnum:1654418'],https://fr.wikipedia.org/w/index.php?title=Monceau_(m%C3%A9tro_de_Paris)&action=raw,['Paris'],2.0,1.0
Montgallet (métro de Paris),,,,,,,12-03,,['Bus RATP/correspondances avec intitulé|46'],,,,,RATP,,Paris/12e arrondissement de Paris,Station métro Montgallet - 20130606 160228.jpg,48.84427635273555,['Métro de Paris/correspondance|8'],,['Métro de Paris/correspondance|8'],,,,,2.389974296092987,,Accès à la station.,['Date|5 mai 1931|dans les chemins de fer'],Montgallet,,['France'],,['Régie autonome des transports parisiens|RATP'],2.0,['e'],['Reuilly - Diderot (métro de Paris)|Reuilly - Diderot'],,,,,['Daumesnil (métro de Paris)|Daumesnil'],,,,,,,"[""Autobus d'Île-de-France|Bus""]",,,,,['Arrondissements de Paris|Arrondissement'],,['formatnum:1864016'],https://fr.wikipedia.org/w/index.php?title=Montgallet_(m%C3%A9tro_de_Paris)&action=raw,['Paris'],2.0,1.0
Montparnasse - Bienvenüe (métro de Paris),,,,,,,408.0,,"['Transilien/correspondances avec intitulé|N', 'gare de Paris-Montparnasse|Paris-Montparnasse']","['Bus RATP/correspondances avec intitulé|28|39|58|59|82|89', 'Bus RATP/correspondances|91|92|94|95|96|OpenTour ']","['Noctilien/correspondances avec intitulé|N01|N02|N12|N13|N61', 'Noctilien/correspondances|N62|N63|N66|N145']",['Bus Optile/correspondances avec intitulé|Le Bus Direct|1|4'],,RATP,,Paris/15e arrondissement de Paris/14e arrondissement de Paris/6e arrondissement de Paris,Metro Paris - Ligne 6 - station Montparnasse - Bienvenue 01.jpg,48.843466,['Métro de Paris/correspondances|4|6|12|13'],,['Métro de Paris/correspondance|4'],['Métro de Paris/correspondance|6'],['Métro de Paris/correspondance|12'],['Métro de Paris/correspondance|13'],,2.323072,"['Métro de Paris/correspondance|4', 'Unité|90|m', 'Métro de Paris/correspondance|6', 'Métro de Paris/correspondance|12', 'Métro de Paris/correspondance|13', 'Unité|75|m']",Les quais de la ligne 6.,['date|24|avril|1906|dans les chemins de fer'],Montparnasse - Bienvenüe,,['France'],,['Régie autonome des transports parisiens|RATP'],8.0,"['e', 'e', 'e']",['Saint-Placide (métro de Paris)|Saint-Placide'],['Pasteur (métro de Paris)|Pasteur'],['Notre-Dame-des-Champs (métro de Paris)|Notre-Dame-des-Champs'],['Duroc (métro de Paris)|Duroc'],,['Vavin (métro de Paris)|Vavin'],['Edgar Quinet (métro de Paris)|Edgar Quinet'],['Falguière (métro de Paris)|Falguière'],['Gaîté (métro de Paris)|Gaîté'],,,,Transilien,Bus,Noctilien,['Réseau de bus Le Bus Direct|Le Bus Direct'],,['Arrondissements de Paris|Arrondissement'],,['formatnum:31919734'],https://fr.wikipedia.org/w/index.php?title=Montparnasse_-_Bienven%C3%BCe_(m%C3%A9tro_de_Paris)&action=raw,['Paris'],8.0,1.0
Mouton-Duvernet (métro de Paris),,,,,,,1504.0,,['Bus RATP/correspondances nombreuses avec intitulé|38|68'],['Noctilien/correspondances avec intitulé|N14|N21'],,,,RATP,,Paris/14e arrondissement de Paris,Metro Paris ligne 4 - Mouton - Duvernet - Entree.jpg,48.8314,['Métro de Paris/correspondance|4'],,['Métro de Paris/correspondance|4'],,,,,2.3299,,['édicule Guimard'],"['30 octobre dans les chemins de fer|30 octobre', '1909 dans les chemins de fer|1909']",Mouton-Duvernet,,['France'],,['Régie autonome des transports parisiens|RATP'],2.0,['e'],['Denfert-Rochereau (métro de Paris)|Denfert-Rochereau'],,,,,['Alésia (métro de Paris)|Alésia'],,,,,,,Bus,Noctilien,,,,['Arrondissements de Paris|Arrondissement'],,['formatnum:1688932'],https://fr.wikipedia.org/w/index.php?title=Mouton-Duvernet_(m%C3%A9tro_de_Paris)&action=raw,['Paris'],2.0,1.0
Nation (métro de Paris),,,,,,,510.0,,['RER/correspondances avec intitulé|A'],['Bus RATP/correspondances avec intitulé|26|56|57|71|86|215|351'],['Noctilien/correspondances avec intitulé|N11'],,,RATP,,Paris/12e arrondissement de Paris/11e arrondissement de Paris,Guimard Nation Dorian.jpg,48.8484657505532,['Métro de Paris/correspondances|1|2|6|9'],,['Métro de Paris/correspondance|1'],['Métro de Paris/correspondance|2'],['Métro de Paris/correspondance|6'],['Métro de Paris/correspondance|9'],,2.39590574456544,"['Métro de Paris/correspondances|1', 'Métro de Paris/correspondances|9', 'Unité|105|m', 'Métro de Paris/correspondances|2', 'Métro de Paris/correspondances|6', 'Unité|75|m']","['édicule Guimard', 'place de la Nation', 'avenue Dorian']","['Métro de Paris/correspondance|1', 'Date|19|juillet|1900|dans les chemins de fer', 'Métro de Paris/correspondance|2', 'Date|2|avril|1903|dans les chemins de fer', 'Métro de Paris/correspondance|6', 'Date|1|mars|1909|dans les chemins de fer', 'Métro de Paris/correspondance|9', 'Date|10|décembre|1933|dans les chemins de fer']",Nation,,['France'],,['Régie autonome des transports parisiens|RATP'],6.0,"['e', 'e']",['Reuilly - Diderot (métro de Paris)|Reuilly - Diderot'],['Avron (métro de Paris)|Avron'],['Picpus (métro de Paris)|Picpus'],['Rue des Boulets (métro de Paris)|Rue des Boulets'],,['Porte de Vincennes (métro de Paris)|Porte de Vincennes'],'''Terminus''','''Terminus''',['Buzenval (métro de Paris)|Buzenval'],,,,RER,Bus RATP,Noctilien,,,['Arrondissements de Paris|Arrondissement'],,['formatnum:9541406'],https://fr.wikipedia.org/w/index.php?title=Nation_(m%C3%A9tro_de_Paris)&action=raw,['Paris'],8.0,1.0
Nationale (métro de Paris),,,,,,,1411.0,,['Bus RATP/correspondances nombreuses avec intitulé|27|61'],['Noctilien/correspondances avec intitulé|N31'],,,,['Régie autonome des transports parisiens|RATP'],,Paris/13e arrondissement de Paris,P7250082 Paris XIII statin nationale reductwk.JPG,48.83318271599599,['Métro de Paris/correspondance|6'],,['Métro de Paris/correspondance|6'],,,,,2.3627176880836487,,"[""Nation (métro de Paris)|''Nation''""]",['date|1|mars|1909|dans les chemins de fer'],Nationale,,['France'],,['Régie autonome des transports parisiens|RATP'],2.0,['e'],"[""Place d'Italie (métro de Paris)|Place d'Italie""]",,,,,['Chevaleret (métro de Paris)|Chevaleret'],,,,,,,"[""Autobus d'Île-de-France|Bus""]",['Noctilien'],,,,['Arrondissements de Paris|Arrondissement'],,['formatnum:2710907'],https://fr.wikipedia.org/w/index.php?title=Nationale_(m%C3%A9tro_de_Paris)&action=raw,['Paris'],2.0,1.0
Notre-Dame-de-Lorette (métro de Paris),,,,,,,31-09,,['Bus RATP/correspondances nombreuses avec intitulé|26|32|40|43|74|85'],,,,,RATP,,Paris/9e arrondissement de Paris,Notre-Dame-de-Lorette 02.jpg,48.876084,['Métro de Paris/correspondance|12'],,['Métro de Paris/correspondance|12'],,,,,2.338586,,L'entrée de la station.,"['5 novembre dans les chemins de fer|5 novembre', '1910 dans les chemins de fer|1910']",Notre-Dame-de-Lorette,,['France'],,['Régie autonome des transports parisiens|RATP'],2.0,['e'],['Saint-Georges (métro de Paris)|Saint-Georges'],,,,,"[""Trinité - d'Estienne d'Orves (métro de Paris)|Trinité - d'Estienne d'Orves""]",,,,,,,Bus,,,,,['Arrondissements de Paris|Arrondissement'],,['formatnum:3007196'],https://fr.wikipedia.org/w/index.php?title=Notre-Dame-de-Lorette_(m%C3%A9tro_de_Paris)&action=raw,['Paris'],2.0,1.0
Notre-Dame-des-Champs (métro de Paris),,,,,,,414.0,,['Bus RATP/correspondances nombreuses avec intitulé|58|68|82'],,,,,['Régie autonome des transports parisiens|RATP'],,Paris/6e arrondissement de Paris,Metro Paris - Ligne 12 - Station Notre-Dame-des-Champs - Quais.jpg,48.844567607039195,['Métro de Paris/correspondance|12'],,['Métro de Paris/correspondance|12'],,,,,2.3287877440452576,,"[""Mairie d'Issy (métro de Paris)|''Mairie d'Issy''""]","['5 novembre dans les chemins de fer|5 novembre', '1910 dans les chemins de fer|1910']",Notre-Dame-des-Champs,,['France'],,['Régie autonome des transports parisiens|RATP'],2.0,['e'],['Rennes (métro de Paris)|Rennes'],,,,,['Montparnasse - Bienvenüe (métro de Paris)|Montparnasse - Bienvenüe'],,,,,,,Bus,,,,,['Arrondissements de Paris|Arrondissement'],,['formatnum:2077450'],https://fr.wikipedia.org/w/index.php?title=Notre-Dame-des-Champs_(m%C3%A9tro_de_Paris)&action=raw,['Paris'],2.0,1.0
Oberkampf (métro de Paris),,,,,,,810.0,,['Bus RATP/correspondances nombreuses avec intitulé|56|96'],['Noctilien/correspondances avec intitulé|N01|N02'],,,,['Régie autonome des transports parisiens|RATP'],,Paris/11e arrondissement de Paris,Metro de Paris - Ligne 9 - Oberkampf 01.jpg,48.864545,['Métro de Paris/correspondances|5|9'],,['Métro de Paris/correspondance|5'],['Métro de Paris/correspondance|9'],,,,2.368877,,['Ligne 9 du métro de Paris|ligne 9'],"['Métro de Paris/correspondances|5', 'date|15|janvier|1907|dans les chemins de fer', 'Métro de Paris/correspondances|9', 'date|10|décembre|1933|dans les chemins de fer']",Oberkampf,,['France'],,['Régie autonome des transports parisiens|RATP'],4.0,['e'],['République (métro de Paris)|République'],['République (métro de Paris)|République'],,,,['Richard-Lenoir (métro de Paris)|Richard-Lenoir'],['Saint-Ambroise (métro de Paris)|Saint-Ambroise'],,,,,,Bus,Noctilien,,,,['Arrondissements de Paris|Arrondissement'],,['formatnum:4167444'],https://fr.wikipedia.org/w/index.php?title=Oberkampf_(m%C3%A9tro_de_Paris)&action=raw,['Paris'],4.0,
Odéon (métro de Paris),,,,,,,104.0,,['Bus RATP/correspondances nombreuses avec intitulé|58|63|70|86|87|96'],['Noctilien/correspondances avec intitulé|N12|N13'],,,,RATP,,Paris/6e arrondissement de Paris,Metro de Paris - Ligne 10 - Odeon 01.jpg,48.852066,['Métro de Paris/correspondances|4|10'],,['Métro de Paris/correspondance|4'],['Métro de Paris/correspondance|10'],,,,2.338951,,Quais de la ligne 10 en direction de la gare d'Austerlitz.,"['9 janvier dans les chemins de fer|9 janvier', '1910 dans les chemins de fer|1910', 'Métro de Paris/correspondances|4', '14 février dans les chemins de fer|14 février', '1926 dans les chemins de fer|1926', 'Métro de Paris/correspondances|10']",Odéon,,['France'],,['Régie autonome des transports parisiens|RATP'],4.0,['e'],['Saint-Michel (métro de Paris)|Saint-Michel'],['Mabillon (métro de Paris)|Mabillon'],,,,['Saint-Germain-des-Prés (métro de Paris)|Saint-Germain-des-Prés'],['Cluny - La Sorbonne (métro de Paris)|Cluny - La Sorbonne'],,,,,,Bus,Noctilien,,,,['Arrondissements de Paris|Arrondissement'],,['formatnum:6156948'],https://fr.wikipedia.org/w/index.php?title=Od%C3%A9on_(m%C3%A9tro_de_Paris)&action=raw,['Paris'],4.0,
Olympiades (métro de Paris),,,,,,,OLY<br />GA90 / 90OLY,,['Bus RATP/correspondances nombreuses avec intitulé|62|64|83'],,,,,RATP,,Paris/13e arrondissement de Paris,Metro Paris - Ligne 14 - station Olympiades 04.jpg,48.82702,['Métro de Paris/correspondance|14'],,['Métro de Paris/correspondance|14'],,,,,2.366403,,Quai de la station.,['Date|26|juin|2007|dans les chemins de fer'],Olympiades,,['France'],,['Régie autonome des transports parisiens|RATP'],2.0,['e'],['Bibliothèque François-Mitterrand (métro de Paris)|Bibliothèque François-Mitterrand'],,,,,'''Terminus''',,,,,,,Bus RATP,,,,,Arrondissement,,['formatnum:6886845'],https://fr.wikipedia.org/w/index.php?title=Olympiades_(m%C3%A9tro_de_Paris)&action=raw,['Paris'],2.0,1.0
Opéra (métro de Paris),,,,,,,605.0,,"['RER/correspondances avec intitulé|A', ""Gare d'Auber|Auber""]","['Bus RATP/correspondances avec intitulé|20|21|22|27|29', 'Bus RATP/correspondances|32|45|52|66|68|95', 'Bus RATP/correspondances|Roissybus|OpenTour']",['Noctilien/correspondances avec intitulé|N15|N16'],,,RATP,,Paris/9e arrondissement de Paris/2e arrondissement de Paris,"Opéra Metro station, Paris September 2013.jpg",48.87063594670895,['Métro de Paris/correspondances|3|7|8'],,['Métro de Paris/correspondance|3'],['Métro de Paris/correspondance|7'],['Métro de Paris/correspondance|8'],,,2.33235239982605,"['Métro de Paris/correspondance|3', 'Métro de Paris/correspondance|7', 'Unité|75|m', 'Métro de Paris/correspondance|8', 'Unité|105|m']",Quais de la ligne 3.,"['Métro de Paris/correspondance|3', 'Date|19|octobre|1904|dans les chemins de fer', 'Métro de Paris/correspondance|7', 'Date|5|novembre|1910|dans les chemins de fer', 'Métro de Paris/correspondance|8', 'Date|13|juillet|1913|dans les chemins de fer']",Opéra,,['France'],,['Régie autonome des transports parisiens|RATP'],6.0,"['e', 'e']",['Havre - Caumartin (métro de Paris)|Havre - Caumartin'],"[""Chaussée d'Antin - La Fayette (métro de Paris)|Chaussée d'Antin - La Fayette""]",['Madeleine (métro de Paris)|Madeleine'],,,['Quatre-Septembre (métro de Paris)|Quatre-Septembre'],['Pyramides (métro de Paris)|Pyramides'],['Richelieu - Drouot (métro de Paris)|Richelieu - Drouot'],,,,,RER,Bus RATP,Noctilien,,,['Arrondissements de Paris|Arrondissement'],,['formatnum:12269711'],https://fr.wikipedia.org/w/index.php?title=Op%C3%A9ra_(m%C3%A9tro_de_Paris)&action=raw,['Paris'],6.0,1.0
Ourcq (métro de Paris),,,,,,,22-02,,['Bus RATP/correspondances nombreuses avec intitulé|60|71'],['Noctilien/correspondances avec intitulé|N13|N41|N45'],,,,['Régie autonome des transports parisiens|RATP'],,Paris/19e arrondissement de Paris,Metro de Paris - Ligne 5 - Ourcq 01.jpg,48.886855627406206,['Métro de Paris/correspondance|5'],,['Métro de Paris/correspondance|5'],,,,,2.3857471346855164,,Édicule d'accès.,['date|12|octobre|1942|dans les chemins de fer'],Ourcq,,['France'],,['Régie autonome des transports parisiens|RATP'],2.0,['e'],['Porte de Pantin (métro de Paris)|Porte de Pantin'],,,,,['Laumière (métro de Paris)|Laumière'],,,,,,,"[""Autobus d'Île-de-France|Bus""]",Noctilien,,,,['Arrondissements de Paris|Arrondissement'],,['formatnum:3792001'],https://fr.wikipedia.org/w/index.php?title=Ourcq_(m%C3%A9tro_de_Paris)&action=raw,['Paris'],2.0,1.0
Palais-Royal - Musée du Louvre (métro de Paris),,,,,,,1102.0,,"['Bus RATP/correspondances nombreuses avec intitulé|21|27|39|67|68', 'Bus RATP/correspondances|69|72|95|OpenTour']",['Noctilien/correspondances avec intitulé|N11|N24'],,,,RATP,,Paris/1er arrondissement de Paris,Metro palais royal guimard3.jpg,48.8628468213553,['Métro de Paris/correspondances|1|7'],,['Métro de Paris/correspondance|1'],['Métro de Paris/correspondance|7'],,,,2.33581661194832,,,"['Date|19|juillet|1900|dans les chemins de fer', 'Métro de Paris/correspondance|1', 'Date|1|juillet|1916|dans les chemins de fer', 'Métro de Paris/correspondance|7']",Palais-Royal - Musée du Louvre,Palais-Royal,['France'],,['Régie autonome des transports parisiens|RATP'],4.0,['er'],['Tuileries (métro de Paris)|Tuileries'],['Pyramides (métro de Paris)|Pyramides'],,,,['Louvre - Rivoli (métro de Paris)|Louvre - Rivoli'],['Pont-Neuf (métro de Paris)|Pont-Neuf'],,,,,,Bus RATP,Noctilien,,,,['Arrondissements de Paris|Arrondissement'],,['formatnum:9385220'],https://fr.wikipedia.org/w/index.php?title=Palais-Royal_-_Mus%C3%A9e_du_Louvre_(m%C3%A9tro_de_Paris)&action=raw,['Paris'],4.0,1.0
Parmentier (métro de Paris),,,,,,,08-11,,['Bus RATP/correspondances avec intitulé|20|46|96'],['Noctilien/correspondances avec intitulé|N12|N23'],,,,RATP,,Paris/11e arrondissement de Paris,ParisMetro-Parmentier.jpg,48.865299,['Métro de Paris/correspondance|3'],,['Métro de Paris/correspondance|3'],,,,,2.374381,,Édicule Guimard de l'entrée de la station.,['Date|19|octobre|1904|dans les chemins de fer'],Parmentier,,['France'],,['Régie autonome des transports parisiens|RATP'],2.0,['e'],['République (métro de Paris)|République'],,,,,['Rue Saint-Maur (métro de Paris)|Rue Saint-Maur'],,,,,,,Bus RATP,Noctilien,,,,['Arrondissements de Paris|Arrondissement'],,['formatnum:3305625'],https://fr.wikipedia.org/w/index.php?title=Parmentier_(m%C3%A9tro_de_Paris)&action=raw,['Paris'],2.0,1.0
Passy (métro de Paris),,,,,,,17-08,,['Bus RATP/correspondances nombreuses avec intitulé|32|72'],,,,,RATP,,Paris/16e arrondissement de Paris,Train arriving at Passy metro station in April 2019.jpg,48.857445,['Métro de Paris/correspondances|6'],,['Métro de Paris/correspondance|6'],,,,,2.285779,,['MP 73'],['date|24|avril|1906|dans les chemins de fer'],Passy,,['France'],,['Régie autonome des transports parisiens|RATP'],2.0,['e'],['Trocadéro (métro de Paris)|Trocadéro'],,,,,['Bir-Hakeim (métro de Paris)|Bir-Hakeim'],,,,,,,"[""Autobus d'Île-de-France|Bus""]",,,,,['Arrondissements de Paris|Arrondissement'],,['formatnum:3908764'],https://fr.wikipedia.org/w/index.php?title=Passy_(m%C3%A9tro_de_Paris)&action=raw,['Paris'],2.0,1.0
Pasteur (métro de Paris),,,,,,,1602.0,,['Bus RATP/correspondances nombreuses avec intitulé|39|70|89|95'],['Noctilien/correspondances avec intitulé|N13|N62'],,,,['Régie autonome des transports parisiens|RATP'],,Paris/15e arrondissement de Paris,Pasteur métro L6 entrée.jpg,48.84283594291325,['Métro de Paris/correspondances|6|12'],,['Métro de Paris/correspondance|6'],['Métro de Paris/correspondance|12'],,,,2.3126810789108276,,['Ligne 6 du métro de Paris|ligne 6'],"['24 avril dans les chemins de fer|24 avril', '1906 dans les chemins de fer|1906', '14 octobre dans les chemins de fer|14 octobre', '1907 dans les chemins de fer|1907', 'Métro de Paris/correspondances|5', '5 novembre dans les chemins de fer|5 novembre', '1910 dans les chemins de fer|1910', 'Métro de Paris/correspondances|12', '6 octobre dans les chemins de fer|6 octobre', '1942 dans les chemins de fer|1942', 'Métro de Paris/correspondances|5|6']",Pasteur,,['France'],,['Régie autonome des transports parisiens|RATP'],4.0,['e'],['Sèvres - Lecourbe (métro de Paris)|Sèvres - Lecourbe'],['Falguière (métro de Paris)|Falguière'],,,,['Montparnasse - Bienvenüe (métro de Paris)|Montparnasse - Bienvenüe'],['Volontaires (métro de Paris)|Volontaires'],,,,,,Bus,Noctilien,,,,['Arrondissements de Paris|Arrondissement'],,['formatnum:5110865'],https://fr.wikipedia.org/w/index.php?title=Pasteur_(m%C3%A9tro_de_Paris)&action=raw,['Paris'],4.0,1.0
Pelleport (métro de Paris),,,,,,,24-09,,['Bus RATP/correspondances nombreuses avec intitulé|60|61|64'],,,,,RATP,,Paris/20e arrondissement de Paris,Entrée station Pelleport.JPG,48.86867052976458,['Métro de Paris/correspondances|3bis'],,['Métro de Paris/correspondance|3 bis'],,,,,2.4017518758773804,,['place Paul-Signac'],"['Date|27|novembre|1921|dans les chemins de fer', 'Métro de Paris/correspondance|3', 'Date|27|mars|1971|dans les chemins de fer', 'Métro de Paris/correspondance|3bis']",Pelleport,,['France'],,['Régie autonome des transports parisiens|RATP'],2.0,['e'],['Saint-Fargeau (métro de Paris)|Saint-Fargeau'],,,,,['Gambetta (métro de Paris)|Gambetta'],,,,,,,Bus RATP,,,,,Arrondissement,,['formatnum:386605'],https://fr.wikipedia.org/w/index.php?title=Pelleport_(m%C3%A9tro_de_Paris)&action=raw,['Paris'],2.0,1.0
Père Lachaise (métro de Paris),,,,,,,2404.0,,['Bus RATP/correspondances avec intitulé|61|69|71'],['Noctilien/correspondances avec intitulé|N16|N34'],,,,RATP,,Paris/20e arrondissement de Paris/11e arrondissement de Paris,"Entrance to Père Lachaise metro station, Paris.jpg",48.862921,['Métro de Paris/correspondances|2|3'],,['Métro de Paris/correspondance|2'],['Métro de Paris/correspondance|3'],,,,2.387388,,['édicule Guimard'],"['Date|25|février|1903|dans les chemins de fer', 'Métro de Paris/correspondance|2', 'Date|19|octobre|1904|dans les chemins de fer', 'Métro de Paris/correspondance|3']",Père Lachaise,,['France'],,['Régie autonome des transports parisiens|RATP'],4.0,"['e', 'e']",['Ménilmontant (métro de Paris)|Ménilmontant'],['Rue Saint-Maur (métro de Paris)|Rue Saint-Maur'],,,,['Philippe Auguste (métro de Paris)|Philippe Auguste'],['Gambetta (métro de Paris)|Gambetta'],,,,,,Bus RATP,Noctilien,,,,['Arrondissements de Paris|Arrondissement'],,['formatnum:4682893'],https://fr.wikipedia.org/w/index.php?title=P%C3%A8re_Lachaise_(m%C3%A9tro_de_Paris)&action=raw,['Paris'],4.0,1.0
Pereire (métro de Paris),,,,,,,3005.0,,"['RER/correspondances avec intitulé|C', 'Gare de Pereire - Levallois|Pereire - Levallois']",['Bus RATP/correspondances avec intitulé|84|92|93|341'],['Noctilien/correspondances avec intitulé|N16|N52|N152'],['Réseau de bus SNCF Transilien#Navette Pereire - Pont Cardinet|Navette Pereire - Pont Cardinet'],,RATP,,Paris/17e arrondissement de Paris,Metro de Paris - Ligne 3 - Pereire 01.jpg,48.884648,['Métro de Paris/correspondance|3'],,['Métro de Paris/correspondance|3'],,,,,2.299211,,Quais de la station.,['Date|23|mai|1910|dans les chemins de fer'],Pereire<br /><small>''Maréchal Juin''</small>,,['France'],,['Régie autonome des transports parisiens|RATP'],2.0,['e'],['Porte de Champerret (métro de Paris)|Porte de Champerret'],,,,,['Wagram (métro de Paris)|Wagram'],,,,,,,RER,Bus RATP,Noctilien,Autre bus,,['Arrondissements de Paris|Arrondissement'],,['formatnum:4787487'],https://fr.wikipedia.org/w/index.php?title=Pereire_(m%C3%A9tro_de_Paris)&action=raw,['Paris'],2.0,1.0
Pernety (métro de Paris),,,,,,,402.0,,['Bus RATP/correspondances avec intitulé|59'],['Noctilien/correspondances avec intitulé|N63'],,,,['Régie autonome des transports parisiens|RATP'],,Paris/14e arrondissement de Paris,Point de rendez-vous.jpg,48.83421026935985,['Métro de Paris/correspondance|13'],,['Métro de Paris/correspondance|13'],,,,,2.318512201309204,,['Accès métro|1|rue Pernety'],['Date|21|janvier|1937|dans les chemins de fer'],Pernety,,['France'],,['Régie autonome des transports parisiens|RATP'],2.0,['e'],['Gaîté (métro de Paris)|Gaîté'],,,,,['Plaisance (métro de Paris)|Plaisance'],,,,,,,Bus,Noctilien,,,,['Arrondissements de Paris|Arrondissement'],,['formatnum:3348989'],https://fr.wikipedia.org/w/index.php?title=Pernety_(m%C3%A9tro_de_Paris)&action=raw,['Paris'],2.0,
Philippe Auguste (métro de Paris),,,,,,,24-07,,['Bus RATP/correspondances avec intitulé|71'],,,,,RATP,,Ligne 2 du métro de Paris/Paris/20e arrondissement de Paris/11e arrondissement de Paris,Metro de Paris - Ligne 2 - Philippe Auguste 03.jpg,48.858021,['Métro de Paris/correspondance|2'],,['Métro de Paris/correspondance|2'],,,,,2.390938,,"[""Nation (métro de Paris)|''Nation''""]",['Date|31|janvier|1903|dans les chemins de fer'],Philippe Auguste,,['France'],,['Régie autonome des transports parisiens|RATP'],2.0,"['e', 'e']",['Père Lachaise (métro de Paris)|Père Lachaise'],,,,,['Alexandre Dumas (métro de Paris)|Alexandre Dumas'],,,,,,,Bus RATP,,,,,['Arrondissements de Paris|Arrondissement'],,['formatnum:1876528'],https://fr.wikipedia.org/w/index.php?title=Philippe_Auguste_(m%C3%A9tro_de_Paris)&action=raw,['Paris'],2.0,1.0
Picpus (métro de Paris),,,,,,,509.0,,['Bus RATP/correspondances nombreuses avec intitulé|29|56'],,,,,RATP,,Paris/12e arrondissement de Paris,Metro 6 Picpus quais.JPG,48.84515011056496,['métro de Paris/correspondance|6'],,['Métro de Paris/correspondance|6'],,,,,2.4004939198493958,,['Nation (métro de Paris)|Nation'],"['1er', '1909 dans les chemins de fer|1909']",Picpus<br /><small>''Courteline''</small>,Saint-Mandé,['France'],,['Régie autonome des transports parisiens|RATP'],2.0,['e'],['Bel-Air (métro de Paris)|Bel-Air'],,,,,['Nation (métro de Paris)|Nation'],,,,,,,"[""Autobus d'Île-de-France|Bus""]",,,,,['Arrondissements de Paris|Arrondissement'],,['formatnum:1405460'],https://fr.wikipedia.org/w/index.php?title=Picpus_(m%C3%A9tro_de_Paris)&action=raw,['Paris'],2.0,1.0
Pierre et Marie Curie (métro de Paris),,,,,,,26-04,,['Bus RATP/correspondances avec intitulé|125'],,,,,RATP,,Paris et la petite couronne,PMCurie2.jpg,48.815917727893705,['Métro de Paris/correspondance|7'],,['Métro de Paris/correspondance|7'],,,,,2.377893626689911,,Quais de la station.,['Date|1|mai|1946|dans les chemins de fer'],Pierre et Marie Curie,Pierre Curie,['France'],,['Régie autonome des transports parisiens|RATP'],2.0,,"[""Porte d'Ivry (métro de Paris)|Porte d'Ivry""]",,,,,"[""Mairie d'Ivry (métro de Paris)|Mairie d'Ivry""]",,,,,,,Bus RATP,,,,,,,['formatnum:1404039'],https://fr.wikipedia.org/w/index.php?title=Pierre_et_Marie_Curie_(m%C3%A9tro_de_Paris)&action=raw,['Ivry-sur-Seine'],2.0,2.0
Pigalle (métro de Paris),,,,,,,3106.0,,['Bus RATP/correspondances avec intitulé|30|40|54'],['Noctilien/correspondances avec intitulé|N01|N02'],,,,RATP,,Paris/18e arrondissement de Paris/9e arrondissement de Paris,Paris Metro 12 Pigalle Eingang West.JPG,48.882255,['Métro de Paris/correspondances|2|12'],,['Métro de Paris/correspondance|2'],['Métro de Paris/correspondance|12'],,,,2.337573,,L'un des accès à la station.,"['Date|7|octobre|1902|dans les chemins de fer', 'Métro de Paris/correspondance|2', 'Date|8|avril|1911|dans les chemins de fer', 'Métro de Paris/correspondance|12']",Pigalle,,['France'],,['Régie autonome des transports parisiens|RATP'],4.0,"['e', 'e']",['Blanche (métro de Paris)|Blanche'],['Abbesses (métro de Paris)|Abbesses'],,,,['Anvers (métro de Paris)|Anvers'],['Saint-Georges (métro de Paris)|Saint-Georges'],,,,,,Bus RATP,Noctilien,,,,['Arrondissements de Paris|Arrondissement'],,['formatnum:6201914'],https://fr.wikipedia.org/w/index.php?title=Pigalle_(m%C3%A9tro_de_Paris)&action=raw,['Paris'],4.0,1.0
Place d'Italie (métro de Paris),,,,,,,14-14,,"['Bus RATP/correspondances avec intitulé|27|47|57|59', 'Bus RATP/correspondances|61|64|67|83']",['Noctilien/correspondances avec intitulé|N15|N22|N31|N144'],,,,RATP,,Paris/13e arrondissement de Paris,EGPItalie2.JPG,48.831483,['Métro de Paris/correspondances|5|6|7'],,['Métro de Paris/correspondance|5'],['Métro de Paris/correspondance|6'],['Métro de Paris/correspondance|7'],,,2.355692,,['Édicule Guimard|Entourage Guimard'],['date|24|avril|1906|dans les chemins de fer'],Place d'Italie,,['France'],,['Régie autonome des transports parisiens|RATP'],5.0,['e'],['Campo-Formio (métro de Paris)|Campo-Formio'],['Corvisart (métro de Paris)|Corvisart'],['Les Gobelins (métro de Paris)|Les Gobelins'],,,'''Terminus''',['Nationale (métro de Paris)|Nationale'],['Tolbiac (métro de Paris)|Tolbiac'],,,,,Bus RATP,Noctilien,,,,['Arrondissements de Paris|Arrondissement'],,['formatnum:11534907'],https://fr.wikipedia.org/w/index.php?title=Place_d%27Italie_(m%C3%A9tro_de_Paris)&action=raw,['Paris'],6.0,1.0
Place de Clichy (métro de Paris),,,,,,,3113.0,,"['Bus RATP/correspondances avec intitulé|21|30|54|68', 'Bus RATP/correspondances|74|80|95']",['Noctilien/correspondances avec intitulé|N01|N02|N15|N51'],,,,RATP,,Paris/18e arrondissement de Paris/17e arrondissement de Paris/9e arrondissement de Paris/8e arrondissement de Paris,Metro de Paris - Ligne 2 - Place de Clichy 01.jpg,48.883809,['Métro de Paris/correspondances|2|13'],,['Métro de Paris/correspondance|2'],['Métro de Paris/correspondance|13'],,,,2.327625,,Quais de la ligne 2.,"['Date|26|octobre|1902|dans les chemins de fer', 'Métro de Paris/correspondance|2', 'Date|26|février|1911|dans les chemins de fer', 'Métro de Paris/correspondance|13']",Place de Clichy,,['France'],,['Régie autonome des transports parisiens|RATP'],4.0,"['e', 'e', 'e', 'e']",['Rome (métro de Paris)|Rome'],['La Fourche (métro de Paris)|La Fourche'],,,,['Blanche (métro de Paris)|Blanche'],['Liège (métro de Paris)|Liège'],,,,,,Bus RATP,Noctilien,,,,['Arrondissements de Paris|Arrondissement'],,['formatnum:9356430'],https://fr.wikipedia.org/w/index.php?title=Place_de_Clichy_(m%C3%A9tro_de_Paris)&action=raw,['Paris'],4.0,1.0
Place des Fêtes (métro de Paris),,,,,,,23-08,,['Bus RATP/correspondances nombreuses avec intitulé|48|60'],,,,,RATP,,Paris/19e arrondissement de Paris,Metro place des Fetes - Acces en surface - Aout 2012 (2).jpg,48.876840441353245,['Métro de Paris/correspondances|7bis|11'],,['Métro de Paris/correspondance|7 bis'],['Métro de Paris/correspondance|11'],,,,2.3929595947265625,,"Entrée de la station, de style Art déco.","['18 janvier dans les chemins de fer|18 janvier', '1911 dans les chemins de fer|1911', 'Métro de Paris/correspondances avec intitulé|7', '28 avril dans les chemins de fer|28 avril', '1935 dans les chemins de fer|1935', 'Métro de Paris/correspondances avec intitulé|11', '3 décembre dans les chemins de fer|3 décembre', '1967 dans les chemins de fer|1967', 'Métro de Paris/correspondances avec intitulé|7bis']",Place des Fêtes,,['France'],,['Régie autonome des transports parisiens|RATP'],3.0,['e'],['Botzaris (métro de Paris)|Botzaris'],['Jourdain (métro de Paris)|Jourdain'],,,,['Pré-Saint-Gervais (métro de Paris)|Pré-Saint-Gervais'],['Télégraphe (métro de Paris)|Télégraphe'],,,,,,Bus,,,,,['Arrondissements de Paris|Arrondissement'],,['formatnum:3321050'],https://fr.wikipedia.org/w/index.php?title=Place_des_F%C3%AAtes_(m%C3%A9tro_de_Paris)&action=raw,['Paris'],4.0,
Pré-Saint-Gervais (métro de Paris),,,,,,,23-11,,"[""Tramway d'Île-de-France/correspondances avec intitulé|3b""]","[""Bus RATP/correspondances avec intitulé|48|P'tit Bus""]",,,,['Régie autonome des transports parisiens|RATP'],,Paris/19e arrondissement de Paris,Metro de Paris - Ligne 7bis - Pre-Saint-Gervais 04.jpg,48.880250204137624,['Métro de Paris/correspondances|7bis'],,['Métro de Paris/correspondance|7bis'],,,,,2.398914098739624,,"['édicule Guimard', ""Val d'Osne""]","['date|18|janvier|1911|dans les chemins de fer', 'Métro de Paris/correspondances avec intitulé|7', '27 novembre dans les chemins de fer|27 novembre', '1921 dans les chemins de fer|1921', 'date|2|septembre|1939|dans les chemins de fer', 'date|3|décembre|1967|dans les chemins de fer', 'Métro de Paris/correspondances|7|7bis', 'date|15|décembre|2012', ""Tramway d'Île-de-France/correspondances avec intitulé|3b""]",Pré-Saint-Gervais,,['France'],,['Régie autonome des transports parisiens|RATP'],1.0,['e'],['Place des Fêtes (métro de Paris)|Place des Fêtes'],,,,,['Danube (métro de Paris)|Danube'],,,,,,,"[""Tramway d'Île-de-France|Tramway""]","[""Autobus d'Île-de-France|Bus""]",,,,['Arrondissements de Paris|Arrondissement'],,['formatnum:451729'],https://fr.wikipedia.org/w/index.php?title=Pr%C3%A9-Saint-Gervais_(m%C3%A9tro_de_Paris)&action=raw,['Paris'],2.0,1.0
Place Monge (métro de Paris),,,,,,,1205.0,,['Bus RATP/correspondances avec intitulé|47'],['Noctilien/correspondances avec intitulé|N15|N22'],,,,RATP,,Paris/5e arrondissement de Paris,Metro de Paris - Ligne 7 - Place Monge 01.jpg,48.84359,['Métro de Paris/correspondance|7'],,['Métro de Paris/correspondance|7'],,,,,2.352279,,Quais de la station en direction du sud.,"['Métro de Paris/correspondance|10', 'Métro de Paris/correspondance|7', 'Date|15|février|1930|dans les chemins de fer']",Place Monge<br /><small>''Jardin des Plantes – Arènes de Lutèce''</small>,,['France'],,['Régie autonome des transports parisiens|RATP'],2.0,['5e'],['Jussieu (métro de Paris)|Jussieu'],,,,,['Censier - Daubenton (métro de Paris)|Censier - Daubenton'],,,,,,,Bus RATP,Noctilien,,,,['Arrondissements de Paris|Arrondissement'],,['formatnum:3057167'],https://fr.wikipedia.org/w/index.php?title=Place_Monge_(m%C3%A9tro_de_Paris)&action=raw,['Paris'],2.0,1.0
Plaisance (métro de Paris),,,,,,,403.0,,['Bus RATP/correspondances avec intitulé|59|62'],['Noctilien/correspondances avec intitulé|N63'],,,,['Régie autonome des transports parisiens|RATP'],,Paris/14e arrondissement de Paris,Sortie 2 du metro Plaisance.JPG,48.83155306495407,['Métro de Paris/correspondance|13'],,['Métro de Paris/correspondance|13'],,,,,2.31374055147171,,Une des sorties rue d'Alésia (sortie 2).,"['21 janvier dans les chemins de fer|21 janvier', '1937 dans les chemins de fer|1937']",Plaisance,,['France'],,['Régie autonome des transports parisiens|RATP'],2.0,['14e'],['Pernety (métro de Paris)|Pernety'],,,,,['Porte de Vanves (métro de Paris)|Porte de Vanves'],,,,,,,Bus,Noctilien,,,,['Arrondissements de Paris|Arrondissement'],,['formatnum:4794268'],https://fr.wikipedia.org/w/index.php?title=Plaisance_(m%C3%A9tro_de_Paris)&action=raw,['Paris'],2.0,
Pointe du Lac (métro de Paris),,,,,,,PTL,,"['Bus RATP/correspondances avec intitulé|117|393', 'Bus Optile/correspondances avec intitulé|STRAV|K', 'Bus Optile/correspondances avec intitulé|SETRA|23']",,,,,RATP,,Paris et la petite couronne,Station métro Créteil-Pointe-du-Lac - 20130627 170620.jpg,48.76878621682943,['Métro de Paris/correspondance|8'],,['Métro de Paris/correspondance|8'],,,,,2.464810609817505,,['Ligne de bus RATP 393|bus 393'],['date|8|octobre|2011'],<small>''Créteil''</small><br/>Pointe du Lac,,['France'],À fleur de sol,['Régie autonome des transports parisiens|RATP'],2.0,,['Créteil - Préfecture (métro de Paris)|Créteil - Préfecture'],,,,,'''Terminus''',,,,,,,"[""Autobus d'Île-de-France|Bus""]",,,,,,,['formatnum:2595126'],https://fr.wikipedia.org/w/index.php?title=Pointe_du_Lac_(m%C3%A9tro_de_Paris)&action=raw,['Créteil'],3.0,2-3
Poissonnière (métro de Paris),,,,,,,2110.0,,['Bus RATP/correspondances avec intitulé|26|32|42|43|45|'],,,,,RATP,,Paris/10e arrondissement de Paris/9e arrondissement de Paris,Station de Poissonniere Ligne 7 - Quais 27-02-06.jpg,48.87707505741319,['Métro de Paris/correspondance|7'],,['Métro de Paris/correspondance|7'],,,,,2.3484456539154053,,La station au niveau des quais.,['Date|5|novembre|1910|dans les chemins de fer'],Poissonnière,,['France'],,['Régie autonome des transports parisiens|RATP'],2.0,"['e', 'e']","[""Gare de l'Est (métro de Paris)|Gare de l'Est""]",,,,,['Cadet (métro de Paris)|Cadet'],,,,,,,Bus RATP,,,,,Arrondissement,,['formatnum:3594301'],https://fr.wikipedia.org/w/index.php?title=Poissonni%C3%A8re_(m%C3%A9tro_de_Paris)&action=raw,['Paris'],2.0,1.0
Pont de Levallois - Bécon (métro de Paris),,,,,,,2915.0,,['Bus RATP/correspondances avec intitulé|94|167|238|275'],['Noctilien/correspondances avec intitulé|N16|N52'],,,,RATP,,Paris et la petite couronne,Paris Metro - Ligne 3 - Pont de Levallois - Becon 02.jpg,48.897313,['Métro de Paris/correspondance|3'],,['Métro de Paris/correspondance|3'],,,,,2.280787,,,['Date|24|septembre|1937|dans les chemins de fer'],Pont de Levallois - Bécon,,['France'],,['Régie autonome des transports parisiens|RATP'],2.0,,'''Terminus''',,,,,['Anatole France (métro de Paris)|Anatole France'],,,,,,,Bus RATP,Noctilien,,,,,,['formatnum:5100344'],https://fr.wikipedia.org/w/index.php?title=Pont_de_Levallois_-_B%C3%A9con_(m%C3%A9tro_de_Paris)&action=raw,['Levallois-Perret'],3.0,2.0
Pont de Sèvres (métro de Paris),,,,['Jean-Marie Duthilleul'],['Ryoji Ikeda'],,28-10,,"[""Tramway d'Île-de-France/correspondances avec intitulé|2""]","['Bus RATP/correspondances nombreuses avec intitulé|169|171|179|291', 'Bus RATP/correspondances|426|467']",['Bus Optile/correspondances avec intitulé|Phébus|40|42'],['Bus Optile/correspondances avec intitulé|Hourtoule|17'],['Bus Optile/correspondances avec intitulé|SAVAC|39.34'],RATP,,Paris et la petite couronne,Paris metro - Pont de Sèvres - 3.JPG,48.829746791735836,['Métro de Paris/correspondance|9'],,['Métro de Paris/correspondance|9'],['Métro de Paris/correspondance|15'],,,,2.2310346364974976,,,"['3 février dans les chemins de fer|3 février', '1934 dans les chemins de fer|1934']",Pont de Sèvres,,['France'],,['Régie autonome des transports parisiens|RATP'],2.0,,'''Terminus''',['Gare de Saint-Cloud|Saint-Cloud'],,,,['Billancourt (métro de Paris)|Billancourt'],['Issy RER (métro de Paris)|Issy RER'],,,,,,"[""Tramway d'Île-de-France|Tramway""]",['Réseau de bus RATP|RATP'],['Réseau de bus Phébus|Phébus'],['Hourtoule'],['Services automobiles de la vallée de Chevreuse|SAVAC'],,,['formatnum:4557271'],https://fr.wikipedia.org/w/index.php?title=Pont_de_S%C3%A8vres_(m%C3%A9tro_de_Paris)&action=raw,['Boulogne-Billancourt'],3.0,2.0
Pont Marie (métro de Paris),,,,,,,12-09,,['Bus RATP/correspondances nombreuses avec intitulé|67|72'],,,,,RATP,,Paris/4e arrondissement de Paris,Pont Marie métro 03.jpg,48.8532867998659,['Métro de Paris/correspondance|7'],,['Métro de Paris/correspondance|7'],,,,,2.357616126537323,,"[""Mairie d'Ivry (métro de Paris)|Ivry"", 'Villejuif - Louis Aragon (métro de Paris)|Villejuif']",['Date|16|avril|1926|dans les chemins de fer'],Pont Marie<br /><small>''Cité des Arts''</small>,,['France'],,['Régie autonome des transports parisiens|RATP'],2.0,['e'],['Châtelet (métro de Paris)|Châtelet'],,,,,['Sully - Morland (métro de Paris)|Sully - Morland'],,,,,,,Bus RATP,,,,,['Arrondissements de Paris|Arrondissement'],,['formatnum:1624879'],https://fr.wikipedia.org/w/index.php?title=Pont_Marie_(m%C3%A9tro_de_Paris)&action=raw,['Paris'],2.0,1.0
Porte Dauphine (métro de Paris),,,,,,,1702.0,,"['RER/correspondances avec intitulé|C', ""Gare de l'avenue Foch|Avenue Foch""]",['Bus RATP/correspondances nombreuses avec intitulé|PC'],,,,RATP,,Ligne 2 du métro de Paris/Paris/16e arrondissement de Paris,La belle sortie (4956527450).jpg,48.871545,['Métro de Paris/correspondance|2'],,['Métro de Paris/correspondance|2'],,,,,2.276768,,"['Édicule Guimard|Édicule', 'Hector Guimard']",['Date|13|décembre|1900|dans les chemins de fer'],Porte Dauphine<br /><small>''Maréchal de Lattre de Tassigny''</small>,,['France'],,['Régie autonome des transports parisiens|RATP'],2.0,['e'],'''Terminus''',,,,,['Victor Hugo (métro de Paris)|Victor Hugo'],,,,,,,RER,Bus RATP,,,,['Arrondissements de Paris|Arrondissement'],,['formatnum:2890496'],https://fr.wikipedia.org/w/index.php?title=Porte_Dauphine_(m%C3%A9tro_de_Paris)&action=raw,['Paris'],3.0,1.0
Porte d'Auteuil (métro de Paris),,,,,,,707.0,,['Bus RATP/correspondances nombreuses avec intitulé|32|52|88|PC|123|241'],,,,,RATP,,Paris/16e arrondissement de Paris,141012 Porte d'Auteuil IMG 5781.JPG,48.848025,['Métro de Paris/correspondances|10'],,['Métro de Paris/correspondances|10'],,,,,2.25875,,Quais de la station.,['Date|30|septembre|1913|dans les chemins de fer'],Porte d'Auteuil,,['France'],,['Régie autonome des transports parisiens|RATP'],2.0,['e'],['Boulogne - Jean Jaurès (métro de Paris)|Boulogne - Jean Jaurès'],,,,,['Michel-Ange - Auteuil (métro de Paris)|Michel-Ange - Auteuil'],,,,,,,Bus,,,,,['Arrondissements de Paris|Arrondissement'],,['formatnum:687237'],https://fr.wikipedia.org/w/index.php?title=Porte_d%27Auteuil_(m%C3%A9tro_de_Paris)&action=raw,['Paris'],3.0,1.0
Porte de Bagnolet (métro de Paris),,,,,,,2304.0,,"[""Tramway d'Île-de-France/correspondances avec intitulé|3b""]",['Bus RATP/correspondances avec intitulé|57|76|102|351'],['Noctilien/correspondances avec intitulé|N16|N34|N141|N142'],,,RATP,,Paris/20e arrondissement de Paris,Metro de Paris - Ligne 3 - Porte de Bagnolet 06.JPG,48.864565,['Métro de Paris/correspondance|3'],,['Métro de Paris/correspondance|3'],,,,,2.407278,,['Gallieni (métro de Paris)|Gallieni'],['Date|2|avril|1971|dans les chemins de fer'],Porte de Bagnolet,,['France'],,['Régie autonome des transports parisiens|RATP'],2.0,['e'],['Gambetta (métro de Paris)|Gambetta'],,,,,['Gallieni (métro de Paris)|Gallieni'],,,,,,,Tramway,Bus RATP,Noctilien,,,['Arrondissements de Paris|Arrondissement'],,['formatnum:4487998'],https://fr.wikipedia.org/w/index.php?title=Porte_de_Bagnolet_(m%C3%A9tro_de_Paris)&action=raw,['Paris'],2.0,1.0
Porte de Champerret (métro de Paris),,,,,,,2912.0,,"['Bus RATP/correspondances avec intitulé|92|93|PC', 'Bus RATP/correspondances|163|164|165']",['Noctilien/correspondances avec intitulé|N16|N52'],,,,RATP,,Paris/17e arrondissement de Paris,Porte de Champerret (1) par Cramos.JPG,48.885851,['Métro de Paris/correspondance|3'],,['Métro de Paris/correspondance|3'],,,,,2.293487,,['Gallieni (métro de Paris)|Gallieni'],['Date|15|février|1911|dans les chemins de fer'],Porte de Champerret,,['France'],,['Régie autonome des transports parisiens|RATP'],2.0,['e'],['Louise Michel (métro de Paris)|Louise Michel'],,,,,['Pereire (métro de Paris)|Pereire'],,,,,,,Bus RATP,Noctilien,,,,['Arrondissements de Paris|Arrondissement'],,['formatnum:3585658'],https://fr.wikipedia.org/w/index.php?title=Porte_de_Champerret_(m%C3%A9tro_de_Paris)&action=raw,['Paris'],4.0,1.0
Porte de Charenton (métro de Paris),,,,,,,1303.0,,"[""Tramway d'Île-de-France/correspondances avec intitulé|3a""]",['Bus RATP/correspondances avec intitulé|77|87|111'],,,,['Régie autonome des transports parisiens|RATP'],,Paris/12e arrondissement de Paris,Station métro Porte-de-Charenton - 20130606 171012.jpg,48.83278016357195,['Métro de Paris/correspondances avec intitulé|8'],,['Métro de Paris/correspondance|8'],,,,,2.4004000425338745,,"Accès à la station, boulevard Poniatowski,<br />du côté des numéros impairs.","['5 mai dans les chemins de fer|5 mai', '1931 dans les chemins de fer|1931', 'Métro de Paris/correspondances avec intitulé|8']",Porte de Charenton,,['France'],,['Régie autonome des transports parisiens|RATP'],2.0,['e'],['Porte Dorée (métro de Paris)|Porte Dorée'],,,,,['Liberté (métro de Paris)|Liberté'],,,,,,,"[""Tramway d'Île-de-France|Tramway""]","[""Autobus d'Île-de-France|Bus""]",,,,['Arrondissements de Paris|Arrondissement'],,['formatnum:2025127'],https://fr.wikipedia.org/w/index.php?title=Porte_de_Charenton_(m%C3%A9tro_de_Paris)&action=raw,['Paris'],4.0,1.0
Porte de Choisy (métro de Paris),,,,,,,14-02,,"[""Tramway d'Île-de-France/correspondances avec intitulé|3a""]",['Bus RATP/correspondances avec intitulé|183'],['Noctilien/correspondances avec intitulé|N31'],,,RATP,,Paris/13e arrondissement de Paris,Metro 7 Porte de Choisy accès et tramway.JPG,48.82031532834292,['Métro de Paris/correspondance|7'],,['Métro de Paris/correspondance|7'],,,,,2.3652926087379456,,L'entrée (accès 1) de la station de métro et la station de tramway.,"['Date|7|mars|1930|dans les chemins de fer', 'Métro de Paris/correspondance|10']",Porte de Choisy,,['France'],,['Régie autonome des transports parisiens|RATP'],2.0,['e'],"[""Porte d'Italie (métro de Paris)|Porte d'Italie""]",,,,,"[""Porte d'Ivry (métro de Paris)|Porte d'Ivry""]",,,,,,,Tramway,Bus RATP,Noctilien,,,['Arrondissements de Paris|Arrondissement'],,['formatnum:3085089'],https://fr.wikipedia.org/w/index.php?title=Porte_de_Choisy_(m%C3%A9tro_de_Paris)&action=raw,['Paris'],2.0,1.0
Porte de Clichy (métro de Paris),,,,,,,30-09,,['RER/correspondances avec intitulé|C'],"[""Tramway d'Île-de-France/correspondances avec intitulé|3b""]","['Bus RATP/correspondances avec intitulé|54|74|138|173', 'Bus RATP/correspondances|528']",['Noctilien/correspondances avec intitulé|N15|N51'],,RATP,,Paris/17e arrondissement de Paris,Metro de Paris - Ligne 13 - Porte de Clichy 02.jpg,48.89434542156371,['Métro de Paris/correspondance|13'],,['Métro de Paris/correspondance|13'],,,,,2.3136520385742188,,Vue d'ensemble du quai en direction de Châtillon.,['Date|20 janvier 1912|dans les chemins de fer'],Porte de Clichy<br><small>''Tribunal de Paris''</small>,,['France'],,['Régie autonome des transports parisiens|RATP'],2.0,['e'],['Mairie de Clichy (métro de Paris)|Mairie de Clichy'],,,,,['Brochant (métro de Paris)|Brochant'],,,,,,,"[""Réseau express régional d'Île-de-France|RER""]",Tramway,Bus,Noctilien,,['Arrondissements de Paris|Arrondissement'],,['formatnum:4021254'],https://fr.wikipedia.org/w/index.php?title=Porte_de_Clichy_(m%C3%A9tro_de_Paris)&action=raw,['Paris'],2.0,1.0
Porte de Clignancourt (métro de Paris),,,,,,,20-01,,"[""Tramway d'Île-de-France/correspondances avec intitulé|3b""]","['Bus RATP/correspondances nombreuses avec intitulé|56|85|137|166|255', 'Bus RATP/correspondances|341']",['Noctilien/correspondances avec intitulé|N14|N44'],,,RATP,,Paris/18e arrondissement de Paris,MetrodeParisPorteDeClignancourt (1).JPG,48.8972870603971,['Métro de Paris/correspondance|4'],,['Métro de Paris/correspondance|4'],,,,,2.34477887737988,,"['Boulevard Ornano (Paris)|boulevard Ornano', 'Rue Belliard (Paris)|rue Belliard']","['21 avril dans les chemins de fer|21 avril', '1908 dans les chemins de fer|1908']",Porte de Clignancourt <br><small>''Puces de Saint-Ouen''</small>,,['France'],,['Régie autonome des transports parisiens|RATP'],2.0,['e'],'''Terminus''',,,,,['Simplon (métro de Paris)|Simplon'],,,,,,,"[""Tramway d'Île-de-France|Tramway""]",Bus,Noctilien,,,['Arrondissements de Paris|Arrondissement'],,['formatnum:8699614'],https://fr.wikipedia.org/w/index.php?title=Porte_de_Clignancourt_(m%C3%A9tro_de_Paris)&action=raw,['Paris'],2.0,1.0
Porte de la Chapelle (métro de Paris),,,,,,,2006.0,,"[""Tramway d'Île-de-France/correspondances avec intitulé|3b""]",['Bus RATP/correspondances nombreuses avec intitulé|38|153|252|302|350'],['Noctilien/correspondances avec intitulé|N43|N143'],,,['Régie autonome des transports parisiens|RATP'],,Paris/18e arrondissement de Paris,PteChap-sortiefond.jpg,48.89727437185633,['Métro de Paris/correspondances avec intitulé|12'],,,,,,,2.359190583229065,,Un des quais de la station.,['date|23|août|1916'],Porte de la Chapelle<br /><small>''Saint-Denis''</small>,,['France'],,['Régie autonome des transports parisiens|RATP'],2.0,['e'],['Front Populaire (métro de Paris)|Front Populaire'],,,,,['Marx Dormoy (métro de Paris)|Marx Dormoy'],,,,,,,Tramway,Bus,Noctilien,,,['Arrondissements de Paris|Arrondissement'],,['formatnum:2905144'],https://fr.wikipedia.org/w/index.php?title=Porte_de_la_Chapelle_(m%C3%A9tro_de_Paris)&action=raw,['Paris'],3.0,1.0
Porte de la Villette (métro de Paris),,,,,,,304.0,,"[""Tramway d'Île-de-France/correspondances avec intitulé|3b""]",['Bus RATP/correspondances avec intitulé|71|139|150|152|'],['Noctilien/correspondances avec intitulé|N42|N140'],,,RATP,,Paris/19e arrondissement de Paris,Metro de Paris - Ligne 7 - Porte de la Villette 01.jpg,48.89708922354763,['Métro de Paris/correspondance|7'],,['Métro de Paris/correspondance|7'],,,,,2.385875880718231,,['MF 77'],['Date|5|novembre|1910|dans les chemins de fer'],Porte de la Villette<br /><small>''Cité des Sciences et de l'Industrie''</small>,,['France'],,['Régie autonome des transports parisiens|RATP'],2.0,['e'],['Aubervilliers - Pantin - Quatre Chemins (métro de Paris)|Aubervilliers - Pantin - Quatre Chemins'],,,,,['Corentin Cariou (métro de Paris)|Corentin Cariou'],,,,,,,Tramway,Bus RATP,Noctilien,,,['Arrondissements de Paris|Arrondissement'],,['formatnum:3391240'],https://fr.wikipedia.org/w/index.php?title=Porte_de_la_Villette_(m%C3%A9tro_de_Paris)&action=raw,['Paris'],4.0,1.0
Porte de Montreuil (métro de Paris),,,,,,,05-03,,"[""Tramway d'Île-de-France/correspondances avec intitulé|3b""]",['Bus RATP/correspondances avec intitulé|57|215|351'],,,,RATP,,Paris/20e arrondissement de Paris,Pte Montreuil (métro Paris) monumental par Cramos.JPG,48.85379154874541,['Métro de Paris/correspondances avec intitulé|9'],,['Métro de Paris/correspondances avec intitulé|9'],,,,,2.41224467754364,,Les quais de la station avec la voûte la plus grande du métro parisien.,"['10 décembre dans les chemins de fer|10 décembre', '1933 dans les chemins de fer|1933']",Porte de Montreuil,,['France'],,['Régie autonome des transports parisiens|RATP'],2.0,['20e'],['Maraîchers (métro de Paris)|Maraîchers'],,,,,['Robespierre (métro de Paris)|Robespierre'],,,,,,,Tramway,Bus,,,,['Arrondissements de Paris|Arrondissement'],,['formatnum:4862314'],https://fr.wikipedia.org/w/index.php?title=Porte_de_Montreuil_(m%C3%A9tro_de_Paris)&action=raw,['Paris'],4.0,1.0
Porte de Pantin (métro de Paris),,,,,,,2201.0,,"[""Tramway d'Île-de-France/correspondances avec intitulé|3b""]",['Bus RATP/correspondances nombreuses avec intitulé|75|151'],['Noctilien/correspondances avec intitulé|N13|N41|N45|N140'],,,['Régie autonome des transports parisiens|RATP'],,Paris/19e arrondissement de Paris,Metro de Paris - Ligne 5 - Porte de Pantin 03.jpg,48.888471133523446,['Métro de Paris/correspondances avec intitulé|5'],,['Métro de Paris/correspondance|5'],,,,,2.3918142914772034,,,"['12 octobre dans les chemins de fer|12 octobre', '1942 dans les chemins de fer|1942', 'Métro de Paris/correspondances avec intitulé|5']",Porte de Pantin<br /><small>''Parc de la Villette''</small>,,['France'],,['Régie autonome des transports parisiens|RATP'],2.0,['e'],['Hoche (métro de Paris)|Hoche'],,,,,['Ourcq (métro de Paris)|Ourcq'],,,,,,,"[""Tramway d'Île-de-France|Tramway""]","[""Autobus d'Île-de-France|Bus""]",['Noctilien'],,,['Arrondissements de Paris|Arrondissement'],,['formatnum:4675965'],https://fr.wikipedia.org/w/index.php?title=Porte_de_Pantin_(m%C3%A9tro_de_Paris)&action=raw,['Paris'],3.0,
Porte de Saint-Cloud (métro de Paris),,,,,,,703.0,,"['Bus RATP/correspondances nombreuses avec intitulé|22|42|62|72|PC|175', 'Bus RATP/correspondances|189|289']",['Bus Optile/correspondances avec intitulé|Sénart Bus|54'],['Noctilien/correspondances avec intitulé|N12|N61'],,,RATP,,Paris/16e arrondissement de Paris,Metro Paris - Ligne 9 - Porte de Saint Cloud.jpg,48.838082,['Métro de Paris/correspondance|9'],,,,,,,2.256956,,,"['29 septembre dans les chemins de fer|29 septembre', '1923 dans les chemins de fer|1923']",Porte de Saint-Cloud<br /><small>''Parc des Princes''</small>,,['France'],,['Régie autonome des transports parisiens|RATP'],3.0,['e'],['Marcel Sembat (métro de Paris)|Marcel Sembat'],,,,,['Exelmans (métro de Paris)|Exelmans'],,,,,,,['Réseau de bus RATP'],['Réseau de bus Sénart Bus'],Noctilien,,,['Arrondissements de Paris|Arrondissement'],,['formatnum:5284078'],https://fr.wikipedia.org/w/index.php?title=Porte_de_Saint-Cloud_(m%C3%A9tro_de_Paris)&action=raw,['Paris'],4.0,
Porte de Saint-Ouen (métro de Paris),,,,,,,30-13,,"[""Tramway d'Île-de-France/correspondances avec intitulé|3b""]","['Bus RATP/correspondances nombreuses avec intitulé|21|341', 'Bus RATP/correspondances|Traverse Batignolles-Bichat']",,,,['Régie autonome des transports parisiens|RATP'],,Paris/18e arrondissement de Paris/17e arrondissement de Paris,Métro Porte de Saint-Ouen.jpg,48.89677358818321,['Métro de Paris/correspondance|13'],,,,,,,2.3287099599838257,,Les quais après la rénovation.,['date|26|février|1911|dans les chemins de fer'],Porte de Saint-Ouen,,['France'],,['Régie autonome des transports parisiens|RATP'],2.0,"['e', 'e']",['Garibaldi (métro de Paris)|Garibaldi'],,,,,['Guy Môquet (métro de Paris)|Guy Môquet'],,,,,,,Tramway,Bus,,,,['Arrondissements de Paris|Arrondissement'],,['formatnum:3762943'],https://fr.wikipedia.org/w/index.php?title=Porte_de_Saint-Ouen_(m%C3%A9tro_de_Paris)&action=raw,['Paris'],2.0,1.0
Porte de Vanves (métro de Paris),,,,,,,2702.0,,"[""Tramway d'Île-de-France/correspondances avec intitulé|3a""]",['Bus RATP/correspondances nombreuses avec intitulé|58|59|95|191'],['Noctilien/correspondances avec intitulé|N63'],,,RATP,,Paris/14e arrondissement de Paris,Paris Metro Porte de Vanves.jpg,48.827940453400984,['Métro de Paris/correspondances avec intitulé|13'],,['Métro de Paris/correspondances avec intitulé|13'],,,,,2.30588436126709,,,['Date|21|janvier|1937|dans les chemins de fer'],Porte de Vanves,,['France'],,['Régie autonome des transports parisiens|RATP'],2.0,['e'],['Plaisance (métro de Paris)|Plaisance'],,,,,['Malakoff - Plateau de Vanves (métro de Paris)|Malakoff - Plateau de Vanves'],,,,,,,Tramway,Bus RATP,Noctilien,,,['Arrondissements de Paris|Arrondissement'],,['formatnum:4464578'],https://fr.wikipedia.org/w/index.php?title=Porte_de_Vanves_(m%C3%A9tro_de_Paris)&action=raw,['Paris'],2.0,
Porte de Versailles (métro de Paris),,,,,,,1606.0,,"[""tramway d'Île-de-France/correspondances avec intitulé|2|3a""]",['Bus RATP/correspondances nombreuses avec intitulé|80'],['Bus Optile/correspondances avec intitulé|Sénart Bus|96 Express'],['Noctilien/correspondances avec intitulé|N13|N62|N145'],,RATP,,Paris/15e arrondissement de Paris,Paris Metro 12 Porte de Versailles Eingang Treppe.JPG,48.832328,['Métro de Paris/correspondances avec intitulé|12'],,['Métro de Paris/correspondances avec intitulé|12'],,,,,2.287841,,Une des entrées de la station.,"['5 novembre dans les chemins de fer|5 novembre', '1910 dans les chemins de fer|1910', 'Métro de Paris/correspondances avec intitulé|12']",Porte de Versailles<br /><small>''Parc des Expositions de Paris''</small>,,['France'],,['Régie autonome des transports parisiens|RATP'],2.0,['e'],['Convention (métro de Paris)|Convention'],,,,,['Corentin Celton (métro de Paris)|Corentin Celton'],,,,,,,Tramway,Bus,Sénart Bus,Noctilien,,['Arrondissements de Paris|Arrondissement'],,['formatnum:6238822'],https://fr.wikipedia.org/w/index.php?title=Porte_de_Versailles_(m%C3%A9tro_de_Paris)&action=raw,['Paris'],3.0,1.0
Porte des Lilas (métro de Paris),,,,,,,23-02,,"[""Tramway d'Île-de-France/correspondances avec intitulé|3b""]","['Bus RATP/correspondances avec intitulé|20|48|61|64|96', 'Bus RATP/correspondances|105|115|129|170|249']",['Noctilien/correspondances avec intitulé|N12|N23'],,,RATP,,Paris/20e arrondissement de Paris/19e arrondissement de Paris,"Porte des Lilas Metro, Paris September 2013.jpg",48.877183,['Métro de Paris/correspondances|3bis|11'],,['Métro de Paris/correspondance|3 bis'],['Métro de Paris/correspondance|11'],,,,2.406655,,Escalier et quai de la ligne 11.,"['Date|27|novembre|1921|dans les chemins de fer', 'Métro de Paris/correspondance|3', 'Date|28|avril|1935|dans les chemins de fer', 'Métro de Paris/correspondance|11', 'Date|27|mars|1971|dans les chemins de fer', 'Métro de Paris/correspondance|3bis']",Porte des Lilas,,['France'],,['Régie autonome des transports parisiens|RATP'],6.0,"['e', 'e']",'''Terminus''',['Télégraphe (métro de Paris)|Télégraphe'],,,,['Saint-Fargeau (métro de Paris)|Saint-Fargeau'],['Mairie des Lilas (métro de Paris)|Mairie des Lilas'],,,,,,Tramway,Bus RATP,Noctilien,,,Arrondissement,,['formatnum:3724568'],https://fr.wikipedia.org/w/index.php?title=Porte_des_Lilas_(m%C3%A9tro_de_Paris)&action=raw,['Paris'],7.0,1.0
Porte d'Italie (métro de Paris),,,,,,,14-03,,"[""Tramway d'Île-de-France/correspondances avec intitulé|3a""]",['Bus RATP/correspondances nombreuses avec intitulé|47|131|184|185|186'],['Noctilien/correspondances avec intitulé|N15|N22'],,,RATP,,Paris/13e arrondissement de Paris,Metro 7 Porte d Italie quais.JPG,48.819196,['Métro de Paris/correspondance|7'],,['Métro de Paris/correspondance|7'],,,,,2.360805,,"[""Mairie d'Ivry (métro de Paris)|Mairie d'Ivry""]","['Date|7|mars|1930|dans les chemins de fer', 'Métro de Paris/correspondances|10']",Porte d'Italie,,['France'],,['Régie autonome des transports parisiens|RATP'],2.0,['e'],['Maison Blanche (métro de Paris)|Maison Blanche'],,,,,['Porte de Choisy (métro de Paris)|Porte de Choisy'],,,,,,,Tramway,Bus RATP,Noctilien,,,['Arrondissements de Paris|Arrondissement'],,['formatnum:2486263'],https://fr.wikipedia.org/w/index.php?title=Porte_d%27Italie_(m%C3%A9tro_de_Paris)&action=raw,['Paris'],2.0,1.0
Porte d'Ivry (métro de Paris),,,,,,,26-03,,"[""tramway d'Île-de-France/correspondances avec intitulé|3a""]",['Bus RATP/correspondances nombreuses avec intitulé|27|83'],['Noctilien/correspondances avec intitulé|N31'],,,RATP,,Paris/13e arrondissement de Paris,Metro 7 Porte d Ivry quais.JPG,48.820959924099874,['Métro de Paris/correspondance|7'],,['Métro de Paris/correspondance|7'],,,,,2.3704397678375244,,Vue d'ensemble des quais.,['Date|26|avril|1931|dans les chemins de fer'],Porte d'Ivry,,['France'],,['Régie autonome des transports parisiens|RATP'],2.0,['e'],['Porte de Choisy (métro de Paris)|Porte de Choisy'],,,,,['Pierre et Marie Curie (métro de Paris)|Pierre et Marie Curie'],,,,,,,Tramway,Bus RATP,Noctilien,,,['Arrondissements de Paris|Arrondissement'],,['formatnum:1868796'],https://fr.wikipedia.org/w/index.php?title=Porte_d%27Ivry_(m%C3%A9tro_de_Paris)&action=raw,['Paris'],3.0,1.0
Porte Dorée (métro de Paris),,,,,,,1301.0,,"[""Tramway d'Île-de-France/correspondances avec intitulé|3a""]",['Bus RATP/correspondances avec intitulé|46|201'],['Noctilien/correspondances avec intitulé|N33'],,,RATP,,Paris/12e arrondissement de Paris,Station métro Porte-Dorée - 20130606 164742.jpg,48.835481440233785,['Métro de Paris/correspondance|8'],,['Métro de Paris/correspondance|8'],,,,,2.4060997366905212,,Accès à la station depuis l'avenue Daumesnil.,"['5 mai dans les chemins de fer|5 mai', '1931 dans les chemins de fer|1931']",Porte Dorée,,['France'],,['Régie autonome des transports parisiens|RATP'],2.0,['e'],['Michel Bizot (métro de Paris)|Michel Bizot'],,,,,['Porte de Charenton (métro de Paris)|Porte de Charenton'],,,,,,,"[""Tramway d'Île-de-France|Tramway""]","[""Autobus d'Île-de-France|Bus""]",['Noctilien'],,,['Arrondissements de Paris|Arrondissement'],,['formatnum:2702079'],https://fr.wikipedia.org/w/index.php?title=Porte_Dor%C3%A9e_(m%C3%A9tro_de_Paris)&action=raw,['Paris'],2.0,1.0
Porte d'Orléans (métro de Paris),,,,,,,1502.0,,"[""Tramway d'Île-de-France/correspondances avec intitulé|3a""]","['Bus RATP/correspondances avec intitulé|38|68|92|125|126', 'Bus RATP/correspondances|128|187|188|194|197|299|388']",['Bus Optile/correspondances avec intitulé|CEAT|108|109'],['Bus Optile/correspondances avec intitulé|Keolis Meyer|DM151'],"['Bus Optile/correspondances avec intitulé|Sqybus|475', 'Noctilien/correspondances avec intitulé|N14|N21|N66|N122']",RATP,,Paris/14e arrondissement de Paris,"Porte d’Orléans, northbound.jpg",48.82319,['Métro de Paris/correspondances avec intitulé|4'],,['Métro de Paris/correspondance|4'],,,,,2.325363,,Le quai en direction de ''Porte de Clignancourt''.,"['30 octobre dans les chemins de fer|30 octobre', '1909 dans les chemins de fer|1909']",Porte d'Orléans<br /><small>''Général Leclerc''</small>,,['France'],,['Régie autonome des transports parisiens|RATP'],2.0,['e'],['Alésia (métro de Paris)|Alésia'],,,,,['Mairie de Montrouge (métro de Paris)|Mairie de Montrouge'],,,,,,,"[""Tramway d'Île-de-France|Tramway""]",RATP,CEA Transports,Keolis Meyer,Sqybus<br /><br />Noctilien,['Arrondissements de Paris|Arrondissement'],,['formatnum:6598073'],https://fr.wikipedia.org/w/index.php?title=Porte_d%27Orl%C3%A9ans_(m%C3%A9tro_de_Paris)&action=raw,['Paris'],2.0,1.0
Pyramides (métro de Paris),,,,,,,1103.0,,"['Bus RATP/correspondances nombreuses avec intitulé|21|27|68|81|95', 'Bus RATP/correspondance|OpenTour']",,,,,RATP,,Paris/1er arrondissement de Paris,Metro de Paris - Ligne 7 - Pyramides 01.jpg,48.8669463020695,['Métro de Paris/correspondances|7|14'],,['Métro de Paris/correspondance|7'],['Métro de Paris/correspondance|14'],,,,2.33366506577888,,Quais de la ligne 7.,"['Date|1|juillet|1916|dans les chemins de fer', 'Métro de Paris/correspondance|7', 'Date|15|octobre|1998|dans les chemins de fer', 'Métro de Paris/correspondance|14']",Pyramides,,['France'],,['Régie autonome des transports parisiens|RATP'],4.0,['er'],['Opéra (métro de Paris)|Opéra'],['Madeleine (métro de Paris)|Madeleine'],,,,['Palais-Royal - Musée du Louvre (métro de Paris)|Palais-Royal - Musée du Louvre'],['Châtelet (métro de Paris)|Châtelet'],,,,,,Bus RATP,,,,,['Arrondissements de Paris|Arrondissement'],,['formatnum:5172054'],https://fr.wikipedia.org/w/index.php?title=Pyramides_(m%C3%A9tro_de_Paris)&action=raw,['Paris'],4.0,1.0
Pyrénées (métro de Paris),,,,,,,2414.0,,['Bus RATP/correspondances nombreuses avec intitulé|20|26|71'],['Noctilien/correspondances avec intitulé|N12|N23'],,,,['Régie autonome des transports parisiens|RATP'],,Paris/20e arrondissement de Paris/21e arrondissement de Paris,Metro de Paris - Ligne 11 - Pyrenees 01.jpg,48.87387501119302,['Métro de Paris/correspondance|11'],,,,,,,2.385258972644806,,,['Date|28 avril 1935|dans les chemins de fer'],Pyrénées,,['France'],,['Régie autonome des transports parisiens|RATP'],2.0,"['e', 'e']",['Belleville (métro de Paris)|Belleville'],,,,,['Jourdain (métro de Paris)|Jourdain'],,,,,,,Bus,Noctilien,,,,['Arrondissements de Paris|Arrondissement'],,['formatnum:3457271'],https://fr.wikipedia.org/w/index.php?title=Pyr%C3%A9n%C3%A9es_(m%C3%A9tro_de_Paris)&action=raw,['Paris'],2.0,
Quai de la Gare (métro de Paris),,,,,,,09-01,,['Bus RATP/correspondances nombreuses avec intitulé|61|71|89|215|325'],['Noctilien/correspondances avec intitulé|N131|N133'],,,,['Régie autonome des transports parisiens|RATP'],,Paris/13e arrondissement de Paris,P1060105 Paris XIII avenue V. Auriol station quai de la Gare rwk.JPG,48.837069,['Métro de Paris/correspondance|6'],,['Métro de Paris/correspondance|6'],,,,,2.372773,,"['boulevard Vincent-Auriol', ""quai d'Austerlitz""]",['date|1|mars|1909|dans les chemins de fer'],Quai de la Gare,,['France'],,['Régie autonome des transports parisiens|RATP'],2.0,['e'],['Chevaleret (métro de Paris)|Chevaleret'],,,,,['Bercy (métro de Paris)|Bercy'],,,,,,,"[""Autobus d'Île-de-France|Bus""]",['Noctilien'],,,,['Arrondissements de Paris|Arrondissement'],,['formatnum:3420407'],https://fr.wikipedia.org/w/index.php?title=Quai_de_la_Gare_(m%C3%A9tro_de_Paris)&action=raw,['Paris'],2.0,1.0
Quai de la Rapée (métro de Paris),,,,,,,09-10,,['Bus RATP/correspondances nombreuses avec intitulé|24|57|61|63|72|91'],['Noctilien/correspondances avec intitulé|N01|N02|N31'],,,,['Régie autonome des transports parisiens|RATP'],,Paris/12e arrondissement de Paris,Metro Rapee.JPG,48.84653926586897,['Métro de Paris/correspondance|5'],,['Métro de Paris/correspondance|5'],,,,,2.365826368331909,,La station vue vers le nord-ouest.,['Date|13|juillet|1906|dans les chemins de fer'],Quai de la Rapée,Place Mazas,['France'],,['Régie autonome des transports parisiens|RATP'],2.0,['e'],['Bastille (métro de Paris)|Bastille'],,,,,"[""Gare d'Austerlitz (métro de Paris)|Gare d'Austerlitz""]",,,,,,,"[""Autobus d'Île-de-France|Bus""]",['Noctilien'],,,,['Arrondissements de Paris|Arrondissement'],,['formatnum:986508'],https://fr.wikipedia.org/w/index.php?title=Quai_de_la_Rap%C3%A9e_(m%C3%A9tro_de_Paris)&action=raw,['Paris'],2.0,1.0
Quatre-Septembre (métro de Paris),,,,,,,604.0,,"['Bus RATP/correspondances avec intitulé|20|29|39', 'Bus RATP/correspondances|67|74|85']",['Noctilien/correspondances avec intitulé|N15|N16'],,,,RATP,,Paris/2e arrondissement de Paris,Metro de Paris - Ligne 3 - Quatre-Septembre 03.jpg,48.869574,['Métro de Paris/correspondance|3'],,['Métro de Paris/correspondance|3'],,,,,2.336633,,"[""Gallieni (métro de Paris)|''Gallieni''""]",['Date|3|novembre|1904|dans les chemins de fer'],Quatre-Septembre,,['France'],,['Régie autonome des transports parisiens|RATP'],2.0,['e'],['Opéra (métro de Paris)|Opéra'],,,,,['Bourse (métro de Paris)|Bourse'],,,,,,,Bus RATP,Noctilien,,,,['Arrondissements de Paris|Arrondissement'],,['formatnum:1758632'],https://fr.wikipedia.org/w/index.php?title=Quatre-Septembre_(m%C3%A9tro_de_Paris)&action=raw,['Paris'],2.0,1.0
Rambuteau (métro de Paris),,,,,,,08-01,,['Bus RATP/correspondances nombreuses avec intitulé|29|38|47|75'],['Noctilien/correspondances avec intitulé|N12|N13|N14|N32'],,,,['Régie autonome des transports parisiens|RATP'],,Paris/4e arrondissement de Paris/3e arrondissement de Paris,Rambuteau métro 03.jpg,48.861951,['Métro de Paris/correspondance|11'],,,,,,,2.353905,,['numéro|1'],['Date-|28 avril 1935|dans les chemins de fer'],Rambuteau<br /><small>''Centre Georges Pompidou''</small>,,['France'],,['Régie autonome des transports parisiens|RATP'],2.0,"['e', 'e']",['Hôtel de Ville (métro de Paris)|Hôtel de Ville'],,,,,['Arts et Métiers (métro de Paris)|Arts et Métiers'],,,,,,,Bus,Noctilien,,,,['Arrondissements de Paris|Arrondissement'],,['formatnum:4498414'],https://fr.wikipedia.org/w/index.php?title=Rambuteau_(m%C3%A9tro_de_Paris)&action=raw,['Paris'],2.0,
Ranelagh (métro de Paris),,,,,,,17-09,,['Bus RATP/correspondances nombreuses avec intitulé|22|52|70'],,,,,RATP,,Paris/16e arrondissement de Paris,Metro de Paris - Ligne 9 - Ranelagh - Motte seats.jpg,48.85501986741506,['Métro de Paris/correspondance|9'],,['Métro de Paris/correspondance|9'],,,,,2.2696343064308167,,Quai de la station.,['Date|8|novembre|1922|dans les chemins de fer'],Ranelagh,,['France'],,['Régie autonome des transports parisiens|RATP'],2.0,['e'],['Jasmin (métro de Paris)|Jasmin'],,,,,['La Muette (métro de Paris)|La Muette'],,,,,,,Bus RATP,,,,,Arrondissement,,['formatnum:2390818'],https://fr.wikipedia.org/w/index.php?title=Ranelagh_(m%C3%A9tro_de_Paris)&action=raw,['Paris'],2.0,1.0
Raspail (métro de Paris),,,,,,,15-10,,['Bus RATP/correspondances avec intitulé|68'],,,,,RATP,,Paris/14e arrondissement de Paris,"Bouche de métro Raspail, Paris 14e.jpg",48.83919413380315,['Métro de Paris/correspondances|4|6'],,['Métro de Paris/correspondance|4'],['Métro de Paris/correspondance|6'],,,,2.3306062817573547,,['Édicule Guimard'],"['24 avril dans les chemins de fer|24 avril', '1906 dans les chemins de fer|1906', '14 octobre dans les chemins de fer|14 octobre', '1907 dans les chemins de fer|1907', 'Métro de Paris/correspondances|5', '30 octobre dans les chemins de fer|30 octobre', '1909 dans les chemins de fer|1909', 'Métro de Paris/correspondances|4', '6 octobre dans les chemins de fer|6 octobre', '1942 dans les chemins de fer|1942', 'Métro de Paris/correspondances|5|6']",Raspail,,['France'],,['Régie autonome des transports parisiens|RATP'],4.0,['14e'],['Vavin (métro de Paris)|Vavin'],['Edgar Quinet (métro de Paris)|Edgar Quinet'],,,,['Denfert-Rochereau (métro de Paris)|Denfert-Rochereau'],['Denfert-Rochereau (métro de Paris)|Denfert-Rochereau'],,,,,,Bus,,,,,['Arrondissements de Paris|Arrondissement'],,['formatnum:1836323'],https://fr.wikipedia.org/w/index.php?title=Raspail_(m%C3%A9tro_de_Paris)&action=raw,['Paris'],4.0,1.0
Réaumur - Sébastopol (métro de Paris),,,,,,,11-14,,['Bus RATP/correspondances avec intitulé|20|38|39'],['Noctilien/correspondances avec intitulé|N12|N13|N14|N23'],,,,RATP,,Paris/3e arrondissement de Paris/2e arrondissement de Paris,Réaumur - Sébastopol métro Paris ligne 3 (2) par Cramos.JPG,48.86624629158102,['Métro de Paris/correspondances|3|4'],,['Métro de Paris/correspondance|3'],['Métro de Paris/correspondance|4'],,,,2.3523885011672974,,"Un quai de la ligne 3, fraîchement rénové.","['Date|19|novembre|1904|dans les chemins de fer', 'Métro de Paris/correspondance|3', 'Date|21|avril|1908|dans les chemins de fer', 'Métro de Paris/correspondance|4']",Réaumur - Sébastopol,Rue Saint-Denis,['France'],,['Régie autonome des transports parisiens|RATP'],4.0,"['e', 'e']",['Sentier (métro de Paris)|Sentier'],['Strasbourg - Saint-Denis (métro de Paris)|Strasbourg - Saint-Denis'],,,,['Arts et Métiers (métro de Paris)|Arts et Métiers'],['Étienne Marcel (métro de Paris)|Étienne Marcel'],,,,,,Bus RATP,Noctilien,,,,['Arrondissements de Paris|Arrondissement'],,['formatnum:4925640'],https://fr.wikipedia.org/w/index.php?title=R%C3%A9aumur_-_S%C3%A9bastopol_(m%C3%A9tro_de_Paris)&action=raw,['Paris'],4.0,1.0
Rennes (métro de Paris),,,,,,,211.0,,['Bus RATP/correspondances nombreuses avec intitulé|68|89|94|95|96'],['Noctilien/correspondances avec intitulé|N01|N02|N12|N13'],,,,['Régie autonome des transports parisiens|RATP'],,Paris/6e arrondissement de Paris,Metro Paris - Ligne 12 - Station Rennes.jpg,48.848193140038724,['Métro de Paris/correspondance|12'],,['Métro de Paris/correspondance|12'],,,,,2.3277631402015686,,"['MF 67', ""Porte de la Chapelle (métro de Paris)|''Porte de la Chapelle''""]","['5 novembre dans les chemins de fer|5 novembre', '1910 dans les chemins de fer|1910']",Rennes,,['France'],,['Régie autonome des transports parisiens|RATP'],2.0,['e'],['Sèvres - Babylone (métro de Paris)|Sèvres - Babylone'],,,,,['Notre-Dame-des-Champs (métro de Paris)|Notre-Dame-des-Champs'],,,,,,,Bus,Noctilien,,,,['Arrondissements de Paris|Arrondissement'],,['formatnum:1297127'],https://fr.wikipedia.org/w/index.php?title=Rennes_(m%C3%A9tro_de_Paris)&action=raw,['Paris'],2.0,1.0
République (métro de Paris),,,,,,,807.0,,['Bus RATP/correspondances avec intitulé|20|56|75|91'],['Noctilien/correspondances avec intitulé|N01|N02|N12|N23|N141|N142'],,,,RATP,,Paris/11e arrondissement de Paris/10e arrondissement de Paris/3e arrondissement de Paris,EGRepublique.JPG,48.867503,['Métro de Paris/correspondances|3|5|8|9|11'],,['Métro de Paris/correspondance|3'],['Métro de Paris/correspondance|5'],['Métro de Paris/correspondance|8'],['Métro de Paris/correspondance|9'],['Métro de Paris/correspondance|11'],2.363811,"['Métro de Paris/correspondance|3', 'Métro de Paris/correspondance|5', 'Métro de Paris/correspondance|11', 'Unité|75|m', 'Métro de Paris/correspondance|8', 'Métro de Paris/correspondance|9', 'Unité|105|m']","['Édicule Guimard#Entourages|Entourage Guimard', 'Place de la République (Paris)|place de la République']","['Métro de Paris/correspondance|3', 'Date|19|octobre|1904|dans les chemins de fer', 'Métro de Paris/correspondance|5', 'Date|15|novembre|1907|dans les chemins de fer', 'Métro de Paris/correspondance|8', 'Date|5|mai|1931|dans les chemins de fer', 'Métro de Paris/correspondance|9', 'Date|10|décembre|1933|dans les chemins de fer', 'Métro de Paris/correspondance|11', 'Date|28|avril|1935|dans les chemins de fer']",République,,['France'],,['Régie autonome des transports parisiens|RATP'],10.0,"['e', 'e', 'e']",['Temple (métro de Paris)|Temple'],['Jacques Bonsergent (métro de Paris)|Jacques Bonsergent'],['Strasbourg - Saint-Denis (métro de Paris)|Strasbourg - Saint-Denis'],['Strasbourg - Saint-Denis (métro de Paris)|Strasbourg - Saint-Denis'],['Arts et Métiers (métro de Paris)|Arts et Métiers'],['Parmentier (métro de Paris)|Parmentier'],['Oberkampf (métro de Paris)|Oberkampf'],['Filles du Calvaire (métro de Paris)|Filles du Calvaire'],['Oberkampf (métro de Paris)|Oberkampf'],['Goncourt (métro de Paris)|Goncourt'],,,Bus RATP,Noctilien,,,,['Arrondissements de Paris|Arrondissement'],,['formatnum:16953175'],https://fr.wikipedia.org/w/index.php?title=R%C3%A9publique_(m%C3%A9tro_de_Paris)&action=raw,['Paris'],10.0,1.0
Richard-Lenoir (métro de Paris),,,,,,,814.0,,,,,,,['Régie autonome des transports parisiens|RATP'],,Paris/11e arrondissement de Paris,Estación de Richard Lenoir - 2019.jpg,48.859772,['Métro de Paris/correspondance|5'],,['Métro de Paris/correspondance|5'],,,,,2.371843,,La station Richard-Lenoir (2019),"['17 décembre dans les chemins de fer|17 décembre', '1906 dans les chemins de fer|1906']",Richard-Lenoir,,['France'],,['Régie autonome des transports parisiens|RATP'],2.0,['e'],['Oberkampf (métro de Paris)|Oberkampf'],,,,,['Bréguet - Sabin (métro de Paris)|Bréguet - Sabin'],,,,,,,,,,,,['Arrondissements de Paris|Arrondissement'],,['formatnum:1767814'],https://fr.wikipedia.org/w/index.php?title=Richard-Lenoir_(m%C3%A9tro_de_Paris)&action=raw,['Paris'],2.0,1.0
Richelieu - Drouot (métro de Paris),,,,,,,11-07,,['Bus RATP/correspondances nombreuses avec intitulé|20|39|45|48|67|74|85'],,,,,RATP,,Paris/9e arrondissement de Paris/2e arrondissement de Paris,Paris Metro Linie 9 Richelieu-Drouot Bahnsteig.JPG,48.871987346600875,['Métro de Paris/correspondances|8|9'],,['Métro de Paris/correspondance|8'],['Métro de Paris/correspondance|9'],,,,2.338741421699524,,Quai de la ligne 9.,['Date|30|juin|1928|dans les chemins de fer'],Richelieu - Drouot,,['France'],,['Régie autonome des transports parisiens|RATP'],4.0,"['e', 'e']",['Opéra (métro de Paris)|Opéra'],"[""Chaussée d'Antin - La Fayette (métro de Paris)|Chaussée d'Antin - La Fayette""]",,,,['Grands Boulevards (métro de Paris)|Grands Boulevards'],['Grands Boulevards (métro de Paris)|Grands Boulevards'],,,,,,Bus RATP,,,,,Arrondissement,,['formatnum:5362641'],https://fr.wikipedia.org/w/index.php?title=Richelieu_-_Drouot_(m%C3%A9tro_de_Paris)&action=raw,['Paris'],4.0,
Riquet (métro de Paris),,,,,,,22-08,,['Bus RATP/correspondances avec intitulé|54'],['Noctilien/correspondances avec intitulé|N42'],,,,RATP,,Paris/19e arrondissement de Paris,Metro de Paris - Ligne 7 - Riquet 07.jpg,48.88788031583325,['Métro de Paris/correspondance|7'],,['Métro de Paris/correspondance|7'],,,,,2.3735779523849487,,"[""Mairie d'Ivry (métro de Paris)|''Ivry''"", ""Villejuif - Louis Aragon (métro de Paris)|''Villejuif''""]",['Date|5|novembre|1910|dans les chemins de fer'],Riquet,,['France'],,['Régie autonome des transports parisiens|RATP'],2.0,['e'],['Crimée (métro de Paris)|Crimée'],,,,,['Stalingrad (métro de Paris)|Stalingrad'],,,,,,,Bus RATP,Noctilien,,,,['Arrondissements de Paris|Arrondissement'],,['formatnum:2537863'],https://fr.wikipedia.org/w/index.php?title=Riquet_(m%C3%A9tro_de_Paris)&action=raw,['Paris'],2.0,1.0
Robespierre (métro de Paris),,,,,,,05-02,,['Bus RATP/correspondances nombreuses avec intitulé|318'],['Noctilien/correspondances avec intitulé|N16|N34'],,,,['Régie autonome des transports parisiens|RATP'],,Paris,Robespierre (métro Paris) vers Pt Sèvres par Cramos.JPG,48.855683,['Métro de Paris/correspondance|9'],,,,,,,2.423678,,,['Date|14|octobre|1937|dans les chemins de fer'],Robespierre,,['France'],,['Régie autonome des transports parisiens|RATP'],2.0,,['Porte de Montreuil (métro de Paris)|Porte de Montreuil'],,,,,['Croix de Chavaux (métro de Paris)|Croix de Chavaux'],,,,,,,Bus,Noctilien,,,,,,['formatnum:4448864'],https://fr.wikipedia.org/w/index.php?title=Robespierre_(m%C3%A9tro_de_Paris)&action=raw,['Montreuil (Seine-Saint-Denis)|Montreuil'],2.0,2.0
Rome (métro de Paris),,,,,,,3112.0,,['Bus RATP/correspondances avec intitulé|30|66|94'],,,,,RATP,,Ligne 2 du métro de Paris/Paris/17e arrondissement de Paris/8e arrondissement de Paris,Métro Rome Guimard.jpg,48.882425,['Métro de Paris/correspondance|2'],,['Métro de Paris/correspondance|2'],,,,,2.322052,,['Édicule Guimard'],['Date|6|novembre|1902|dans les chemins de fer'],Rome,,['France'],,['Régie autonome des transports parisiens|RATP'],2.0,"['e', 'e']",['Villiers (métro de Paris)|Villiers'],,,,,['Place de Clichy (métro de Paris)|Place de Clichy'],,,,,,,Bus RATP,,,,,['Arrondissements de Paris|Arrondissement'],,['formatnum:2818857'],https://fr.wikipedia.org/w/index.php?title=Rome_(m%C3%A9tro_de_Paris)&action=raw,['Paris'],2.0,1.0
Rue de la Pompe (métro de Paris),,,,,,,1713.0,,['Bus RATP/correspondances nombreuses avec intitulé|52|63'],"['RER/correspondances avec intitulé|C', ""Gare de l'avenue Henri-Martin|Avenue Henri-Martin""]",,,,RATP,,Paris/16e arrondissement de Paris,Ruedelapompe2.JPG,48.8639119250494,['Métro de Paris/correspondance|9'],,['Métro de Paris/correspondance|9'],,,,,2.2790515422821045,,"[""Mairie de Montreuil (métro de Paris)|''Mairie de Montreuil''"", 'Date-|février 2012']",['Date|8 novembre 1922|dans les chemins de fer'],Rue de la Pompe<br /><small>''Avenue Georges-Mandel''</small>,,['France'],,['Régie autonome des transports parisiens|RATP'],2.0,['e'],['La Muette (métro de Paris)|La Muette'],,,,,['Trocadéro (métro de Paris)|Trocadéro'],,,,,,,Bus,RER,,,,['Arrondissements de Paris|Arrondissement'],,['formatnum:3138962'],https://fr.wikipedia.org/w/index.php?title=Rue_de_la_Pompe_(m%C3%A9tro_de_Paris)&action=raw,['Paris'],2.0,
Rue des Boulets (métro de Paris),,,,,,,05-06,,['Bus RATP/correspondances nombreuses avec intitulé|56'],,,,,['Régie autonome des transports parisiens|RATP'],,Paris/11e arrondissement de Paris,Rue des Boulets métro 02.jpg,48.85181135088584,['Métro de Paris/correspondance|9'],,['Métro de Paris/correspondance|9'],,,,,2.39015132188797,,Quai vers ''Pont de Sèvres''.,"['10 décembre dans les chemins de fer|10 décembre', '1933 dans les chemins de fer|1933']",Rue des Boulets,,['France'],,['Régie autonome des transports parisiens|RATP'],2.0,['e'],['Charonne (métro de Paris)|Charonne'],,,,,['Nation (métro de Paris)|Nation'],,,,,,,Bus,,,,,['Arrondissements de Paris|Arrondissement'],,['formatnum:2740221'],https://fr.wikipedia.org/w/index.php?title=Rue_des_Boulets_(m%C3%A9tro_de_Paris)&action=raw,['Paris'],2.0,
Rue du Bac (métro de Paris),,,,,,,210.0,,"['Bus RATP/correspondances avec intitulé|63|68|69|83|84|87|94', 'Bus RATP/correspondance|OpenTour']",,,,,RATP,,Paris/7e arrondissement de Paris,Rue du Bac.jpg,48.85569048845243,['Métro de Paris/correspondance|12'],,['Métro de Paris/correspondance|12'],,,,,2.325606644153595,,Les quais de la station.,['Date|5 novembre  1910|dans les chemins de fer'],Rue du Bac,,['France'],,['Régie autonome des transports parisiens|RATP'],2.0,['e'],['Solférino (métro de Paris)|Solférino'],,,,,['Sèvres - Babylone (métro de Paris)|Sèvres - Babylone'],,,,,,,Bus,,,,,['Arrondissements de Paris|Arrondissement'],,['formatnum:2346931'],https://fr.wikipedia.org/w/index.php?title=Rue_du_Bac_(m%C3%A9tro_de_Paris)&action=raw,['Paris'],2.0,1.0
Rue Saint-Maur (métro de Paris),,,,,,,24-06,,,,,,,RATP,,Paris/11e arrondissement de Paris,Metro de Paris - Ligne 3 - Rue Saint-Maur 01.jpg,48.864335,['Métro de Paris/correspondance|3'],,['Métro de Paris/correspondance|3'],,,,,2.379448,,,['Date|19|octobre|1904|dans les chemins de fer'],Rue Saint-Maur,,['France'],,['Régie autonome des transports parisiens|RATP'],2.0,['e'],['Parmentier (métro de Paris)|Parmentier'],,,,,['Père Lachaise (métro de Paris)|Père Lachaise'],,,,,,,,,,,,['Arrondissements de Paris|Arrondissement'],,['formatnum:2960155'],https://fr.wikipedia.org/w/index.php?title=Rue_Saint-Maur_(m%C3%A9tro_de_Paris)&action=raw,['Paris'],2.0,1.0
Saint-Ambroise (métro de Paris),,,,,,,08-15,,['Bus RATP/correspondances nombreuses avec intitulé|56'],,,,,RATP,,Paris/11e arrondissement de Paris,St-Ambroise (métro Paris) quai Pt Sèvres par Cramos.JPG,48.86129511717649,['Métro de Paris/correspondance|9'],,['Métro de Paris/correspondance|9'],,,,,2.3742109537124634,,,['date|10|décembre|1933|dans les chemins de fer'],Saint-Ambroise,,['France'],,['Régie autonome des transports parisiens|RATP'],2.0,['e'],['Oberkampf (métro de Paris)|Oberkampf'],,,,,['Voltaire (métro de Paris)|Voltaire'],,,,,,,Bus,,,,,['Arrondissements de Paris|Arrondissement'],,['formatnum:2780473'],https://fr.wikipedia.org/w/index.php?title=Saint-Ambroise_(m%C3%A9tro_de_Paris)&action=raw,['Paris'],2.0,
Saint-Augustin (métro de Paris),,,,,,,610.0,,"['Métro de Paris/correspondance|14', 'Saint-Lazare (métro de Paris)|Saint-Lazare']",['Bus RATP/correspondances nombreuses avec intitulé|20|22|28|32|43|52|80|84'],['Noctilien/correspondances avec intitulé|N01|N02|N53'],,,['Régie autonome des transports parisiens|RATP'],,Paris/8e arrondissement de Paris,Paris metro st augustin.jpg,48.87444129668226,['Métro de Paris/correspondance|9'],,['Métro de Paris/correspondance|9'],,,,,2.322133183479309,,Les quais de la station.,['date|27|mai|1923|dans les chemins de fer'],Saint-Augustin,,['France'],,['Régie autonome des transports parisiens|RATP'],2.0,['e'],['Miromesnil (métro de Paris)|Miromesnil'],,,,,['Havre - Caumartin (métro de Paris)|Havre - Caumartin'],,,,,,,Métro,Bus,Noctilien,,,['Arrondissements de Paris|Arrondissement'],,['formatnum:2994175'],https://fr.wikipedia.org/w/index.php?title=Saint-Augustin_(m%C3%A9tro_de_Paris)&action=raw,['Paris'],2.0,
Saint-Lazare (métro de Paris),,,,,,,06-09 ou LAZ<br />GA98 / 98STL,,"['Métro de Paris/correspondances avec intitulé|9', 'Saint-Augustin (métro de Paris)|Saint-Augustin']","['RER/correspondances avec intitulé|E', ""Gare d'Haussmann - Saint-Lazare|Haussmann - Saint-Lazare""]",['Transilien/correspondances avec intitulé|J|L'],"['Bus RATP/correspondances avec intitulé|20|21|22|26|', 'Bus RATP/correspondances|27|28|29|32|42|43|66', 'Bus RATP/correspondances|80|94|95|528']","['Noctilien/correspondances avec intitulé|N01|N02|N15|N16', 'Noctilien/correspondances|N51|N52|N53|N150', 'Noctilien/correspondances|N151|N152|N153|N154']",RATP,,Paris/9e arrondissement de Paris/8e arrondissement de Paris,1513102 69801149d0 o Paris Métro de Paris entree station.jpg,48.8755778691635,['Métro de Paris/correspondances|3|12|13|14'],,['Métro de Paris/correspondance|3'],['Métro de Paris/correspondance|12'],['Métro de Paris/correspondance|13'],['Métro de Paris/correspondance|14'],,2.326185658552,,"''La Lentille'', l'une des entrées de la station de métro.","['Date|19|octobre|1904|dans les chemins de fer', 'Métro de Paris/correspondance|3', 'Date|5|novembre|1910|dans les chemins de fer', 'Métro de Paris/correspondance|12', 'Date|26|février|1911|dans les chemins de fer', 'Métro de Paris/correspondance|13', 'Date|16|décembre|2003|dans les chemins de fer', 'Métro de Paris/correspondance|14']",Saint-Lazare,,['France'],,['Régie autonome des transports parisiens|RATP'],8.0,"['e', 'e']",['Europe (métro de Paris)|Europe'],"[""Trinité - d'Estienne d'Orves (métro de Paris)|Trinité - d'Estienne d'Orves""]",['Liège (métro de Paris)|Liège'],'''Terminus''',,['Havre - Caumartin (métro de Paris)|Havre - Caumartin'],['Madeleine (métro de Paris)|Madeleine'],['Miromesnil (métro de Paris)|Miromesnil'],['Madeleine (métro de Paris)|Madeleine'],,,,Métro,RER,Transilien,Bus RATP,Noctilien,['Arrondissements de Paris|Arrondissement'],,['Unité|44939493|voyageurs'],https://fr.wikipedia.org/w/index.php?title=Saint-Lazare_(m%C3%A9tro_de_Paris)&action=raw,['Paris'],8.0,1.0
Saint-Denis - Porte de Paris (métro de Paris),,,,,,,19-14,,"[""Tramway d'Île-de-France/correspondances avec intitulé|8""]",['Bus RATP/correspondances nombreuses avec intitulé|153|170|239|253|255|353'],['Noctilien/correspondances avec intitulé|N44|N143'],,,RATP,,Paris et la petite couronne,PortedeParisaffichesnoires.jpg,48.93021103557575,['Métro de Paris/correspondance|13'],,['Métro de Paris/correspondance|13'],,,,,2.357769012451172,,Quais de la station en octobre 2008.,"['20 juin dans les chemins de fer|20 juin', '1976 dans les chemins de fer|1976']",Saint-Denis - Porte de Paris<br /><small>''Stade de France''</small>,,['France'],,['Régie autonome des transports parisiens|RATP'],2.0,,['Basilique de Saint-Denis (métro de Paris)|Basilique de Saint-Denis'],,,,,['Carrefour Pleyel (métro de Paris)|Carrefour Pleyel'],,,,,,,Tramway,Bus,Noctilien,,,,,['formatnum:3729178'],https://fr.wikipedia.org/w/index.php?title=Saint-Denis_-_Porte_de_Paris_(m%C3%A9tro_de_Paris)&action=raw,['Saint-Denis (Seine-Saint-Denis)|Saint-Denis'],2.0,3.0
Saint-Denis - Université (métro de Paris),,,,,,,1011.0,,"[""Tramway d'Île-de-France/correspondances avec intitulé|5""]","['Bus RATP/correspondances avec intitulé|168|253|255|256', 'Bus RATP/correspondances|268|353|356']",['Bus Optile/correspondances avec intitulé|CIF|11'],['Noctilien/correspondances avec intitulé|N44'],,['Régie autonome des transports parisiens|RATP'],,Paris et la petite couronne,Ligne 13 Station St Denis Université.jpg,48.945799,['Métro de Paris/correspondance|13'],,['Métro de Paris/correspondance|13'],,,,,2.363674,,Les quais de la station avec les installations du terminus à l'arrière-plan.,['date-|25|mai|1998'],Saint-Denis - Université,,['France'],,['Régie autonome des transports parisiens|RATP'],2.0,,'''Terminus''',,,,,['Basilique de Saint-Denis (métro de Paris)|Basilique de Saint-Denis'],,,,,,,"[""Tramway d'Île-de-France|Tramway""]",Bus,['Réseau de bus CIF|CIF'],Noctilien,,,,['formatnum:5357667'],https://fr.wikipedia.org/w/index.php?title=Saint-Denis_-_Universit%C3%A9_(m%C3%A9tro_de_Paris)&action=raw,['Saint-Denis (Seine-Saint-Denis)|Saint-Denis'],2.0,3.0
Saint-Fargeau (métro de Paris),,,,,,,24-08,,['Bus RATP/correspondances nombreuses avec intitulé|61|64|96'],,,,,RATP,,Paris/20e arrondissement de Paris,Entrée station Saint-Fargeau.JPG,48.87208261362324,['Métro de Paris/correspondance|3bis'],,['Métro de Paris/correspondance|3 bis'],,,,,2.4045199155807495,,L'édicule d'entrée de la station.,"['Date|27|novembre|1921|dans les chemins de fer', 'Métro de Paris/correspondance|3', 'Date|27|mars|1971|dans les chemins de fer', 'Métro de Paris/correspondance|3bis']",Saint-Fargeau,,['France'],,['Régie autonome des transports parisiens|RATP'],2.0,['e'],['Porte des Lilas (métro de Paris)|Porte des Lilas'],,,,,['Pelleport (métro de Paris)|Pelleport'],,,,,,,Bus RATP,,,,,Arrondissement,,['formatnum:884413'],https://fr.wikipedia.org/w/index.php?title=Saint-Fargeau_(m%C3%A9tro_de_Paris)&action=raw,['Paris'],2.0,1.0
Saint-François-Xavier (métro de Paris),,,,,,,206.0,,['Bus RATP/correspondances nombreuses avec intitulé|82|87|92'],,,,,['Régie autonome des transports parisiens|RATP'],,Paris/7e arrondissement de Paris,"Saint-François-Xavier (métro, entrée).jpg",48.851950779145,['Métro de Paris/correspondances|13'],,,,,,,2.3144754767417908,,L'entrée de la station.,"['30 décembre dans les chemins de fer|30 décembre', '1923 dans les chemins de fer|1923', 'Métro de Paris/correspondances|10', '27 juillet dans les chemins de fer|27 juillet', '1937 dans les chemins de fer|1937', 'Métro de Paris/correspondances|ancienne 14', '9 novembre dans les chemins de fer|9 novembre', '1976 dans les chemins de fer|1976', 'Métro de Paris/correspondances|13']",Saint-François-Xavier,,['France'],,['Régie autonome des transports parisiens|RATP'],2.0,['e'],['Varenne (métro de Paris)|Varenne'],,,,,['Duroc (métro de Paris)|Duroc'],,,,,,,Bus,,,,,['Arrondissements de Paris|Arrondissement'],,['formatnum:1837976'],https://fr.wikipedia.org/w/index.php?title=Saint-Fran%C3%A7ois-Xavier_(m%C3%A9tro_de_Paris)&action=raw,['Paris'],2.0,1.0
Saint-Georges (métro de Paris),,,,,,,3110.0,,['Bus RATP/correspondances nombreuses avec intitulé|40|74'],,,,,RATP,,Paris/9e arrondissement de Paris,Saint-Georges - Paris Métro - platform.jpg,48.8784492150952,['Métro de Paris/correspondance|12'],,['Métro de Paris/correspondance|12'],,,,,2.3373815417289734,,"['MF 67', ""Mairie d'Issy (métro de Paris)|Mairie d'Issy""]","['8 avril dans les chemins de fer|8 avril', '1911 dans les chemins de fer|1911']",Saint-Georges,,['France'],,['Régie autonome des transports parisiens|RATP'],2.0,['e'],['Pigalle (métro de Paris)|Pigalle'],,,,,['Notre-Dame-de-Lorette (métro de Paris)|Notre-Dame-de-Lorette'],,,,,,,Bus,,,,,['Arrondissements de Paris|Arrondissement'],,['formatnum:1279016'],https://fr.wikipedia.org/w/index.php?title=Saint-Georges_(m%C3%A9tro_de_Paris)&action=raw,['Paris'],2.0,1.0
Saint-Germain-des-Prés (métro de Paris),,,,,,,02-15,,"['Bus RATP/correspondances nombreuses avec intitulé|39|63|70|86|87', 'Bus RATP/correspondance|95', 'Bus RATP/correspondance|96', 'Bus RATP/correspondance|OpenTour']",['Noctilien/correspondances avec intitulé|N01|N02|N12|N13'],,,,RATP,,Paris/6e arrondissement de Paris,Metro Paris - Ligne 4 - station Saint-Germain-des-Pres 01.jpg,48.853773900269054,['Métro de Paris/correspondance|4'],,['Métro de Paris/correspondance|4'],,,,,2.3332804441452026,,"La station en juillet 2008, alors dotée de vitrines et d'extraits d'œuvres littéraires projetées sur la voûte.","['9 janvier dans les chemins de fer|9 janvier', '1910 dans les chemins de fer|1910']",Saint-Germain-des-Prés,,['France'],,['Régie autonome des transports parisiens|RATP'],2.0,['e'],['Odéon (métro de Paris)|Odéon'],,,,,['Saint-Sulpice (métro de Paris)|Saint-Sulpice'],,,,,,,Bus,Noctilien,,,,['Arrondissements de Paris|Arrondissement'],,['formatnum:4498265'],https://fr.wikipedia.org/w/index.php?title=Saint-Germain-des-Pr%C3%A9s_(m%C3%A9tro_de_Paris)&action=raw,['Paris'],2.0,
Saint-Jacques (métro de Paris),,,,,,,1507 ou 1509,,['Bus RATP/correspondances nombreuses avec intitulé|64|216|Orlybus'],,,,,RATP,,Paris/14e arrondissement de Paris,Saint-Jacques métro Entrée.jpg,48.832912582489485,['Métro de Paris/correspondances|6'],,['Métro de Paris/correspondance|6'],,,,,2.3370811343193054,,Entrée de la station.,['date|24|avril|1906|dans les chemins de fer'],Saint-Jacques,,['France'],,['Régie autonome des transports parisiens|RATP'],2.0,['e'],['Denfert-Rochereau (métro de Paris)|Denfert-Rochereau'],,,,,['Glacière (métro de Paris)|Glacière'],,,,,,,"[""Autobus d'Île-de-France|Bus""]",,,,,['Arrondissements de Paris|Arrondissement'],,['formatnum:2070465'],https://fr.wikipedia.org/w/index.php?title=Saint-Jacques_(m%C3%A9tro_de_Paris)&action=raw,['Paris'],2.0,1.0
Saint-Marcel (métro de Paris),,,,,,,09-04,,['Bus RATP/correspondances nombreuses avec intitulé|24|57|91'],['Noctilien/correspondances avec intitulé|N31'],,,,['Régie autonome des transports parisiens|RATP'],,Paris/13e arrondissement de Paris,Metro 5 Saint-Marcel.jpg,48.83798837714302,['Métro de Paris/correspondance|5'],,['Métro de Paris/correspondance|5'],,,,,2.360416352748871,,"[""Place d'Italie (métro de Paris)|''Place d'Italie''""]",['date|2|juin|1906|dans les chemins de fer'],Saint-Marcel,,['France'],,['Régie autonome des transports parisiens|RATP'],2.0,['e'],"[""Gare d'Austerlitz (métro de Paris)|Gare d'Austerlitz""]",,,,,['Campo-Formio (métro de Paris)|Campo-Formio'],,,,,,,"[""Autobus d'Île-de-France|Bus""]",['Noctilien'],,,,['Arrondissements de Paris|Arrondissement'],,['formatnum:1853989'],https://fr.wikipedia.org/w/index.php?title=Saint-Marcel_(m%C3%A9tro_de_Paris)&action=raw,['Paris'],2.0,1.0
Saint-Michel (métro de Paris),,,,,,,101.0,,"['RER/correspondances avec intitulé|C', 'Gare de Saint-Michel - Notre-Dame|Saint-Michel - Notre-Dame']","['Bus RATP/correspondances nombreuses avec intitulé|21|27|38|87', 'Bus RATP/correspondances|96|OpenTour']","['Noctilien/correspondances avec intitulé|N12|N13|N14|N21', 'Noctilien/correspondances|N122|N145']",,,RATP,,Paris/6e arrondissement de Paris/5e arrondissement de Paris,11725735 ba634eead9 o Metro de Paris ligne 4 Saint Michel.jpg,48.853650360760284,['Métro de Paris/correspondance|4'],,['Métro de Paris/correspondance|4'],,,,,2.343928813934326,,Vue des quais de la station<br/>depuis le puits d'accès.,"['9 juillet dans les chemins de fer|9 juillet', '1910 dans les chemins de fer|1910']",Saint-Michel,,['France'],,['Régie autonome des transports parisiens|RATP'],2.0,"['e', 'e']",['Cité (métro de Paris)|Cité'],,,,,['Odéon (métro de Paris)|Odéon'],,,,,,,"[""Réseau express régional d'Île-de-France|RER""]",Bus,Noctilien,,,['Arrondissements de Paris|Arrondissement'],,['formatnum:8797595'],https://fr.wikipedia.org/w/index.php?title=Saint-Michel_(m%C3%A9tro_de_Paris)&action=raw,['Paris'],2.0,1.0
Saint-Paul (métro de Paris),,,,,,,1210.0,,"['Bus RATP/correspondances nombreuses avec intitulé|67|69|76|96', 'Bus RATP/correspondances|OpenTour']",['Noctilien/correspondances avec intitulé|N11|N16'],,,,['Régie autonome des transports parisiens|RATP'],,Paris/4e arrondissement de Paris,St-Paul (2) par Cramos.JPG,48.8551436006388,['Métro de Paris/correspondance|1'],,['Métro de Paris/correspondance|1'],,,,,2.36065335403361,,Quais de la station.,['Date|6|août|1900|dans les chemins de fer'],Saint-Paul<br /><small>''Le Marais''</small>,,['France'],,['Régie autonome des transports parisiens|RATP'],2.0,['e'],['Hôtel de Ville (métro de Paris)|Hôtel de Ville'],,,,,['Bastille (métro de Paris)|Bastille'],,,,,,,Bus,Noctilien,,,,['Arrondissements de Paris|Arrondissement'],,['formatnum:6515486'],https://fr.wikipedia.org/w/index.php?title=Saint-Paul_(m%C3%A9tro_de_Paris)&action=raw,['Paris'],2.0,1.0
Saint-Philippe du Roule (métro de Paris),,,,,,,18-05,,['Bus RATP/correspondances nombreuses avec intitulé|28|32|52|80|93'],,,,,RATP,,Paris/8e arrondissement de Paris,Metro 9 Saint-Philippe du Roule.JPG,48.8719414772291,['Métro de Paris/correspondance|9'],,['Métro de Paris/correspondance|9'],,,,,2.3100364208221436,,,['date|27|mai|1923|dans les chemins de fer'],Saint-Philippe du Roule,,['France'],,['Régie autonome des transports parisiens|RATP'],2.0,['e'],['Franklin D. Roosevelt (métro de Paris)|Franklin D. Roosevelt'],,,,,['Miromesnil (métro de Paris)|Miromesnil'],,,,,,,Bus,,,,,['Arrondissements de Paris|Arrondissement'],,['formatnum:2833206'],https://fr.wikipedia.org/w/index.php?title=Saint-Philippe_du_Roule_(m%C3%A9tro_de_Paris)&action=raw,['Paris'],2.0,
Saint-Placide (métro de Paris),,,,,,,412.0,,['Bus RATP/correspondances nombreuses avec intitulé|39|89|94|95|96'],['Noctilien/correspondances avec intitulé|N01|N02|N12|N13'],,,,RATP,,Paris/6e arrondissement de Paris,Paris Saint Placide Metro 280109.jpg,48.84684462775155,['Métro de Paris/correspondance|4'],,['Métro de Paris/correspondance|4'],,,,,2.3269128799438477,,"[""Aménagement des stations du métro de Paris#Totem Val d'Osne|Candélabre Val d'Osne""]",['Date|9 janvier 1910|dans les chemins de fer'],Saint-Placide,Vaugirard,['France'],,['Régie autonome des transports parisiens|RATP'],2.0,['e'],['Saint-Sulpice (métro de Paris)|Saint-Sulpice'],,,,,['Montparnasse - Bienvenüe (métro de Paris)|Montparnasse - Bienvenüe'],,,,,,,Bus,Noctilien,,,,['Arrondissements de Paris|Arrondissement'],,['formatnum:3287084'],https://fr.wikipedia.org/w/index.php?title=Saint-Placide_(m%C3%A9tro_de_Paris)&action=raw,['Paris'],2.0,1.0
Saint-Sébastien - Froissart (métro de Paris),,,,,,,08-13,,['Bus RATP/correspondances avec intitulé|91'],['Noctilien/correspondances avec intitulé|N01|N02'],,,,RATP,,Paris/11e arrondissement de Paris/3e arrondissement de Paris,Jielbeaumadier metro st-sebastien-froissart 1 paris 2010.jpg,48.860479873286096,['Métro de Paris/correspondance|8'],,['Métro de Paris/correspondance|8'],,,,,2.367357909679413,,['boulevard des Filles-du-Calvaire'],['date|5|mai|1931|dans les chemins de fer'],Saint-Sébastien - Froissart,Saint-Sébastien,['France'],,['Régie autonome des transports parisiens|RATP'],2.0,"['e', 'e']",['Filles du Calvaire (métro de Paris)|Filles du Calvaire'],,,,,['Chemin Vert (métro de Paris)|Chemin Vert'],,,,,,,"[""Autobus d'Île-de-France|Bus""]",['Noctilien'],,,,['Arrondissements de Paris|Arrondissement'],,['formatnum:1783783'],https://fr.wikipedia.org/w/index.php?title=Saint-S%C3%A9bastien_-_Froissart_(m%C3%A9tro_de_Paris)&action=raw,['Paris'],2.0,1.0
Saint-Sulpice (métro de Paris),,,,,,,02-12,,"['Bus RATP/correspondances nombreuses avec intitulé|39|63|70|84', 'Bus RATP/correspondances|86|95|96']",['Noctilien/correspondances avec intitulé|N01|N02|N12|N13'],,,,RATP,,Paris/6e arrondissement de Paris,Saint-Sulpice metro 02.jpg,48.850909470109436,['Métro de Paris/correspondance|4'],,['Métro de Paris/correspondance|4'],,,,,2.330651879310608,,"[""Porte d'Orléans (métro de Paris)|''Porte d'Orléans''""]","['9 janvier dans les chemins de fer|9 janvier', '1910 dans les chemins de fer|1910']",Saint-Sulpice,,['France'],,['Régie autonome des transports parisiens|RATP'],2.0,['e'],['Saint-Germain-des-Prés (métro de Paris)|Saint-Germain-des-Prés'],,,,,['Saint-Placide (métro de Paris)|Saint-Placide'],,,,,,,Bus,Noctilien,,,,['Arrondissements de Paris|Arrondissement'],,['formatnum:2551607'],https://fr.wikipedia.org/w/index.php?title=Saint-Sulpice_(m%C3%A9tro_de_Paris)&action=raw,['Paris'],2.0,1.0
Ségur (métro de Paris),,,,,,,204.0,,,,,,,['Régie autonome des transports parisiens|RATP'],,Paris/15e arrondissement de Paris/7e arrondissement de Paris,Ségur metro 03.jpg,48.84743416507783,['Métro de Paris/correspondance|10'],,,,,,,2.306852638721466,,"[""Boulogne - Pont de Saint-Cloud (métro de Paris)|''Boulogne''""]",['Date|29|septembre|1937|dans les chemins de fer'],Ségur<br /><small>''UNESCO''</small>,,['France'],,['Régie autonome des transports parisiens|RATP'],2.0,"['e', 'e']",['La Motte-Picquet - Grenelle (métro de Paris)|La Motte-Picquet - Grenelle'],,,,,['Duroc (métro de Paris)|Duroc'],,,,,,,,,,,,['Arrondissements de Paris|Arrondissement'],,['formatnum:1604694'],https://fr.wikipedia.org/w/index.php?title=S%C3%A9gur_(m%C3%A9tro_de_Paris)&action=raw,['Paris'],2.0,1.0
Sentier (métro de Paris),,,,,,,1113.0,,['Bus RATP/correspondances avec intitulé|20|39'],,,,,RATP,,Paris/2e arrondissement de Paris,Metro de Paris - Ligne 3 - Sentier 03.jpg,48.867569,['Métro de Paris/correspondance|3'],,['Métro de Paris/correspondance|3'],,,,,2.346387,,Intérieur de la station.,['Date|20|novembre|1904|dans les chemins de fer'],Sentier,,['France'],,['Régie autonome des transports parisiens|RATP'],2.0,['e'],['Bourse (métro de Paris)|Bourse'],,,,,['Réaumur - Sébastopol (métro de Paris)|Réaumur - Sébastopol'],,,,,,,Bus RATP,,,,,['Arrondissements de Paris|Arrondissement'],,['formatnum:3568784'],https://fr.wikipedia.org/w/index.php?title=Sentier_(m%C3%A9tro_de_Paris)&action=raw,['Paris'],2.0,1.0
Sèvres - Babylone (métro de Paris),,,,,,,209.0,,['Bus RATP/correspondances avec intitulé|63|68|70|83|84|86|94'],,,,,RATP,,Paris/7e arrondissement de Paris/6e arrondissement de Paris,Entrée Métro Station Sèvres Babylone Paris.jpg,48.85150954914697,['Métro de Paris/correspondances|10|12'],,['Métro de Paris/correspondance|10'],['Métro de Paris/correspondance|12'],,,,2.326655387878418,,Un des accès de la station.,"['Métro de Paris/correspondances|12', 'Date|5|novembre|1910|dans les chemins de fer', 'Métro de Paris/correspondances|10', 'Date|30|décembre|1923|dans les chemins de fer']",Sèvres - Babylone,,['France'],,['Régie autonome des transports parisiens|RATP'],4.0,"['e', 'e']",['Vaneau (métro de Paris)|Vaneau'],['Rue du Bac (métro de Paris)|Rue du Bac'],,,,['Mabillon (métro de Paris)|Mabillon'],['Rennes (métro de Paris)|Rennes'],,,,,,Bus RATP,,,,,Arrondissement,,['formatnum:5540265'],https://fr.wikipedia.org/w/index.php?title=S%C3%A8vres_-_Babylone_(m%C3%A9tro_de_Paris)&action=raw,['Paris'],4.0,1.0
Sèvres - Lecourbe (métro de Paris),,,,,,,02-03,,['Bus RATP/correspondances avec intitulé|39|70|89'],['Noctilien/correspondances avec intitulé|N12|N13|N61|N62'],,,,RATP,,Paris/15e arrondissement de Paris,P1380565 Paris XV metro Sevres-Lecourbe rwk.jpg,48.84563375985922,['Métro de Paris/correspondances|6'],,['Métro de Paris/correspondance|6'],,,,,2.309475839138031,,['boulevard Garibaldi'],['date|24|avril|1906|dans les chemins de fer'],Sèvres - Lecourbe,Suffren,['France'],,['Régie autonome des transports parisiens|RATP'],2.0,['e'],['Cambronne (métro de Paris)|Cambronne'],,,,,['Pasteur (métro de Paris)|Pasteur'],,,,,,,"[""Autobus d'Île-de-France|Bus""]",['Noctilien'],,,,['Arrondissements de Paris|Arrondissement'],,['formatnum:2408327'],https://fr.wikipedia.org/w/index.php?title=S%C3%A8vres_-_Lecourbe_(m%C3%A9tro_de_Paris)&action=raw,['Paris'],2.0,1.0
Simplon (métro de Paris),,,,,,,20-10,,['Bus RATP/correspondances nombreuses avec intitulé|56|85'],['Noctilien/correspondances avec intitulé|N14|N44'],,,,RATP,,Paris/18e arrondissement de Paris,Paris - métro Simplon.JPG,48.8946326891969,['Métro de Paris/correspondance|4'],,['Métro de Paris/correspondance|4'],,,,,2.34709106533484,,,"['14 mai dans les chemins de fer|14 mai', '1908 dans les chemins de fer|1908']",Simplon,,['France'],,['Régie autonome des transports parisiens|RATP'],2.0,['e'],['Porte de Clignancourt (métro de Paris)|Porte de Clignancourt'],,,,,['Marcadet - Poissonniers (métro de Paris)|Marcadet - Poissonniers'],,,,,,,Bus,Noctilien,,,,['Arrondissements de Paris|Arrondissement'],,['formatnum:3083837'],https://fr.wikipedia.org/w/index.php?title=Simplon_(m%C3%A9tro_de_Paris)&action=raw,['Paris'],2.0,
Solférino (métro de Paris),,,,,,,1014.0,,"['RER/correspondances avec intitulé|C', ""Gare du musée d'Orsay|Musée d'Orsay""]",['Bus RATP/correspondances nombreuses avec intitulé|63|68|69|73|83|84|87|94'],['Noctilien/correspondances avec intitulé|N02'],,,['Régie autonome des transports parisiens|RATP'],,Paris/7e arrondissement de Paris,Solférino entrance.jpg,48.8582493546056,['Métro de Paris/correspondance|12'],,['Métro de Paris/correspondance|12'],,,,,2.3232248425483704,,['place Jacques-Bainville'],"['5 novembre dans les chemins de fer|5 novembre', '1910 dans les chemins de fer|1910']",Solférino<br /><small>''Musée d'Orsay''</small>,,['France'],,['Régie autonome des transports parisiens|RATP'],2.0,['e'],['Assemblée nationale (métro de Paris)|Assemblée nationale'],,,,,['Rue du Bac (métro de Paris)|Rue du Bac'],,,,,,,"[""Réseau express régional d'Île-de-France|RER""]",Bus,Noctilien,,,['Arrondissements de Paris|Arrondissement'],,['formatnum:2632023'],https://fr.wikipedia.org/w/index.php?title=Solf%C3%A9rino_(m%C3%A9tro_de_Paris)&action=raw,['Paris'],2.0,1.0
Stalingrad (métro de Paris),,,,,,,22-11,,['Bus RATP/correspondances avec intitulé|48|54'],['Noctilien/correspondances avec intitulé|N13|N41|N42|N45'],,,,RATP,,Ligne 2 du métro de Paris/Paris/19e arrondissement de Paris/10e arrondissement de Paris,Stalingrad (métro Paris) 5 quai Bobigny par Cramos.JPG,48.88426294845647,['Métro de Paris/correspondances|2|5|7'],,['Métro de Paris/correspondance|2'],['Métro de Paris/correspondance|5'],['Métro de Paris/correspondance|7'],,,2.3658236861228943,,Un quai de la ligne 5.,"['Métro de Paris/correspondance|2', 'Date|31|janvier|1903|dans les chemins de fer', 'Métro de Paris/correspondance|7', 'Date|5|novembre|1910|dans les chemins de fer', 'Métro de Paris/correspondance|5', 'Date|12|octobre|1942|dans les chemins de fer']",Stalingrad,,['France'],,['Régie autonome des transports parisiens|RATP'],6.0,"['e', 'e']",['La Chapelle (métro de Paris)|La Chapelle'],['Jaurès (métro de Paris)|Jaurès'],['Riquet (métro de Paris)|Riquet'],,,['Jaurès (métro de Paris)|Jaurès'],['Gare du Nord (métro de Paris)|Gare du Nord'],['Louis Blanc (métro de Paris)|Louis Blanc'],,,,,Bus RATP,Noctilien,,,,['Arrondissements de Paris|Arrondissement'],,['formatnum:7588899'],https://fr.wikipedia.org/w/index.php?title=Stalingrad_(m%C3%A9tro_de_Paris)&action=raw,['Paris'],6.0,1.0
Strasbourg - Saint-Denis (métro de Paris),,,,,,,1110.0,,['Bus RATP/correspondances nombreuses avec intitulé|20|38|39'],['Noctilien/correspondances avec intitulé|N13|N14'],,,,RATP,,Paris/10e arrondissement de Paris/3e arrondissement de Paris/2e arrondissement de Paris,Metro de Paris - Ligne 9 - Strasbourg - Saint-Denis 01.jpg,48.869591497765406,['Métro de Paris/correspondances|4|8|9'],,['Métro de Paris/correspondance|4'],['Métro de Paris/correspondance|8'],['Métro de Paris/correspondance|9'],,,2.3540085554122925,,"Quai de la ligne 9, direction ''Pont de Sèvres''.","['21 avril dans les chemins de fer|21 avril', '1908 dans les chemins de fer|1908', 'Métro de Paris/correspondances|4', '5 mai dans les chemins de fer|5 mai', '1931 dans les chemins de fer|1931', 'Métro de Paris/correspondances|8', '10 décembre dans les chemins de fer|10 décembre', '1933 dans les chemins de fer|1933', 'Métro de Paris/correspondances|9']",Strasbourg - Saint-Denis,,['France'],,['Régie autonome des transports parisiens|RATP'],6.0,"['e', 'e', 'e']","[""Château d'Eau (métro de Paris)|Château d'Eau""]",['Bonne-Nouvelle (métro de Paris)|Bonne-Nouvelle'],['Bonne-Nouvelle (métro de Paris)|Bonne-Nouvelle'],,,['Réaumur - Sébastopol (métro de Paris)|Réaumur - Sébastopol'],['République (métro de Paris)|République'],['République (métro de Paris)|République'],,,,,Bus,Noctilien,,,,['Arrondissements de Paris|Arrondissement'],,['formatnum:9751180'],https://fr.wikipedia.org/w/index.php?title=Strasbourg_-_Saint-Denis_(m%C3%A9tro_de_Paris)&action=raw,['Paris'],6.0,
Sully - Morland (métro de Paris),,,,,,,1208.0,,['Bus RATP/correspondances avec intitulé|67|72|86|87'],,,,,RATP,,Paris/4e arrondissement de Paris,Metro-Paris-Rame-MF77-ligne.jpg,48.85142483254237,['Métro de Paris/correspondance|7'],,['Métro de Paris/correspondance|7'],,,,,2.3618942499160767,,['MF 77'],['Date|3|juin|1930|dans les chemins de fer'],Sully - Morland,Pont Sully,['France'],,['Régie autonome des transports parisiens|RATP'],2.0,['e'],['Pont Marie (métro de Paris)|Pont Marie'],,,,,['Jussieu (métro de Paris)|Jussieu'],,,,,,,Bus RATP,,,,,['Arrondissements de Paris|Arrondissement'],,['formatnum:1575223'],https://fr.wikipedia.org/w/index.php?title=Sully_-_Morland_(m%C3%A9tro_de_Paris)&action=raw,['Paris'],2.0,1.0
Télégraphe (métro de Paris),,,,,,,23-15,,['Bus RATP/correspondances nombreuses avec intitulé|20|60'],['Noctilien/correspondances avec intitulé|N12|N23'],,,,['Régie autonome des transports parisiens|RATP'],,Paris/20e arrondissement de Paris/19e arrondissement de Paris,Télégraphe (Paris métro) quai Châtelet par Cramos.JPG,48.87546271130959,['Métro de Paris/correspondance|11'],,,,,,,2.3984339833259583,,"[""Châtelet (métro de Paris)|''Châtelet''""]","['28 avril dans les chemins de fer|28 avril', '1935 dans les chemins de fer|1935']",Télégraphe,,['France'],,['Régie autonome des transports parisiens|RATP'],2.0,"['e', 'e']",['Place des Fêtes (métro de Paris)|Place des Fêtes'],,,,,['Porte des Lilas (métro de Paris)|Porte des Lilas'],,,,,,,Bus,Noctilien,,,,['Arrondissements de Paris|Arrondissement'],,['formatnum:2506008'],https://fr.wikipedia.org/w/index.php?title=T%C3%A9l%C3%A9graphe_(m%C3%A9tro_de_Paris)&action=raw,['Paris'],2.0,1.0
Temple (métro de Paris),,,,,,,08-06,,['Bus RATP/correspondances avec intitulé|20|75'],['Noctilien/correspondances avec intitulé|N12|N23'],,,,RATP,,Paris/3e arrondissement de Paris,"Temple Metro, Paris.jpg",48.866488,['Métro de Paris/correspondance|3'],,['Métro de Paris/correspondance|3'],,,,,2.360595,,,['Date|19|octobre|1904|dans les chemins de fer'],Temple,,['France'],,['Régie autonome des transports parisiens|RATP'],2.0,['e'],['Arts et Métiers (métro de Paris)|Arts et Métiers'],,,,,['République (métro de Paris)|République'],,,,,,,Bus RATP,Noctilien,,,,['Arrondissements de Paris|Arrondissement'],,['formatnum:1207453'],https://fr.wikipedia.org/w/index.php?title=Temple_(m%C3%A9tro_de_Paris)&action=raw,['Paris'],2.0,1.0
Ternes (métro de Paris),,,,,,,1814.0,,['Bus RATP/correspondances avec intitulé|30|31|43|341'],,,,,RATP,,Ligne 2 du métro de Paris/Paris/17e arrondissement de Paris/8e arrondissement de Paris,Ternes - Travaux.JPG,48.878178,['Métro de Paris/correspondance|2'],,['Métro de Paris/correspondance|2'],,,,,2.298671,,La station Ternes en travaux en mars 2008.,['Date|7|octobre|1902|dans les chemins de fer'],Ternes,,['France'],,['Régie autonome des transports parisiens|RATP'],2.0,"['e', 'e']",['Charles de Gaulle - Étoile (métro de Paris)|Charles de Gaulle - Étoile'],,,,,['Courcelles (métro de Paris)|Courcelles'],,,,,,,Bus RATP,,,,,['Arrondissements de Paris|Arrondissement'],,['formatnum:3928660'],https://fr.wikipedia.org/w/index.php?title=Ternes_(m%C3%A9tro_de_Paris)&action=raw,['Paris'],2.0,1.0
Tolbiac (métro de Paris),,,,,,,1410.0,,"['Bus RATP/correspondances avec intitulé|47|62', 'Bus RATP/correspondances|Traverse Bièvre Montsouris']",,,,,RATP,,Paris/13e arrondissement de Paris,Metro 7 Tolbiac quais.JPG,48.826665,['Métro de Paris/correspondance|7'],,['Métro de Paris/correspondance|7'],,,,,2.357678,,La station au niveau des quais.,"['Date|7|mars|1930|dans les chemins de fer', 'Métro de Paris/correspondances|10', 'Date|26|avril|1931|dans les chemins de fer', 'Métro de Paris/correspondances|7']",Tolbiac,,['France'],,['Régie autonome des transports parisiens|RATP'],2.0,['e'],"[""Place d'Italie (métro de Paris)|Place d'Italie""]",,,,,['Maison Blanche (métro de Paris)|Maison Blanche'],,,,,,,Bus RATP,,,,,['Arrondissements de Paris|Arrondissement'],,['formatnum:3582639'],https://fr.wikipedia.org/w/index.php?title=Tolbiac_(m%C3%A9tro_de_Paris)&action=raw,['Paris'],2.0,1.0
Trinité - d'Estienne d'Orves (métro de Paris),,,,,,,31-08,,"['Bus RATP/correspondances avec intitulé|21|26|43|68', 'Bus RATP/correspondances|OpenTour']",['Noctilien/correspondances avec intitulé|N01'],,,,RATP,,Paris/9e arrondissement de Paris,Metro paris trinite d'estienne d'orves.jpg,48.876302407887714,['Métro de Paris/correspondance|12'],,['Métro de Paris/correspondance|12'],,,,,2.333197295665741,,Une des plaques de la station avant le décarrossage.,['Date|5|novembre|1910|dans les chemins de fer'],Trinité - d'Estienne d'Orves,,['France'],,['Régie autonome des transports parisiens|RATP'],2.0,['e'],['Notre-Dame-de-Lorette (métro de Paris)|Notre-Dame-de-Lorette'],,,,,['Saint-Lazare (métro de Paris)|Saint-Lazare'],,,,,,,Bus RATP,Noctilien,,,,['Arrondissements de Paris|Arrondissement'],,['Unité|1802492|voyageurs'],https://fr.wikipedia.org/w/index.php?title=Trinit%C3%A9_-_d%27Estienne_d%27Orves_(m%C3%A9tro_de_Paris)&action=raw,['Paris'],2.0,1.0
Trocadéro (métro de Paris),,,,,,,1715.0,,['Bus RATP/correspondances nombreuses avec intitulé|22|30|32|63'],['Noctilien/correspondances avec intitulé|N53'],['Bus Optile/correspondances avec intitulé|Le Bus Direct|1|2'],,,RATP,,Paris/16e arrondissement de Paris,Estación de Trocadero metro de París 1 2019.jpg,48.863301407600744,['Métro de Paris/correspondances|6|9'],,['Métro de Paris/correspondance|6'],['Métro de Paris/correspondance|9'],,,,2.2870606184005737,,Quais de la ligne 9.,"['Métro de Paris/correspondances|5', 'Métro de Paris/correspondances|6', 'Date|2 octobre 1900|dans les chemins de fer', 'Métro de Paris/correspondances|9', 'Date|8 novembre 1922|dans les chemins de fer']",Trocadéro,,['France'],,['Régie autonome des transports parisiens|RATP'],4.0,['e'],['Boissière (métro de Paris)|Boissière'],['Rue de la Pompe (métro de Paris)|Rue de la Pompe'],,,,['Passy (métro de Paris)|Passy'],['Iéna (métro de Paris)|Iéna'],,,,,,"[""Autobus d'Île-de-France|Bus""]",['Noctilien'],['Réseau de bus Le Bus Direct|Le Bus Direct'],,,['Arrondissements de Paris|Arrondissement'],,['formatnum:8973095'],https://fr.wikipedia.org/w/index.php?title=Trocad%C3%A9ro_(m%C3%A9tro_de_Paris)&action=raw,['Paris'],4.0,
Tuileries (métro de Paris),,,,,,,11-01,,['Bus RATP/correspondances avec intitulé|72'],['Noctilien/correspondances avec intitulé|N11|N24'],,,,RATP,,Paris/1er arrondissement de Paris,Metro tuileries2.jpg,48.8644970966975,['Métro de Paris/correspondance|1'],,['Métro de Paris/correspondance|1'],,,,,2.33031418026416,,Vue des quais depuis la crypte.,['date|19|juillet|1900|dans les chemins de fer'],Tuileries,,['France'],,['Régie autonome des transports parisiens|RATP'],2.0,['1er'],['Concorde (métro de Paris)|Concorde'],,,,,['Palais-Royal - Musée du Louvre (métro de Paris)|Palais-Royal - Musée du Louvre'],,,,,,,Bus,Noctilien,,,,['Arrondissements de Paris|Arrondissement'],,['formatnum:2616916'],https://fr.wikipedia.org/w/index.php?title=Tuileries_(m%C3%A9tro_de_Paris)&action=raw,['Paris'],2.0,1.0
Vaneau (métro de Paris),,,,,,,02-08,,['Bus RATP/correspondances avec intitulé|39|70|87'],,,,,['Régie autonome des transports parisiens|RATP'],,Paris/7e arrondissement de Paris/6e arrondissement de Paris,Métro Station Vaneau Paris 2.jpg,48.848811,['Métro de Paris/correspondance|10'],,,,,,,2.321205,,['rue de Sèvres'],"['30 décembre dans les chemins de fer|30 décembre', '1923 dans les chemins de fer|1923']",Vaneau,,['France'],,['Régie autonome des transports parisiens|RATP'],2.0,"['6e', '7e']",['Duroc (métro de Paris)|Duroc'],,,,,['Sèvres - Babylone (métro de Paris)|Sèvres - Babylone'],,,,,,,Bus,,,,,['Arrondissements de Paris|Arrondissement'],,['formatnum:964320'],https://fr.wikipedia.org/w/index.php?title=Vaneau_(m%C3%A9tro_de_Paris)&action=raw,['Paris'],2.0,
Varenne (métro de Paris),,,,,,,1012.0,,,,,,,['Régie autonome des transports parisiens|RATP'],,Paris/7e arrondissement de Paris,Station métro Varenne - IMG 3715.jpg,48.85623756738176,['Métro de Paris/correspondances|13'],,,,,,,2.314920723438263,,L'entrée de la station.,"['30 décembre dans les chemins de fer|30 décembre', '1923 dans les chemins de fer|1923', 'Métro de Paris/correspondances|10', '27 juillet dans les chemins de fer|27 juillet', '1937 dans les chemins de fer|1937', 'Métro de Paris/correspondances|ancienne 14', '9 novembre dans les chemins de fer|9 novembre', '1976 dans les chemins de fer|1976', 'Métro de Paris/correspondances|13']",Varenne,,['France'],,['Régie autonome des transports parisiens|RATP'],2.0,['e'],['Invalides (métro de Paris)|Invalides'],,,,,['Saint-François-Xavier (métro de Paris)|Saint-François-Xavier'],,,,,,,,,,,,['Arrondissements de Paris|Arrondissement'],,['formatnum:1538258'],https://fr.wikipedia.org/w/index.php?title=Varenne_(m%C3%A9tro_de_Paris)&action=raw,['Paris'],3.0,1.0
Vaugirard (métro de Paris),,,,,,,1604.0,,['Bus RATP/correspondances nombreuses avec intitulé|39|70|80|88'],['Noctilien/correspondances avec intitulé|N13|N62'],,,,['Régie autonome des transports parisiens|RATP'],,Paris/15e arrondissement de Paris,Paris 06 2012 line 12 Metro Vaugirard 3150.JPG,48.839649,['Métro de Paris/correspondance|12'],,['Métro de Paris/correspondance|12'],,,,,2.301491,['Unité|75|m'],['MF 67'],"['5 novembre dans les chemins de fer|5 novembre', '1910 dans les chemins de fer|1910']",Vaugirard<br /><small>''Adolphe Chérioux''</small>,,['France'],,['Régie autonome des transports parisiens|RATP'],2.0,['e'],['Volontaires (métro de Paris)|Volontaires'],,,,,['Convention (métro de Paris)|Convention'],,,,,,,Bus,Noctilien,,,,['Arrondissements de Paris|Arrondissement'],,['formatnum:3910263'],https://fr.wikipedia.org/w/index.php?title=Vaugirard_(m%C3%A9tro_de_Paris)&action=raw,['Paris'],2.0,1.0
Vavin (métro de Paris),,,,,,,407.0,,['Bus RATP/correspondances nombreuses avec intitulé|58|68|82|91'],['Noctilien/correspondances avec intitulé|N01|N02'],,,,['Régie autonome des transports parisiens|RATP'],,Paris/14e arrondissement de Paris/6e arrondissement de Paris,Vavin - MP 59.jpg,48.84223222941752,['Métro de Paris/correspondance|4'],,['Métro de Paris/correspondance|4'],,,,,2.328948676586151,,['MP 59'],"['9 janvier dans les chemins de fer|9 janvier', '1910 dans les chemins de fer|1910']",Vavin,,['France'],,['Régie autonome des transports parisiens|RATP'],2.0,"['e', 'e']",['Montparnasse - Bienvenüe (métro de Paris)|Montparnasse - Bienvenüe'],,,,,['Raspail (métro de Paris)|Raspail'],,,,,,,Bus,Noctilien,,,,['Arrondissements de Paris|Arrondissement'],,['formatnum:2212681'],https://fr.wikipedia.org/w/index.php?title=Vavin_(m%C3%A9tro_de_Paris)&action=raw,['Paris'],2.0,1.0
Victor Hugo (métro de Paris),,,,,,,1810.0,,['Bus RATP/correspondances avec intitulé|52|82'],,,,,RATP,,Ligne 2 du métro de Paris/Paris/16e arrondissement de Paris,Metro de Paris Victor Hugo entree.jpg,48.869817,['Métro de Paris/correspondance|2'],,['Métro de Paris/correspondance|2'],,,,,2.285199,,['édicule Guimard'],['Date|13|décembre|1900|dans les chemins de fer'],Victor Hugo,,['France'],,['Régie autonome des transports parisiens|RATP'],2.0,['e'],['Porte Dauphine (métro de Paris)|Porte Dauphine'],,,,,['Charles de Gaulle - Étoile (métro de Paris)|Charles de Gaulle - Étoile'],,,,,,,Bus RATP,,,,,['Arrondissements de Paris|Arrondissement'],,['formatnum:3908009'],https://fr.wikipedia.org/w/index.php?title=Victor_Hugo_(m%C3%A9tro_de_Paris)&action=raw,['Paris'],2.0,1.0
Villejuif - Léo Lagrange (métro de Paris),,,,,,,26-07,,['Bus RATP/correspondances avec intitulé|185|v7'],['Noctilien/correspondances avec intitulé|N15|N22'],,,,RATP,,Paris et la petite couronne,Ligne-7-Ville-juif-Leo-Lagr.jpg,48.8037684557526,['Métro de Paris/correspondance|7'],,['Métro de Paris/correspondance|7'],,,,,2.3639273643493652,,La station au niveau des quais.,['Date|28|février|1985|dans les chemins de fer'],Villejuif - Léo Lagrange,,['France'],,['Régie autonome des transports parisiens|RATP'],2.0,,['Le Kremlin-Bicêtre (métro de Paris)|Le Kremlin-Bicêtre'],,,,,['Villejuif - Paul Vaillant-Couturier (métro de Paris)|Villejuif - Paul Vaillant-Couturier'],,,,,,,Bus RATP,Noctilien,,,,,,['formatnum:2558494'],https://fr.wikipedia.org/w/index.php?title=Villejuif_-_L%C3%A9o_Lagrange_(m%C3%A9tro_de_Paris)&action=raw,['Villejuif'],2.0,2.0
Villejuif - Louis Aragon (métro de Paris),,,,['Philippe Gazeau'],['Nathalie Junod Ponsard'],,26-09,,"[""Tramway d'Île-de-France/correspondances avec intitulé|7""]","['Bus RATP/correspondances nombreuses avec intitulé|162|172|180|185', 'Bus RATP/correspondances|286|380|v7']",['Noctilien/correspondances avec intitulé|N15|N22'],,,RATP,,Paris et la petite couronne,VillejuifAragon.JPG,48.787175476521305,['Métro de Paris/correspondance|7'],,['Métro de Paris/correspondance|7'],['Métro de Paris/correspondance|15'],,,,2.3675644397735596,,Les quais de la station Villejuif - Louis Aragon.,['Date|28|février|1985|dans les chemins de fer'],Villejuif - Louis Aragon,,['France'],,['Régie autonome des transports parisiens|RATP'],2.0,,['Villejuif - Paul Vaillant-Couturier (métro de Paris)|Villejuif - Paul Vaillant-Couturier'],['Villejuif - Institut Gustave-Roussy (métro de Paris)|Villejuif - Institut Gustave-Roussy'],,,,'''Terminus''',['Vitry Centre (métro de Paris)|Vitry Centre'],,,,,,Tramway,Bus RATP,Noctilien,,,,,['Unité|7479307|voyageurs'],https://fr.wikipedia.org/w/index.php?title=Villejuif_-_Louis_Aragon_(m%C3%A9tro_de_Paris)&action=raw,['Villejuif'],2.0,3.0
Villejuif - Paul Vaillant-Couturier (métro de Paris),,,,,,,26-08,,['Bus RATP/correspondances avec intitulé|162|185|v7'],['Noctilien/correspondances avec intitulé|N15|N22'],,,,RATP,,Paris et la petite couronne,Ligne7-PVC-rame part nord.jpg,48.795991235303404,['Métro de Paris/correspondance|7'],,['Métro de Paris/correspondance|7'],,,,,2.368248403072357,,"['MF 77', 'La Courneuve - 8 Mai 1945 (métro de Paris)|La Courneuve - 8 Mai 1945']",['Date|28|février|1985|dans les chemins de fer'],Villejuif - Paul Vaillant-Couturier<br /><small>''Hôpital Paul Brousse''</small>,,['France'],,['Régie autonome des transports parisiens|RATP'],2.0,,['Villejuif - Léo Lagrange (métro de Paris)|Villejuif - Léo Lagrange'],,,,,['Villejuif - Louis Aragon (métro de Paris)|Villejuif - Louis Aragon'],,,,,,,Bus RATP,Noctilien,,,,,,['formatnum:2261934'],https://fr.wikipedia.org/w/index.php?title=Villejuif_-_Paul_Vaillant-Couturier_(m%C3%A9tro_de_Paris)&action=raw,['Villejuif'],2.0,3.0
Villiers (métro de Paris),,,,,,,603.0,,['Bus RATP/correspondances nombreuses avec intitulé|20|30|93'],['Noctilien/correspondances avec intitulé|N16|N52'],,,,RATP,,Paris/17e arrondissement de Paris/8e arrondissement de Paris,Metro de Paris - Ligne 3 - Villiers 03.jpg,48.881130389686575,['Métro de Paris/correspondances|2|3'],,['Métro de Paris/correspondance|2'],['Métro de Paris/correspondance|3'],,,,2.314867079257965,,['Ligne 3 du métro de Paris|ligne 3'],"['Date|21|janvier|1903|dans les chemins de fer', 'Métro de Paris/correspondance|2', 'Date|19|octobre|1904|dans les chemins de fer', 'Métro de Paris/correspondance|3']",Villiers,Avenue de Villiers,['France'],,['Régie autonome des transports parisiens|RATP'],4.0,"['e', 'e']",['Monceau (métro de Paris)|Monceau'],['Malesherbes (métro de Paris)|Malesherbes'],,,,['Rome (métro de Paris)|Rome'],['Europe (métro de Paris)|Europe'],,,,,,Bus RATP,Noctilien,,,,['Arrondissements de Paris|Arrondissement'],,['formatnum:6309746'],https://fr.wikipedia.org/w/index.php?title=Villiers_(m%C3%A9tro_de_Paris)&action=raw,['Paris'],4.0,1.0
Volontaires (métro de Paris),,,,,,,16-03,,['Bus RATP/correspondances nombreuses avec intitulé|39|70|89'],['Noctilien/correspondances avec intitulé|N13|N62'],,,,['Régie autonome des transports parisiens|RATP'],,Paris/15e arrondissement de Paris,Volontaires rénovée quai Issy par Cramos.JPG,48.84134253310685,['Métro de Paris/correspondance|12'],,['Métro de Paris/correspondance|12'],,,,,2.307504415512085,['Unité|75|m'],['Société du chemin de fer électrique souterrain Nord-Sud de Paris|Nord-Sud'],"['5 novembre dans les chemins de fer|5 novembre', '1910 dans les chemins de fer|1910']",Volontaires,,['France'],,['Régie autonome des transports parisiens|RATP'],2.0,['e'],['Pasteur (métro de Paris)|Pasteur'],,,,,['Vaugirard (métro de Paris)|Vaugirard'],,,,,,,Bus,Noctilien,,,,['Arrondissements de Paris|Arrondissement'],,['formatnum:2511126'],https://fr.wikipedia.org/w/index.php?title=Volontaires_(m%C3%A9tro_de_Paris)&action=raw,['Paris'],2.0,1.0
Voltaire (métro de Paris),,,,,,,24-01,,['Bus RATP/correspondances nombreuses avec intitulé|46|56|61|69'],['Noctilien/correspondances avec intitulé|N16|N34'],,,,['Régie autonome des transports parisiens|RATP'],,Paris/11e arrondissement de Paris,Metro de Paris - Ligne 9 - Voltaire 01.jpg,48.857802886000655,['Métro de Paris/correspondance|9'],,['Métro de Paris/correspondance|9'],,,,,2.3801064491271973,,Vue d'ensemble des quais.,['date|10|décembre|1933|dans les chemins de fer'],Voltaire<br /><small>''Léon Blum''</small>,,['France'],,['Régie autonome des transports parisiens|RATP'],2.0,['e'],['Saint-Ambroise (métro de Paris)|Saint-Ambroise'],,,,,['Charonne (métro de Paris)|Charonne'],,,,,,,Bus,Noctilien,,,,['Arrondissements de Paris|Arrondissement'],,['formatnum:5341865'],https://fr.wikipedia.org/w/index.php?title=Voltaire_(m%C3%A9tro_de_Paris)&action=raw,['Paris'],2.0,
Wagram (métro de Paris),,,,,,,3004.0,,['Bus RATP/correspondances avec intitulé|31|93'],['Noctilien/correspondances avec intitulé|N16|N52'],,,,RATP,,Paris/17e arrondissement de Paris,Metro de Paris - Ligne 3 - Wagram 01.jpg,48.884057,['Métro de Paris/correspondance|3'],,['Métro de Paris/correspondance|3'],,,,,2.303668,,"[""Pont de Levallois - Bécon (métro de Paris)|''Pont de Levallois - Bécon''""]",['Date|23|mai|1910|dans les chemins de fer'],Wagram,,['France'],,['Régie autonome des transports parisiens|RATP'],2.0,['e'],['Pereire (métro de Paris)|Pereire'],,,,,['Malesherbes (métro de Paris)|Malesherbes'],,,,,,,Bus RATP,Noctilien,,,,['Arrondissements de Paris|Arrondissement'],,['formatnum:2617716'],https://fr.wikipedia.org/w/index.php?title=Wagram_(m%C3%A9tro_de_Paris)&action=raw,['Paris'],2.0,1.0
Arsenal (métro de Paris),,,,,,,Non,,,,,,,RATP,['Date|2 septembre 1939|dans les chemins de fer'],Paris/4e arrondissement de Paris,,48.849042,['Métro de Paris/correspondance|5'],,['Métro de Paris/correspondance|5'],,,,,2.366642,,,['Date|17 décembre 1906|dans les chemins de fer'],Arsenal,,['France'],,['Régie autonome des transports parisiens|RATP'],,['e'],['Bastille (métro de Paris)|Bastille'],,,,,['Quai de la Rapée (métro de Paris)|Quai de la Rapée'],,,,,,,,,,,,['Arrondissements de Paris|Arrondissement'],,,https://fr.wikipedia.org/w/index.php?title=Arsenal_(m%C3%A9tro_de_Paris)&action=raw,['Paris'],,
Champ de Mars (métro de Paris),,,,,,,Non,,,,,,,['Régie autonome des transports parisiens|RATP'],"['2 septembre dans les chemins de fer|2 septembre', '1939 dans les chemins de fer|1939']",Paris/7e arrondissement de Paris,,48.85185547379466,['Métro de Paris/correspondance|8'],,['Métro de Paris/correspondance|8'],,,,,2.3018798232078552,,,"['13 juillet dans les chemins de fer|13\xa0juillet', '1913 dans les chemins de fer|1913']",Champ de Mars,,['France'],,['Régie autonome des transports parisiens|RATP'],2.0,['e'],['La Motte-Picquet - Grenelle (métro de Paris)|La Motte-Picquet - Grenelle'],,,,,['École Militaire (métro de Paris)|École Militaire'],,,,,,,,,,,,['Arrondissements de Paris|Arrondissement'],,,https://fr.wikipedia.org/w/index.php?title=Champ_de_Mars_(m%C3%A9tro_de_Paris)&action=raw,['Paris'],,1.0
Saint-Martin (métro de Paris),,,,,,,Non,,,,,,,RATP,['Date|2|septembre|1939|dans les chemins de fer'],Paris/10e arrondissement de Paris/3e arrondissement de Paris,Entrée Saint Martin.jpeg,48.86844,['Métro de Paris/correspondances|8|9'],,['Métro de Paris/correspondance|8'],['Métro de Paris/correspondance|9'],,,,2.358661,,"['boulevard Saint-Martin', 'rue René-Boulanger']","['Date|5|mai|1931|dans les chemins de fer', 'Métro de Paris/correspondance|8', 'Date|10|décembre|1933|dans les chemins de fer', 'Métro de Paris/correspondance|9']",Saint-Martin,,['France'],,['Régie autonome des transports parisiens|RATP'],,"['e', 'e']",['Strasbourg - Saint-Denis (métro de Paris)|Strasbourg - Saint-Denis'],['Strasbourg - Saint-Denis (métro de Paris)|Strasbourg - Saint-Denis'],,,,['République (métro de Paris)|République'],['République (métro de Paris)|République'],,,,,,,,,,,['Arrondissements de Paris|Arrondissement'],,,https://fr.wikipedia.org/w/index.php?title=Saint-Martin_(m%C3%A9tro_de_Paris)&action=raw,['Paris'],,1.0
Croix-Rouge (métro de Paris),,,,,,,Non,,,,,,,['Régie autonome des transports parisiens|RATP'],"['2 septembre dans les chemins de fer|2 septembre', '1939 dans les chemins de fer|1939']",Paris/6e arrondissement de Paris,Croix Rouge.jpg,48.85189430192224,['Métro de Paris/correspondance|10'],,['Métro de Paris/correspondance|10'],,,,,2.329503893852234,,"['MF 67', 'Journées européennes du patrimoine|Journées du patrimoine', 'Date-|17 septembre 2006']","['30 décembre dans les chemins de fer|30 décembre', '1923 dans les chemins de fer|1923']",Croix-Rouge,,['France'],,['Régie autonome des transports parisiens|RATP'],,['e'],['Sèvres - Babylone (métro de Paris)|Sèvres - Babylone'],,,,,['Mabillon (métro de Paris)|Mabillon'],,,,,,,,,,,,['Arrondissements de Paris|Arrondissement'],,,https://fr.wikipedia.org/w/index.php?title=Croix-Rouge_(m%C3%A9tro_de_Paris)&action=raw,['Paris'],,1.0
Haxo (métro de Paris),,,,,,Aucune,non,['1921 dans les chemins de fer|1921'],,,,,,['Régie autonome des transports parisiens|RATP'],Jamais ouverte,Paris,Haxo station fantome.jpg,48.8787,Aucune,,,,,,,2.40164,,Vue d'ensemble sur la station fantôme,,Haxo,,['France'],,['Régie autonome des transports parisiens|RATP'],,['e'],,,,,,,,,,,,,,,,,,['Arrondissements de Paris|Arrondissement'],,,https://fr.wikipedia.org/w/index.php?title=Haxo_(m%C3%A9tro_de_Paris)&action=raw,['Paris'],,
Porte Molitor (métro de Paris),,,,,,,absent,Construite en 1923,,,,,,['Régie autonome des transports parisiens|RATP'],,Paris,Porte Molitor2.jpg,48.842982457079444,Jamais ouverte,,,,,,,2.2563359141349792,,"Photo de l’intérieur de la station,<br />où l’on note l’absence de sortie.",,Porte Molitor,,['France'],,['Régie autonome des transports parisiens|RATP'],1.0,['e'],,,,,,,,,,,,,,,,,,['Arrondissements de Paris|Arrondissement'],,,https://fr.wikipedia.org/w/index.php?title=Porte_Molitor_(m%C3%A9tro_de_Paris)&action=raw,['Paris'],2.0,
Gare du Nord USFRT (métro de Paris),,,,,,,non,,,,,,,['Régie autonome des transports parisiens|RATP'],"['12 octobre dans les chemins de fer|12 octobre', '1942 dans les chemins de fer|1942']",Paris,Gare du Nord USFRT patrimoine.jpg,48.879287097593966,['Métro de Paris/correspondance|5'],,,,,,,2.354367971420288,,['Journées européennes du patrimoine|journées du patrimoine'],"['15 novembre dans les chemins de fer|15 novembre', '1907 dans les chemins de fer|1907']",Gare du Nord USFRT,,['France'],,['Régie autonome des transports parisiens|RATP'],,['e'],,,,,,,,,,,,,,,,,,['Arrondissements de Paris|Arrondissement'],,,https://fr.wikipedia.org/w/index.php?title=Gare_du_Nord_USFRT_(m%C3%A9tro_de_Paris)&action=raw,['Paris'],,
Martin Nadaud (métro de Paris),,,,,,,non,,,,,,,['Régie autonome des transports parisiens|RATP'],"['23 août dans les chemins de fer|23 août', '1969 dans les chemins de fer|1969']",Paris,,48.864898265538066,['Métro de Paris/correspondance|3'],,,,,,,2.398120164871216,,,"['25 janvier dans les chemins de fer|25 janvier', '1905 dans les chemins de fer|1905']",Martin Nadaud,,['France'],,['Régie autonome des transports parisiens|RATP'],2.0,['e'],,,,,,,,,,,,,,,,,,['Arrondissements de Paris|Arrondissement'],,,https://fr.wikipedia.org/w/index.php?title=Martin_Nadaud_(m%C3%A9tro_de_Paris)&action=raw,['Paris'],2.0,
Barbara (métro de Paris),,,,['Finn Geipel'],,,,,['Bus RATP/correspondances avec intitulé|128|323'],,,,,RATP,,Paris et la petite couronne,,48.8092,['Métro de Paris/correspondance|4'],,['Métro de Paris/correspondance|4'],,,,,2.31766944,,,['2021'],Barbara,,['France'],-20 m,['Régie autonome des transports parisiens|RATP'],,,['Mairie de Montrouge (métro de Paris)|Mairie de Montrouge'],,,,,['Bagneux - Lucie Aubrac (métro de Paris)|Bagneux - Lucie Aubrac'],,,,,,,Bus,,,,,,,,https://fr.wikipedia.org/w/index.php?title=Barbara_(m%C3%A9tro_de_Paris)&action=raw,"['Montrouge', 'Bagneux (Hauts-de-Seine)|Bagneux']",,
Bagneux - Lucie Aubrac (métro de Paris),,,,"['Finn Geipel', 'Marc Barani']",Tatiana Trouvé<br /><small>(station de la ligne 15)</small>,,GA19 / 19BAG,,['Bus RATP/correspondances avec intitulé|162|187|188|197|388'],,,,,RATP,,Paris et la petite couronne,,48.80266077900825,['Métro de Paris/correspondances avec intitulé|4|15'],,['Métro de Paris/correspondance|4'],['Métro de Paris/correspondance|15'],,,,2.3173561692237854,,,['2021'],Bagneux - Lucie Aubrac,,['France'],"['Métro de Paris/correspondance|4', 'Métro de Paris/correspondance|15']","['Régie autonome des transports parisiens|RATP', 'Société du Grand Paris|SGP']",,,['Barbara (métro de Paris)|Barbara'],['Châtillon - Montrouge (métro de Paris)|Châtillon - Montrouge'],,,,'''Terminus''',['Arcueil - Cachan (métro de Paris)|Arcueil - Cachan'],,,,,,Bus,,,,,,,,https://fr.wikipedia.org/w/index.php?title=Bagneux_-_Lucie_Aubrac_(m%C3%A9tro_de_Paris)&action=raw,['Bagneux (Hauts-de-Seine)|Bagneux'],,2.0
Aimé Césaire (métro de Paris),,,,,,,non défini,,,,,,,RATP,,Paris et la petite couronne,Aimé Césaire métro - chantier 6.jpg,48.908316787275645,['Métro de Paris/correspondance|12'],,['Métro de Paris/correspondance|12'],,,,,2.378019690513611,,Vue du tunnel arrivant à la station en chantier (novembre 2017).,"décembre 2021 <small>(prévision)</small><ref name=""délai 2021""/>",Aimé Césaire,,['France'],-29 m,['Régie autonome des transports parisiens|RATP'],,,"[""Mairie d'Aubervilliers (métro de Paris)|Mairie d'Aubervilliers""]",,,,,['Front Populaire (métro de Paris)|Front Populaire'],,,,,,,,,,,,,,,https://fr.wikipedia.org/w/index.php?title=Aim%C3%A9_C%C3%A9saire_(m%C3%A9tro_de_Paris)&action=raw,['Aubervilliers'],,
Mairie d'Aubervilliers (métro de Paris),,,,,,,GA65 / 65MAU,,,,,,,RATP,,Paris et la petite couronne,Métro Mairie Aubervilliers travaux - Aubervilliers.jpg,48.913829147791354,['Métro de Paris/correspondances avec intitulé|12|15'],,['Métro de Paris/correspondance|12'],['Métro de Paris/correspondance|15'],,,,2.3806509375572205,,['Avenue Victor-Hugo (Aubervilliers)|avenue Victor-Hugo'],"Décembre 2021 <small>(prévision)</small><ref name=""délai 2021""/>",Mairie d'Aubervilliers,,['France'],"['Métro de Paris/correspondance|12', 'Métro de Paris/correspondance|15']",['Régie autonome des transports parisiens|RATP'],,,'''Terminus''',['Gare de La Plaine - Stade de France|Stade de France'],,,,['Aimé Césaire (métro de Paris)|Aimé Césaire'],"[""Fort d'Aubervilliers (métro de Paris)|Fort d'Aubervilliers""]",,,,,,,,,,,,,,https://fr.wikipedia.org/w/index.php?title=Mairie_d%27Aubervilliers_(m%C3%A9tro_de_Paris)&action=raw,['Aubervilliers'],,
Serge Gainsbourg (métro de Paris),,,,,,,Non,,,,,,,['Régie autonome des transports parisiens|RATP'],,Paris,Chantier Station Métro Serge Gainsbourg Ligne 11 Lilas 3.jpg,48.88136,['Métro de Paris/correspondance|11'],,['Métro de Paris/correspondance|11'],,,,,2.42743,,Chantier à l'emplacement de la future station.,"['2022', '2023|23']",Serge Gainsbourg,,['France'],,['Régie autonome des transports parisiens|RATP'],,,['Mairie des Lilas (métro de Paris)|Mairie des Lilas'],,,,,['Place Carnot (métro de Paris)|Place Carnot'],,,,,,,,,,,,,,,https://fr.wikipedia.org/w/index.php?title=Serge_Gainsbourg_(m%C3%A9tro_de_Paris)&action=raw,['Les Lilas'],,
Place Carnot (métro de Paris),,,,,,,non,,"[""tramway d'Île-de-France/correspondances avec intitulé|1""]",['Bus RATP/correspondances avec intitulé|105|129|318|322'],,,,['Régie autonome des transports parisiens|RATP'],,Paris et la petite couronne,Chantier Construction Station Métro Place Carnot Romainville 12.jpg,48.88317,['Métro de Paris/correspondances avec intitulé|11'],,['Métro de Paris/correspondance|11'],,,,,2.44052,,Chantier de construction de la station.,"['2022', '2023|23']",Place Carnot,,['France'],,['Régie autonome des transports parisiens|RATP'],,,['Serge Gainsbourg (métro de Paris)|Serge Gainsbourg'],,,,,['Montreuil - Hôpital (métro de Paris)|Montreuil - Hôpital'],,,,,,,Tramway,Bus,,,,,,,https://fr.wikipedia.org/w/index.php?title=Place_Carnot_(m%C3%A9tro_de_Paris)&action=raw,['Romainville'],,
Montreuil - Hôpital (métro de Paris),,,,,,,non,,['Bus RATP/correspondances avec intitulé|129|301|545'],,,,,['Régie autonome des transports parisiens|RATP'],,Paris et la petite couronne,Chantier Station Métro Montreuil Hôpital Ligne 11 Montreuil Seine St Denis 6.jpg,48.8783,['Métro de Paris/correspondances avec intitulé|9|11'],,['Métro de Paris/correspondance|9'],['Métro de Paris/correspondance|11'],,,,2.45456,,Chantier sur l'emplacement de la future station.,"['2022', '2023|23']",Montreuil - Hôpital,,['France'],,['Régie autonome des transports parisiens|RATP'],,,['Aristide Briand (métro de Paris)|Aristide Briand'],['Place Carnot (métro de Paris)|Place Carnot'],,,,'''Terminus''',['La Dhuys (métro de Paris)|La Dhuys'],,,,,,Bus,,,,,,,,https://fr.wikipedia.org/w/index.php?title=Montreuil_-_H%C3%B4pital_(m%C3%A9tro_de_Paris)&action=raw,"['Montreuil (Seine-Saint-Denis)|Montreuil', 'Noisy-le-Sec']",,
La Dhuys (métro de Paris),,,,,,,non,,['Bus RATP/correspondances avec intitulé|102|129|301|545'],,,,,['Régie autonome des transports parisiens|RATP'],,Paris et la petite couronne,Chantier Construction Station Métro Dhuys Rosny Bois 6.jpg,48.87811,['Métro de Paris/correspondance|11'],,['Métro de Paris/correspondance|11'],,,,,2.46549,,Chantier sur l'emplacement de la future station.,"['2022', '2023|23']",La Dhuys,,['France'],,['Régie autonome des transports parisiens|RATP'],,,['Montreuil - Hôpital (métro de Paris)|Montreuil - Hôpital'],,,,,['Coteaux Beauclair (métro de Paris)|Coteaux Beauclair'],,,,,,,Bus,,,,,,,,https://fr.wikipedia.org/w/index.php?title=La_Dhuys_(m%C3%A9tro_de_Paris)&action=raw,"['Montreuil (Seine-Saint-Denis)|Montreuil', 'Rosny-sous-Bois', 'Seine-Saint-Denis']",,
Coteaux Beauclair (métro de Paris),,,,,,,non,,['Bus RATP/correspondances avec intitulé|102|545'],,,,,['Régie autonome des transports parisiens|RATP'],,Paris et la petite couronne,Chantier Construction Station Métro Coteaux Beauclair Rosny Bois 7.jpg,48.88224,['Métro de Paris/correspondance|11'],,['Métro de Paris/correspondance|11'],,,,,2.46735,,Chantier sur l'emplacement de la future station.,"['2022', '2023|23']",Coteaux Beauclair,,['France'],,['Régie autonome des transports parisiens|RATP'],,,['La Dhuys (métro de Paris)|La Dhuys'],,,,,['Rosny-Bois-Perrier (métro de Paris)|Rosny-Bois-Perrier'],,,,,,,Bus,,,,,,,,https://fr.wikipedia.org/w/index.php?title=Coteaux_Beauclair_(m%C3%A9tro_de_Paris)&action=raw,"['Rosny-sous-Bois', 'Noisy-le-Sec', 'Seine-Saint-Denis']",,
Rosny-Bois-Perrier (métro de Paris),,,,,,,GA71 / 71RBP,,['RER/correspondances avec intitulé|E'],"['Bus RATP/correspondances avec intitulé|102|116|121|143|145', 'Bus RATP/correspondances|221|346']",['Noctilien/correspondances avec intitulé|N142'],,,['Régie autonome des transports parisiens|RATP'],,Paris et la petite couronne,Chantier Station Métro Ligne 11 Rosny Bois Perrier Rosny Bois 2.jpg,48.88242,['Métro de Paris/correspondances avec intitulé|11|15'],,['Métro de Paris/correspondance|11'],['Métro de Paris/correspondance|15'],,,,2.48083,,Bâtiment de la station en construction en février 2020.,"['2022', '2023|23']",Rosny-Bois-Perrier,,['France'],,['Régie autonome des transports parisiens|RATP'],,,['Coteaux Beauclair (métro de Paris)|Coteaux Beauclair'],['Gare de Bondy|Bondy'],,,,'''Terminus''',['Gare du Val de Fontenay|Val de Fontenay'],,,,,,RER,Bus,Noctilien,,,,,,https://fr.wikipedia.org/w/index.php?title=Rosny-Bois-Perrier_(m%C3%A9tro_de_Paris)&action=raw,"['Rosny-sous-Bois', 'Seine-Saint-Denis']",,
Pont-Cardinet (métro de Paris),,,,,,,GA60 / 60PCA,,['Transilien/correspondances avec intitulé|L'],['Bus RATP/correspondances avec intitulé|28|31|66|94|163'],['Noctilien/correspondances avec intitulé|N154'],,,RATP,,Paris/17e arrondissement de Paris,Accès métro Pont-Cardinet-2017.JPG,48.8895194,['Métro de Paris/correspondances avec intitulé|14'],,['Métro de Paris/correspondance|14'],,,,,2.31530278,,['rue Cardinet'],Eté 2020,Pont-Cardinet,,['France'],,['Régie autonome des transports parisiens|RATP'],,['e'],['Porte de Clichy (métro de Paris)|Porte de Clichy'],,,,,['Saint-Lazare (métro de Paris)|Saint-Lazare'],,,,,,,Transilien,Bus,Noctilien,,,Arrondissement,,,https://fr.wikipedia.org/w/index.php?title=Pont-Cardinet_(m%C3%A9tro_de_Paris)&action=raw,['Paris'],,
Saint-Ouen (métro de Paris),,,,,,,GA62 / 62STO,,['RER/correspondances avec intitulé|C'],['Bus RATP/correspondances avec intitulé|66|173|174|274|341'],,,,['Régie autonome des transports parisiens|RATP'],,Paris et la petite couronne,Gare de Saint-Ouen 01.jpg,48.9044972,['Métro de Paris/correspondances avec intitulé|14'],,['Métro de Paris/correspondance|14'],,,,,2.32180556,,['Boulevard Victor-Hugo (Saint-Ouen-sur-Seine)|boulevard Victor-Hugo'],Eté 2020,Saint-Ouen,,['France'],,['Régie autonome des transports parisiens|RATP'],,,['Mairie de Saint-Ouen (métro de Paris)|Mairie de Saint-Ouen'],,,,,['Porte de Clichy (métro de Paris)|Porte de Clichy'],,,,,,,RER,Bus,,,,,,,https://fr.wikipedia.org/w/index.php?title=Saint-Ouen_(m%C3%A9tro_de_Paris)&action=raw,"['Saint-Ouen-sur-Seine', 'Clichy']",,
Aristide Briand (métro de Paris),,,,,,,non,,"[""Tramway d'Île-de-France/correspondances avec intitulé|1""]",['Bus RATP/correspondances avec intitulé|129'],,,,['Régie autonome des transports parisiens|RATP'],,Paris et la petite couronne/Seine-Saint-Denis,,48.86976792648218,['Métro de Paris/correspondances avec intitulé|9'],,['Métro de Paris/correspondance|9'],,,,,2.4496829509735107,,,['2025'],Aristide Briand,,['France'],,['Régie autonome des transports parisiens|RATP'],,,['Mairie de Montreuil (métro de Paris)|Mairie de Montreuil'],,,,,['Montreuil - Hôpital (métro de Paris)|Montreuil - Hôpital'],,,,,,,Tramway,Bus,,,,,,,https://fr.wikipedia.org/w/index.php?title=Aristide_Briand_(m%C3%A9tro_de_Paris)&action=raw,['Montreuil (Seine-Saint-Denis)|Montreuil'],,
Port de Gennevilliers (métro de Paris),,,,,,,,,,,,,,,,Paris et la petite couronne,,48.937960377797765,['Métro de Paris/correspondance|13'],,,,,,,2.2782790660858154,,,,Port de Gennevilliers,,['France'],,,,,,,,,,,,,,,,,,,,,,,,,https://fr.wikipedia.org/w/index.php?title=Port_de_Gennevilliers_(m%C3%A9tro_de_Paris)&action=raw,['Gennevilliers'],,
Saint-Denis Pleyel (métro de Paris),,,,['Kengo Kuma'],['Stromae'],,GA33 / 33SDP,,['RER/correspondances avec intitulé|D'],,,,,['Régie autonome des transports parisiens|RATP'],,Paris et la petite couronne,,48.9175972,['Métro de Paris/correspondances avec intitulé|14|15|16|17'],,['Métro de Paris/correspondance|14'],['Métro de Paris/correspondance|15'],['Métro de Paris/correspondance|16'],['Métro de Paris/correspondance|17'],,2.34667222,,,['2024'],Saint-Denis Pleyel,,['France'],-28 m,['Société du Grand Paris|SGP'],,,['Mairie de Saint-Ouen (métro de Paris)|Mairie de Saint-Ouen'],['Gare des Grésillons|Les Grésillons'],'''Terminus''',['Gare des Grésillons|Les Grésillons'],,'''Terminus''',['Gare de La Plaine - Stade de France|Stade de France'],['La Courneuve - Six Routes (métro de Paris)|La Courneuve — Six Routes'],['La Courneuve - Six Routes (métro de Paris)|La Courneuve — Six Routes'],,,,RER,,,,,,,,https://fr.wikipedia.org/w/index.php?title=Saint-Denis_Pleyel_(m%C3%A9tro_de_Paris)&action=raw,['Saint-Denis (Seine-Saint-Denis)|Saint-Denis'],,
Noisy - Champs (métro de Paris),,,,['Jean-Marie Duthilleul'],,,GA08 / 08NCH,,['RER/correspondances avec intitulé|A'],['Bus RATP/correspondances avec intitulé|212|213|310|312|320'],['Noctilien/correspondances avec intitulé|N130'],,,['Île-de-France Mobilités|IDFM'],,Paris et la petite couronne,Chantier Métro ligne 16 Champs Marne 7.jpg,48.8429,['Métro de Paris/correspondances avec intitulé|11|15|16'],,,['Métro de Paris/correspondance|11'],['Métro de Paris/correspondance|15'],['Métro de Paris/correspondance|16'],,2.58,,Chantier de l’arrière-gare de la station en 2017.,['2025'],Noisy - Champs,,['France'],"['Unité|13.5|m', 'Métro de Paris/correspondance|15', 'Métro de Paris/correspondance|16']",['Société du Grand Paris|SGP'],,,,Neuilly-Hôpitaux,['Bry-Villiers-Champigny (métro de Paris)|Bry-Villiers-Champigny'],['Chelles (métro de Paris)|Chelles'],,,Terminus,Terminus,Terminus,,,,RER,Bus,Noctilien,,,,,,https://fr.wikipedia.org/w/index.php?title=Noisy_-_Champs_(m%C3%A9tro_de_Paris)&action=raw,"['Noisy-le-Grand', 'Champs-sur-Marne']",,
Villejuif - Institut Gustave-Roussy (métro de Paris),,,,['Dominique Perrault'],Iván Navarro,,GA17 / 17IGR,,,,,,,,,Paris et la petite couronne,,48.79329,['Métro de Paris/correspondances avec intitulé|14|15'],,['Métro de Paris/correspondance|14'],['Métro de Paris/correspondance|15'],,,,2.34926,,,['2024'],Villejuif - Institut Gustave-Roussy,,['France'],"['Unité|36.7|m', 'Métro de Paris/correspondance|14', 'Unité|48.8|m', 'Métro de Paris/correspondance|15']",['Société du Grand Paris|SGP'],,,['Kremlin-Bicêtre Hôpital (métro de Paris)|Kremlin-Bicêtre Hôpital'],['Arcueil - Cachan (métro de Paris)|Arcueil - Cachan'],,,,['Chevilly Trois communes (métro de Paris)|Chevilly Trois communes'],['Villejuif - Louis Aragon (métro de Paris)|Villejuif - Louis Aragon'],,,,,,,,,,,,,,https://fr.wikipedia.org/w/index.php?title=Villejuif_-_Institut_Gustave-Roussy_(m%C3%A9tro_de_Paris)&action=raw,['Villejuif'],,
Aéroport d'Orly (métro de Paris),,,,Bernard Baret,,,GA46 / 46ORY,,"[""Tramway d'Île-de-France/correspondances avec intitulé|7"", ""Tramway d'Île-de-France/correspondances avec intitulé|9""]",['Bus RATP/correspondances nombreuses avec intitulé|183|393|Orlybus'],"['Bus Optile/correspondances avec intitulé|Albatrans|91.10', 'Bus Optile/correspondances avec intitulé|Seine Sénart|191.100', 'Bus Optile/correspondances avec intitulé|Le Bus Direct|1|3', 'Bus autres/correspondances avec intitulé|GO C Paris', 'Bus autres/correspondances avec intitulé|Magical Shuttle|Orly']","['Orlyval/correspondance', 'Orly 4 (Orlyval)|Orly 4']",,,,Essonne,,48.72551,['Métro de Paris/correspondances|14|18'],,['Métro de Paris/correspondance|14'],['Métro de Paris/correspondance|18'],,,,2.359443,,,['2024'],Aéroport d'Orly,,['France'],,['Société du Grand Paris|SGP'],,,['Pont de Rungis (métro de Paris)|Pont de Rungis'],Antonypôle,,,,'''Terminus''','''Terminus''',,,,,,Tramway,Bus RATP,Autobus d'Île-de-France,VAL,,,,,https://fr.wikipedia.org/w/index.php?title=A%C3%A9roport_d%27Orly_(m%C3%A9tro_de_Paris)&action=raw,['Paray-Vieille-Poste'],,
Le Bourget RER (métro de Paris),,,,['Elizabeth de Portzamparc'],['Jeppe Hein'],,GA01 / 01LBG,,['RER/correspondances avec intitulé|B'],"[""tramway d'Île-de-France/correspondances avec intitulé|11""]","['Bus RATP/correspondances avec intitulé|133|143|146|152', 'Bus Optile/correspondances avec intitulé|TRA|607|609', 'Bus Optile/correspondances avec intitulé|Les Autobus du Fort|703']",['Noctilien/correspondances avec intitulé|N42'],,['Île-de-France Mobilités|IDFM'],,Île-de-France,,48.9283,['Métro de Paris/correspondances avec intitulé|16|17'],,['Métro de Paris/correspondance|16'],['Métro de Paris/correspondance|17'],,,,2.3876,,,['2024'],Le Bourget RER,,['France'],,['Société du Grand Paris|SGP'],,,['La Courneuve - Six Routes (métro de Paris)|La Courneuve - Six Routes'],['La Courneuve - Six Routes (métro de Paris)|La Courneuve - Six Routes'],,,,['Le Blanc-Mesnil (métro de Paris)|Le Blanc-Mesnil'],['Le Bourget - Aéroport (métro de Paris)|Le Bourget - Aéroport'],,,,,,RER,Tramway,Bus,Noctilien,,,,,https://fr.wikipedia.org/w/index.php?title=Le_Bourget_RER_(m%C3%A9tro_de_Paris)&action=raw,['Le Bourget (Seine-Saint-Denis)|Le Bourget'],,
Kremlin-Bicêtre Hôpital (métro de Paris),,,,['Jean-Paul Viguier'],,,GA42 / 42KBH,,,,,,,,,Paris et la petite couronne,Kremlin-Bicêtre hôpital (métro) - travaux 04.jpg,48.8098167,['Métro de Paris/correspondances avec intitulé|14'],,['Métro de Paris/correspondance|14'],,,,,2.34978333,,Travaux de construction de la station.,['2024'],Kremlin-Bicêtre Hôpital,,['France'],,['Société du Grand Paris|SGP'],,,['Maison Blanche (métro de Paris)|Maison Blanche -  Paris XIIIe'],,,,,['Villejuif - Institut Gustave-Roussy (métro de Paris)|Villejuif - Institut Gustave-Roussy'],,,,,,,,,,,,,,,https://fr.wikipedia.org/w/index.php?title=Kremlin-Bic%C3%AAtre_H%C3%B4pital_(m%C3%A9tro_de_Paris)&action=raw,"['Le Kremlin-Bicêtre', 'Gentilly (Val-de-Marne)|Gentilly']",,
Chevilly - Trois Communes (métro de Paris),,,,['Franklin Azzi'],Studio Nonotak,,GA43 / 43C3C,,,,,,,,,Paris et la petite couronne,,48.7752778,['Métro de Paris/correspondances avec intitulé|14'],,,,,,,2.35408333,,,['2024'],Chevilly - Trois Communes,,['France'],,['Société du Grand Paris|SGP'],,,['Villejuif - Institut Gustave-Roussy (métro de Paris)|Villejuif - Institut Gustave-Roussy'],,,,,['Porte de Thiais - Marché International (métro de Paris)|Porte de Thiais - Marché International'],,,,,,,,,,,,,,,https://fr.wikipedia.org/w/index.php?title=Chevilly_-_Trois_Communes_(m%C3%A9tro_de_Paris)&action=raw,"['Chevilly-Larue', 'Villejuif', ""L'Haÿ-les-Roses""]",,
Porte de Thiais - Marché International (métro de Paris),,,,Jérôme Brunet (Brunet Saunier Architecture),Gerda Steiner<br />Jörg Lenzlinger,,GA44 / 44PDT,,"[""Tramway d'Île-de-France/correspondances avec intitulé|7""]",['Bus RATP/correspondances avec intitulé|103|192|319|396|Tvm'],['Noctilien/correspondances avec intitulé|N22|N31|N71'],,,,,Paris et la petite couronne,,48.759666,['Métro de Paris/correspondances avec intitulé|14'],,['Métro de Paris/correspondance|14'],,,,,2.366383,,,['2024'],Porte de Thiais - Marché International,,['France'],,['Société du Grand Paris|SGP'],,,['Chevilly Trois communes (métro de Paris)|Chevilly Trois communes'],,,,,['Pont de Rungis (métro de Paris)|Pont de Rungis'],,,,,,,Tramway,Bus,Noctilien,,,,,,https://fr.wikipedia.org/w/index.php?title=Porte_de_Thiais_-_March%C3%A9_International_(m%C3%A9tro_de_Paris)&action=raw,['Chevilly-Larue'],,
Pont de Rungis (métro de Paris),,,,['Denis Valode'],Lyes Hammadouche,,GA45 / 45PDR,,['RER/correspondances avec intitulé|C'],['Bus RATP/correspondances avec intitulé|183|319|396'],['Noctilien/correspondances avec intitulé|N22|N31'],,,,,Paris et la petite couronne,,48.7473667,['Métro de Paris/correspondances avec intitulé|14'],,['Métro de Paris/correspondance|14'],,,,,2.37293056,,,['2024'],Pont de Rungis,,['France'],,['Société du Grand Paris|SGP'],,,['Porte de Thiais - Marché International (métro de Paris)|Porte de Thiais - Marché International'],,,,,"[""Aéroport d'Orly (métro de Paris)|Aéroport d'Orly""]",,,,,,,RER,Bus,Noctilien,,,,,,https://fr.wikipedia.org/w/index.php?title=Pont_de_Rungis_(m%C3%A9tro_de_Paris)&action=raw,['Thiais'],,
Bry-Villiers-Champigny (métro de Paris),,,,['Thomas Richez'],['Ange Leccia'],,GA09 / 09BVC,,['RER/correspondances avec intitulé|E'],['Transilien/correspondances avec intitulé|P'],,,,"['Société nationale des chemins de fer français|SNCF', 'Île-de-France Mobilités']",,Paris et la petite couronne,,48.82397,['Métro de Paris/correspondances avec intitulé|15'],,['Métro de Paris/correspondance|15'],,,,,2.52621,,,"['Métro de Paris/correspondances avec intitulé|15', 'RER/correspondances avec intitulé|E', 'Transilien/correspondances avec intitulé|P']",Bry-Villiers-Champigny,,['France'],-23 m,['Société du Grand Paris|SGP'],,,['Champigny Centre (métro de Paris)|Champigny Centre'],,,,,['Noisy - Champs (métro de Paris)|Noisy - Champs'],,,,,,,RER,Transilien,,,,,,,https://fr.wikipedia.org/w/index.php?title=Bry-Villiers-Champigny_(m%C3%A9tro_de_Paris)&action=raw,"['Bry-sur-Marne', 'Villiers-sur-Marne', 'Champigny-sur-Marne']",,4.0
Champigny Centre (métro de Paris),,,,['Thomas Richez'],['Michelangelo Pistoletto'],,GA10 / 10CHC,,['Bus RATP/correspondances avec intitulé|108|110'],,,,,['Île-de-France mobilités'],,Paris et la petite couronne,Construction Station Métro Champigny Champigny Marne 14.jpg,48.816114,['Métro de Paris/correspondances avec intitulé|15'],,,['Métro de Paris/correspondance|15'],,,,2.502161,,Chantier de construction de la station.,['2025'],Champigny Centre,,['France'],-21 m,['Société du Grand Paris|SGP'],,,,"['Saint-Maur - Créteil (métro de Paris)|Saint-Maur - Créteil', 'Gare de Nogent - Le Perreux|Nogent - Le Perreux']",,,,,['Bry-Villiers-Champigny (métro de Paris)|Bry-Villiers-Champigny'],,,,,,Bus,,,,,,,,https://fr.wikipedia.org/w/index.php?title=Champigny_Centre_(m%C3%A9tro_de_Paris)&action=raw,['Champigny-sur-Marne'],,
Saint-Maur - Créteil (métro de Paris),,,,['Cyril Trétout'],['Susanna Fritscher'],,GA11 / 11SMC,,['RER/correspondances avec intitulé|A'],['Bus RATP/correspondances nombreuses avec intitulé|107|111|112|306|Tvm'],['Noctilien/correspondances avec intitulé|N35|N71'],,,['Île-de-France mobilités'],,Paris et la petite couronne,,48.8068972,['Métro de Paris/correspondances avec intitulé|15'],,,['Métro de Paris/correspondance|15'],,,,2.47277222,,,['2025'],Saint-Maur - Créteil,,['France'],['Unité|51.6|m'],['Société du Grand Paris|SGP'],,,,"[""Créteil - L'Échat (métro de Paris)|Créteil - L'Échat""]",,,,,['Champigny Centre (métro de Paris)|Champigny Centre'],,,,,,RER,Bus,Noctilien,,,,,,https://fr.wikipedia.org/w/index.php?title=Saint-Maur_-_Cr%C3%A9teil_(m%C3%A9tro_de_Paris)&action=raw,['Saint-Maur-des-Fossés'],,
Le Vert de Maisons (métro de Paris),,,,['Valode et Pistre'],Krijn de Koning,,GA13 / 13VDM,,['RER/correspondances avec intitulé|D'],['Bus RATP/correspondances avec intitulé|181'],['Noctilien/correspondances avec intitulé|N132|N134'],,,,,Paris et la petite couronne,,48.7894306,['Métro de Paris/correspondances avec intitulé|15'],,['Métro de Paris/correspondance|15'],,,,,2.43250833,,,2025 (prévision du promoteur),Le Vert de Maisons,,['France'],-36 m,['Société du Grand Paris|SGP'],,,['Les Ardoines (métro de Paris)|Les Ardoines'],,,,,"[""Créteil - L'Échat (métro de Paris)|Créteil - L'Échat""]",,,,,,,RER,Bus,Noctilien,,,,,,https://fr.wikipedia.org/w/index.php?title=Le_Vert_de_Maisons_(m%C3%A9tro_de_Paris)&action=raw,"['Maisons-Alfort', 'Alfortville']",,
Les Ardoines (métro de Paris),,,,['Valode et Pistre'],['Hicham Berrada'],,GA14 / 14ARD,,['RER/correspondances avec intitulé|C'],['T Zen/correspondances avec intitulé|5'],['Bus RATP/correspondances avec intitulé|182'],['Noctilien/correspondances avec intitulé|N133'],,['Société du Grand Paris|SGP'],,Paris et la petite couronne,Gare des Ardoines 01.jpg,48.7824306,['Métro de Paris/correspondances avec intitulé|10|15'],,['Métro de Paris/correspondance|15'],,,,,2.40850556,,Bâtiment de la gare RER voisine,['2025'],Les Ardoines,,['France'],-28 m,['Société du Grand Paris|SGP'],,,['Vitry Centre (métro de Paris)|Vitry Centre'],,,,,['Le Vert de Maisons (métro de Paris)|Le Vert de Maisons'],,,,,,,RER,BHNS,Bus,Noctilien,,,,,https://fr.wikipedia.org/w/index.php?title=Les_Ardoines_(m%C3%A9tro_de_Paris)&action=raw,['Vitry-sur-Seine'],,3.0
Vitry Centre (métro de Paris),,,,Frédéric Neau (King Kong),Numen / For Use,,GA15 / 15VIC,,"[""Tramway d'Île-de-France/correspondances avec intitulé|9""]",['Bus RATP/correspondances avec intitulé|132|172|180|183'],['Noctilien/correspondances avec intitulé|N31'],,,['Île-de-France mobilités'],,Paris et la petite couronne,Chantier Station Métro Vitry Centre Ligne 15 Vitry Seine 3.jpg,48.7899222,['Métro de Paris/correspondances avec intitulé|15'],,['Métro de Paris/correspondance|15'],,,,,2.38721944,,Le chantier de la station en février 2020.,['2025'],Vitry Centre,,['France'],-19 m,['Société du Grand Paris|SGP'],,,['Villejuif - Louis Aragon (métro de Paris)|Villejuif - Louis Aragon'],,,,,['Les Ardoines (métro de Paris)|Les Ardoines'],,,,,,,Tramway,Bus,Noctilien,,,,,,https://fr.wikipedia.org/w/index.php?title=Vitry_Centre_(m%C3%A9tro_de_Paris)&action=raw,['Vitry-sur-Seine'],,
Arcueil - Cachan (métro de Paris),,,,Jean-Pierre Vaysse (ar.thème associés),['Vincent Mauger'],,GA18 / 18ARC,,['RER/correspondances avec intitulé|B'],['Bus RATP/correspondances avec intitulé|162|187'],,,,,,Paris et la petite couronne,,48.79748,['Métro de Paris/correspondances avec intitulé|15'],,['Métro de Paris/correspondance|15'],,,,,2.32823,,,prévue en 2025,Arcueil - Cachan,,['France'],-25 m,['Société du Grand Paris|SGP'],,,['Bagneux - Lucie Aubrac (métro de Paris)|Bagneux - Lucie Aubrac'],,,,,['Villejuif - Institut Gustave-Roussy (métro de Paris)|Villejuif - Institut Gustave-Roussy'],,,,,,,RER,Bus,,,,,,,https://fr.wikipedia.org/w/index.php?title=Arcueil_-_Cachan_(m%C3%A9tro_de_Paris)&action=raw,['Cachan'],,3.0
Fort d'Issy - Vanves - Clamart (métro de Paris),,,,Philippe Gazeau Architecte,,,GA21 / 21FVC,,['Transilien/correspondances avec intitulé|N'],"['Bus RATP/correspondances avec intitulé|59|169|189|394', 'Bus RATP/correspondance|Clamibus']",['Noctilien/correspondances avec intitulé|N62'],,,,,Paris et la petite couronne,Gare souterraine de Fort d'Issy.jpg,48.814125,['Métro de Paris/correspondances avec intitulé|15'],,['Métro de Paris/correspondance|15'],,,,,2.2734,,La station souterraine vue depuis la passerelle provisoire en 2017.,['2025'],Fort d'Issy - Vanves - Clamart,,['France'],-26 m,['Société du Grand Paris|SGP'],2.0,,['Issy RER (métro de Paris)|Issy RER'],,,,,['Châtillon - Montrouge (métro de Paris)|Châtillon - Montrouge'],,,,,,,Transilien,Bus,Noctilien,,,,,,https://fr.wikipedia.org/w/index.php?title=Fort_d%27Issy_-_Vanves_-_Clamart_(m%C3%A9tro_de_Paris)&action=raw,"['Issy-les-Moulineaux', 'Vanves', 'Clamart', 'Malakoff (Hauts-de-Seine)|Malakoff']",,
Issy RER (métro de Paris),,,,Jérôme Brunet (Brunet Saunier Architecture),Pablo Valbuena,,GA22 / 22ISS,,['RER/correspondances avec intitulé|C'],"[""Tramway d'Île-de-France/correspondances avec intitulé|10""]",['Bus RATP/correspondances avec intitulé|123|190'],,,,,Paris et la petite couronne,Issy BV.JPG,48.821069,['Métro de Paris/correspondances avec intitulé|12|15'],,['Métro de Paris/correspondance|15'],,,,,2.259944,,"[""Ligne C du RER d'Île-de-France|ligne C du RER""]",['2025'],Issy RER,,['France'],['Métro de Paris/correspondance|15'],['Société du Grand Paris|SGP'],,,['Pont de Sèvres (métro de Paris)|Pont de Sèvres'],,,,,"[""Fort d'Issy - Vanves - Clamart (métro de Paris)|Fort d'Issy - Vanves - Clamart""]",,,,,,,RER,Tramway,Bus,,,,,,https://fr.wikipedia.org/w/index.php?title=Issy_RER_(m%C3%A9tro_de_Paris)&action=raw,['Issy-les-Moulineaux'],,
Chelles (métro de Paris),,,,Pierre Schall (Atelier Schall),,,GA07 / 07CHL,,['RER/correspondances avec intitulé|E'],['Transilien/correspondances avec intitulé|P'],"['Bus RATP/correspondances avec intitulé|113|213', 'Bus Optile/correspondances avec intitulé|TRA|613', 'Bus Optile/correspondances avec intitulé|Les Autobus du Fort|701', 'Bus Optile/correspondances avec intitulé|Apolo7|1|2|3|4|6|7|8|8s|9|9s', 'Bus Optile/correspondances avec intitulé|SEME|19']",['Noctilien/correspondances avec intitulé|N23|N141'],,['Île-de-France Mobilités|IDFM'],,Île-de-France,,48.8743167,['Métro de Paris/correspondances avec intitulé|16'],,['Métro de Paris/correspondance|16'],,,,,2.58580833,,,['2028'],Chelles,,['France'],,['Société du Grand Paris|SGP'],,,['Clichy - Montfermeil (métro de Paris)|Clichy - Montfermeil'],,,,,['Noisy - Champs (métro de Paris)|Noisy - Champs'],,,,,,,RER,Transilien,Bus,Noctilien,,,,,https://fr.wikipedia.org/w/index.php?title=Chelles_(m%C3%A9tro_de_Paris)&action=raw,['Chelles'],,
Clichy - Montfermeil (métro de Paris),,,,"['Benedetta Tagliabue', 'http://www.mirallestagliabue.com/project_te.asp?id=197 Clichy-Montfermeil Technical Specifications', ""Lien web |url=https://www.bordaspeiro.eu/gare-de-clichy-montfermeil |titre=Gare de Clichy Montfermeil |sous-titre=Exposition des travaux liés au concours remporté en septembre 2014 pour la maîtrise d'œuvre |date= |site=bordaspeiro.eu |consulté le=10 avril 2017""]",,,GA06 / 06CMF,,"[""tramway d'Île-de-France/correspondances avec intitulé|4""]","['Bus Optile/correspondances avec intitulé|TRA|100|601|613|643', 'Bus RATP/correspondances avec intitulé|146|347']",,,,['Île-de-France Mobilités|IDFM'],,Paris et la petite couronne,Chantier Gare Clichy Montfermeil Ligne 16 Montfermeil 1.jpg,48.904425,['Métro de Paris/correspondances avec intitulé|16'],,['Métro de Paris/correspondance|16'],,,,,2.55656667,,Le chantier de la gare en septembre 2019.,['2025'],Clichy - Montfermeil,,['France'],,['Société du Grand Paris|SGP'],,,['Sevran - Livry (métro de Paris)|Sevran - Livry'],,,,,['Chelles (métro de Paris)|Chelles'],,,,,,,Tramway,Bus,,,,,,,https://fr.wikipedia.org/w/index.php?title=Clichy_-_Montfermeil_(m%C3%A9tro_de_Paris)&action=raw,"['Clichy-sous-Bois', 'Montfermeil']",,
Sevran - Livry (métro de Paris),,,,['Jean-Marie Duthilleul'],,,GA05 / 05SEL,,['RER/correspondances avec intitulé|B'],"['Bus RATP/correspondances avec intitulé|147', 'Bus Optile/correspondances avec intitulé|TRA|605|607|618|623', 'Bus Optile/correspondances avec intitulé|CIF|43']",['Noctilien/correspondances avec intitulé|N41|N140'],,,['Île-de-France Mobilités|IDFM'],,Paris et la petite couronne,Chantier Station Métro Sevran Livry Sevran 9.jpg,48.93583611,['Métro de Paris/correspondances avec intitulé|16'],,['Métro de Paris/correspondance|16'],,,,,2.53474722,,Le chantier de la station en décembre 2019.,['2024'],Sevran - Livry,,['France'],,['Société du Grand Paris|SGP'],,,['Sevran - Beaudottes (métro de Paris)|Sevran - Beaudottes'],,,,,['Clichy - Montfermeil (métro de Paris)|Clichy - Montfermeil'],,,,,,,RER,Bus,['Noctilien'],,,,,,https://fr.wikipedia.org/w/index.php?title=Sevran_-_Livry_(m%C3%A9tro_de_Paris)&action=raw,['Sevran'],,
Sevran - Beaudottes (métro de Paris),,,,['Jean-Marie Duthilleul'],['Leandro Erlich'],,GA04 / 04SEB,,['RER/correspondances avec intitulé|B'],"['Bus RATP/correspondances avec intitulé|147', 'Bus Optile/correspondances avec intitulé|TRA|605|607|618|623', 'Bus Optile/correspondances avec intitulé|CIF|43']",,,,['Île-de-France Mobilités|IDFM'],,Paris et la petite couronne,Chantier Station Métro Sevran Beaudottes Sevran 4.jpg,48.9470361,['Métro de Paris/correspondances avec intitulé|16'],,['Métro de Paris/correspondance|16'],,,,,2.52534444,,Le chantier de la station en décembre 2019.,['2024'],Sevran - Beaudottes,,['France'],,['Société du Grand Paris|SGP'],,,['Aulnay (métro de Paris)|Aulnay'],,,,,['Sevran - Livry (métro de Paris)|Sevran - Livry'],,,,,,,RER,Bus,,,,,,,https://fr.wikipedia.org/w/index.php?title=Sevran_-_Beaudottes_(m%C3%A9tro_de_Paris)&action=raw,['Sevran'],,
Aulnay (métro de Paris),,,,Aldric Beckmann<br/><small>(Agence Beckmann N’Thépé)</small>,Berger & Berger,,GA03 / 03ALN,,,,,,,['Île-de-France Mobilités|IDFM'],,Paris et la petite couronne,,48.9518167,['Métro de Paris/correspondances avec intitulé|16'],,['Métro de Paris/correspondance|16'],,,,,2.48821944,,,['2024'],Aulnay,,['France'],,['Société du Grand Paris|SGP'],,,['Le Blanc-Mesnil (métro de Paris)|Le Blanc-Mesnil'],,,,,['Sevran - Beaudottes (métro de Paris)|Sevran - Beaudottes'],,,,,,,,,,,,,,,https://fr.wikipedia.org/w/index.php?title=Aulnay_(m%C3%A9tro_de_Paris)&action=raw,['Aulnay-sous-Bois'],,
Le Blanc-Mesnil (métro de Paris),,,,Jérôme Berranger<br/>Stéphanie Vincent<br/>(Berranger et Vincent Architectes),Noémie Goudal,,GA02 / 02LBM,,,,,,,['Île-de-France Mobilités|IDFM'],,Paris et la petite couronne,,48.94552,['Métro de Paris/correspondances avec intitulé|16'],,['Métro de Paris/correspondance|16'],,,,,2.462688,,,['2024'],Le Blanc-Mesnil,,['France'],,['Société du Grand Paris|SGP'],,,['Le Bourget RER (métro de Paris)|Le Bourget RER'],,,,,['Aulnay (métro de Paris)|Aulnay'],,,,,,,,,,,,,,,https://fr.wikipedia.org/w/index.php?title=Le_Blanc-Mesnil_(m%C3%A9tro_de_Paris)&action=raw,['Le Blanc-Mesnil'],,
